Step,Timestamp,Renewable_Availability,Battery_SOC,CPU_Load,Task_Size,Task_Complexity,RSSI,Network_Latency,Server_CPU_Load,Local_Execution_Cost,Offload_Execution_Cost,Decision
1,"Day 1, 00:01",0.56,44.9,45.32,9.56,8,-67.2,10.0,45.16,0.6704,0.4828,OFFLOAD
2,"Day 1, 00:02",0.9,44.8,48.55,7.37,6,-69.5,10.0,50.81,0.6114,0.4847,OFFLOAD
3,"Day 1, 00:03",0.93,44.69,53.7,6.5,9,-70.1,10.0,49.35,0.7345,0.4473,OFFLOAD
4,"Day 1, 00:04",0.68,44.6,45.06,8.07,3,-67.8,10.0,51.25,0.4948,0.5071,LOCAL
5,"Day 1, 00:05",0.68,44.47,33.07,1.12,9,-69.5,10.5,52.91,0.663,0.3538,OFFLOAD
6,"Day 1, 00:06",0.66,44.39,29.3,2.1,8,-68.2,10.0,50.59,0.615,0.3505,LOCAL
7,"Day 1, 00:07",0.78,44.28,34.64,5.92,6,-68.4,10.9,54.77,0.5636,0.4976,OFFLOAD
8,"Day 1, 00:08",1.09,44.2,35.54,3.94,7,-67.7,11.4,58.7,0.6015,0.5032,OFFLOAD
9,"Day 1, 00:09",0.91,44.13,22.16,3.48,1,-68.4,10.0,52.54,0.345,0.407,LOCAL
10,"Day 1, 00:10",0.3,44.05,24.96,7.4,3,-70.0,10.0,55.79,0.4259,0.5452,LOCAL
11,"Day 1, 00:11",0.93,43.93,31.68,3.98,7,-68.8,10.0,58.79,0.5886,0.5013,OFFLOAD
12,"Day 1, 00:12",0.71,43.86,27.7,2.08,3,-68.5,10.0,57.7,0.4351,0.4382,LOCAL
13,"Day 1, 00:13",0.64,43.79,18.46,1.23,3,-68.1,10.2,60.62,0.403,0.4612,LOCAL
14,"Day 1, 00:14",0.37,43.7,25.02,4.69,4,-65.9,10.0,60.27,0.4615,0.5415,LOCAL
15,"Day 1, 00:15",0.44,43.61,24.08,1.95,4,-63.8,10.0,56.91,0.4582,0.424,LOCAL
16,"Day 1, 00:16",0.17,43.49,23.32,3.05,9,-65.3,10.0,52.07,0.6311,0.3909,OFFLOAD
17,"Day 1, 00:17",0.51,43.41,35.78,9.49,6,-67.5,10.9,49.3,0.5694,0.524,LOCAL
18,"Day 1, 00:18",0.37,43.31,33.51,7.27,3,-69.5,13.8,47.19,0.4568,0.4556,LOCAL
19,"Day 1, 00:19",1.36,43.23,29.77,3.16,2,-68.5,10.0,43.42,0.4073,0.3073,OFFLOAD
20,"Day 1, 00:20",0.55,43.15,31.5,3.18,6,-68.0,11.0,40.31,0.5547,0.2849,OFFLOAD
21,"Day 1, 00:21",1.25,43.07,30.6,3.89,6,-69.1,10.3,43.88,0.5506,0.3304,OFFLOAD
22,"Day 1, 00:22",1.21,42.99,31.32,4.14,7,-66.5,10.9,41.17,0.5883,0.3155,OFFLOAD
23,"Day 1, 00:23",0.51,42.92,25.59,2.02,7,-68.0,10.0,47.32,0.5694,0.3147,OFFLOAD
24,"Day 1, 00:24",0.77,42.87,17.01,3.35,1,-68.4,10.8,49.98,0.3291,0.3773,LOCAL
25,"Day 1, 00:25",1.35,42.73,43.45,8.98,8,-67.7,10.6,48.7,0.666,0.5043,OFFLOAD
26,"Day 1, 00:26",1.41,42.64,40.81,9.76,2,-66.7,10.0,46.14,0.4468,0.4969,LOCAL
27,"Day 1, 00:27",1.07,42.53,36.65,3.14,5,-65.4,10.0,44.8,0.5379,0.319,OFFLOAD
28,"Day 1, 00:28",0.81,42.44,40.34,5.58,6,-64.7,10.0,48.53,0.5863,0.4158,OFFLOAD
29,"Day 1, 00:29",0.75,42.37,27.95,6.19,1,-67.1,10.0,50.2,0.3682,0.4487,LOCAL
30,"Day 1, 00:30",0.27,42.25,40.1,9.46,5,-66.5,10.0,54.98,0.5516,0.5862,LOCAL
31,"Day 1, 00:31",0.11,42.14,33.13,3.75,7,-66.9,10.0,57.67,0.5976,0.4795,OFFLOAD
32,"Day 1, 00:32",1.4,42.07,26.49,1.63,2,-65.5,10.0,58.49,0.3975,0.4382,LOCAL
33,"Day 1, 00:33",1.05,41.93,36.67,4.24,10,-63.4,10.0,57.33,0.7139,0.487,OFFLOAD
34,"Day 1, 00:34",0.75,41.86,27.36,8.18,1,-61.6,10.0,51.51,0.3668,0.5127,LOCAL
35,"Day 1, 00:35",0.87,41.75,31.8,4.95,6,-63.2,10.0,46.67,0.5574,0.3817,OFFLOAD
36,"Day 1, 00:36",0.45,41.67,32.51,5.83,5,-62.8,10.0,43.02,0.5256,0.3706,OFFLOAD
37,"Day 1, 00:37",0.08,41.6,25.59,5.78,3,-61.5,10.0,41.78,0.4321,0.3588,OFFLOAD
38,"Day 1, 00:38",0.66,41.53,21.7,1.71,5,-60.9,10.0,38.59,0.4877,0.2319,OFFLOAD
39,"Day 1, 00:39",1.37,41.46,25.65,4.98,6,-59.1,10.0,42.68,0.5355,0.3464,OFFLOAD
40,"Day 1, 00:40",0.83,41.38,34.45,6.51,7,-61.6,10.0,42.2,0.6023,0.3806,OFFLOAD
41,"Day 1, 00:41",0.14,41.31,25.73,1.85,4,-62.1,10.0,44.87,0.4679,0.2874,OFFLOAD
42,"Day 1, 00:42",0.07,41.22,36.79,9.54,4,-62.4,10.0,49.2,0.5068,0.5217,LOCAL
43,"Day 1, 00:43",0.99,41.1,35.52,2.47,8,-61.7,10.0,50.06,0.6412,0.354,OFFLOAD
44,"Day 1, 00:44",0.19,41.01,42.12,8.3,5,-63.5,10.0,47.79,0.5606,0.4763,OFFLOAD
45,"Day 1, 00:45",0.32,40.92,36.21,4.4,3,-64.2,10.0,49.93,0.4699,0.401,OFFLOAD
46,"Day 1, 00:46",0.51,40.83,36.21,3.35,7,-62.4,10.0,52.3,0.6097,0.4009,OFFLOAD
47,"Day 1, 00:47",1.21,40.74,42.83,3.54,10,-61.5,10.0,48.23,0.737,0.3618,OFFLOAD
48,"Day 1, 00:48",0.38,40.64,45.88,6.22,7,-60.6,10.0,51.04,0.644,0.4585,OFFLOAD
49,"Day 1, 00:49",0.15,40.54,46.68,9.12,4,-61.6,10.0,45.99,0.5423,0.4795,OFFLOAD
50,"Day 1, 00:50",1.36,40.46,35.9,1.82,7,-62.0,10.6,42.43,0.6079,0.267,OFFLOAD
51,"Day 1, 00:51",0.14,40.37,36.56,6.42,4,-60.8,10.0,39.47,0.5072,0.3564,OFFLOAD
52,"Day 1, 00:52",0.74,40.3,30.6,1.52,10,-63.2,10.0,37.48,0.6955,0.2189,OFFLOAD
53,"Day 1, 00:53",1.14,40.21,36.43,6.56,6,-61.7,10.0,41.42,0.5755,0.3754,OFFLOAD
54,"Day 1, 00:54",0.12,40.14,27.75,1.76,3,-61.6,10.0,41.21,0.4417,0.2537,OFFLOAD
55,"Day 1, 00:55",1.06,40.06,31.08,5.34,6,-62.3,10.0,40.07,0.5571,0.334,OFFLOAD
56,"Day 1, 00:56",0.61,39.98,32.32,6.14,4,-61.3,10.0,42.39,0.4922,0.3729,OFFLOAD
57,"Day 1, 00:57",1.44,39.92,19.21,4.37,1,-60.2,10.0,48.31,0.3402,0.3833,LOCAL
58,"Day 1, 00:58",0.83,39.82,23.75,3.9,6,-59.7,10.0,44.32,0.5321,0.3337,OFFLOAD
59,"Day 1, 00:59",0.25,39.76,20.38,2.95,1,-62.5,10.0,42.98,0.3463,0.2982,LOCAL
60,"Day 1, 01:00",1.43,39.63,42.58,9.01,8,-62.9,10.0,42.57,0.6674,0.4462,OFFLOAD
61,"Day 1, 01:01",0.88,39.55,33.88,1.7,9,-64.2,10.0,42.79,0.6729,0.2654,OFFLOAD
62,"Day 1, 01:02",0.9,39.48,25.01,3.44,3,-62.1,10.3,47.54,0.432,0.3533,OFFLOAD
63,"Day 1, 01:03",0.07,39.42,19.39,1.24,1,-63.0,10.0,50.4,0.3436,0.327,LOCAL
64,"Day 1, 01:04",0.59,39.36,13.31,8.46,1,-64.4,10.0,45.9,0.3217,0.4622,LOCAL
65,"Day 1, 01:05",1.3,39.26,30.86,8.32,5,-62.2,10.0,50.02,0.5222,0.4998,LOCAL
66,"Day 1, 01:06",0.37,39.19,21.0,5.05,1,-61.6,10.0,51.19,0.3492,0.4309,LOCAL
67,"Day 1, 01:07",0.54,39.06,26.43,2.02,10,-62.9,10.0,54.18,0.6831,0.3902,OFFLOAD
68,"Day 1, 01:08",1.45,39.0,20.32,1.8,9,-61.7,10.0,54.95,0.6254,0.3943,OFFLOAD
69,"Day 1, 01:09",1.21,38.94,19.23,9.13,2,-62.4,10.0,58.25,0.3771,0.6221,LOCAL
70,"Day 1, 01:10",0.52,38.82,33.2,5.63,8,-61.6,10.0,59.97,0.6372,0.5603,OFFLOAD
71,"Day 1, 01:11",0.69,38.75,27.32,8.58,1,-62.0,10.0,56.76,0.3715,0.5877,LOCAL
72,"Day 1, 01:12",0.95,38.66,28.07,3.16,3,-62.8,10.0,57.73,0.4438,0.4655,LOCAL
73,"Day 1, 01:13",0.27,38.51,50.32,7.27,9,-64.7,10.0,53.49,0.733,0.5131,OFFLOAD
74,"Day 1, 01:14",0.06,38.42,40.61,2.52,10,-65.4,10.0,53.0,0.7344,0.3885,LOCAL
75,"Day 1, 01:15",1.04,38.29,32.67,1.35,9,-67.1,11.8,51.32,0.6703,0.3451,OFFLOAD
76,"Day 1, 01:16",0.0,38.19,49.93,8.81,8,-67.5,10.0,50.97,0.6975,0.5225,OFFLOAD
77,"Day 1, 01:17",0.93,38.09,47.78,4.32,8,-65.5,10.0,53.32,0.6887,0.4373,OFFLOAD
78,"Day 1, 01:18",0.05,37.98,51.37,8.8,6,-66.1,10.0,48.02,0.6328,0.4912,OFFLOAD
79,"Day 1, 01:19",0.48,37.88,44.22,2.9,10,-66.1,10.0,46.87,0.7472,0.3324,OFFLOAD
80,"Day 1, 01:20",0.97,37.79,41.29,5.32,4,-66.3,10.0,43.62,0.5264,0.363,OFFLOAD
81,"Day 1, 01:21",0.43,37.69,45.03,4.27,10,-67.1,10.0,48.91,0.7504,0.387,OFFLOAD
82,"Day 1, 01:22",0.01,37.6,36.73,3.03,6,-67.9,10.0,45.81,0.5821,0.3255,OFFLOAD
83,"Day 1, 01:23",1.35,37.53,27.65,1.72,3,-65.5,10.0,41.49,0.4434,0.255,OFFLOAD
84,"Day 1, 01:24",1.46,37.46,33.0,5.42,6,-65.1,10.0,40.57,0.5671,0.34,OFFLOAD
85,"Day 1, 01:25",1.15,37.38,30.71,2.68,6,-65.0,10.0,44.05,0.5597,0.3008,OFFLOAD
86,"Day 1, 01:26",1.15,37.32,21.03,1.79,4,-65.2,10.0,45.43,0.4559,0.291,OFFLOAD
87,"Day 1, 01:27",0.82,37.25,26.51,2.82,8,-63.9,10.0,47.07,0.6157,0.3323,OFFLOAD
88,"Day 1, 01:28",0.71,37.18,19.87,4.71,1,-61.8,10.0,52.42,0.3477,0.4364,LOCAL
89,"Day 1, 01:29",0.31,37.12,19.22,4.41,1,-63.9,10.0,55.01,0.3461,0.4604,LOCAL
90,"Day 1, 01:30",0.3,37.03,20.98,2.47,5,-62.0,10.0,52.42,0.4924,0.3804,OFFLOAD
91,"Day 1, 01:31",0.88,36.94,37.32,7.15,8,-63.3,10.0,54.53,0.6539,0.5229,OFFLOAD
92,"Day 1, 01:32",0.75,36.87,25.33,3.09,1,-64.8,10.0,54.28,0.3672,0.4182,LOCAL
93,"Day 1, 01:33",0.65,36.79,23.88,4.0,3,-64.2,10.0,53.97,0.4324,0.4372,LOCAL
94,"Day 1, 01:34",1.34,36.67,38.91,8.1,6,-66.1,10.0,50.42,0.5892,0.4987,OFFLOAD
95,"Day 1, 01:35",1.07,36.57,50.92,5.45,10,-67.7,10.0,47.65,0.7718,0.4038,OFFLOAD
96,"Day 1, 01:36",1.08,36.48,39.46,7.48,3,-68.2,10.0,44.82,0.4868,0.4277,OFFLOAD
97,"Day 1, 01:37",1.36,36.38,48.5,6.25,8,-65.9,10.0,41.99,0.6932,0.3723,OFFLOAD
98,"Day 1, 01:38",0.15,36.28,43.08,3.3,8,-64.8,10.0,47.42,0.6761,0.3477,OFFLOAD
99,"Day 1, 01:39",1.06,36.2,37.87,2.37,10,-66.5,10.0,44.67,0.7267,0.2985,LOCAL
100,"Day 1, 01:40",1.26,36.09,32.11,3.99,6,-68.6,11.5,43.82,0.5664,0.3358,OFFLOAD
101,"Day 1, 01:41",1.2,36.02,28.32,1.04,9,-66.1,10.0,44.4,0.6583,0.2629,LOCAL
102,"Day 1, 01:42",0.72,35.93,28.92,9.27,3,-68.3,10.0,43.36,0.4513,0.4595,LOCAL
103,"Day 1, 01:43",1.17,35.8,32.52,3.5,10,-65.7,10.0,40.84,0.7084,0.2942,LOCAL
104,"Day 1, 01:44",0.62,35.68,27.02,1.77,8,-64.4,10.0,39.31,0.6201,0.2389,OFFLOAD
105,"Day 1, 01:45",1.35,35.62,25.69,2.85,1,-66.6,10.0,43.67,0.3695,0.3017,OFFLOAD
106,"Day 1, 01:46",0.68,35.56,18.55,5.72,1,-68.0,10.0,48.24,0.3456,0.4164,LOCAL
107,"Day 1, 01:47",1.42,35.42,34.6,4.36,10,-65.3,10.0,51.9,0.7158,0.4217,OFFLOAD
108,"Day 1, 01:48",1.3,35.33,42.21,4.67,9,-67.7,10.0,47.66,0.7078,0.3843,OFFLOAD
109,"Day 1, 01:49",1.2,35.26,31.3,2.61,1,-65.0,10.0,49.04,0.3899,0.3468,LOCAL
110,"Day 1, 01:50",1.21,35.15,36.12,9.66,4,-63.0,10.0,44.31,0.5119,0.4776,LOCAL
111,"Day 1, 01:51",0.13,35.06,28.98,2.87,3,-62.2,10.0,49.27,0.4536,0.3557,OFFLOAD
112,"Day 1, 01:52",0.94,34.99,26.17,4.02,2,-63.2,10.0,52.99,0.4077,0.4259,LOCAL
113,"Day 1, 01:53",0.33,34.84,50.74,9.77,8,-63.5,10.0,49.37,0.7048,0.5292,OFFLOAD
114,"Day 1, 01:54",0.73,34.74,51.14,5.61,9,-65.4,10.0,52.81,0.7408,0.4634,OFFLOAD
115,"Day 1, 01:55",1.48,34.65,38.86,5.73,2,-66.5,10.0,52.93,0.4518,0.4679,LOCAL
116,"Day 1, 01:56",0.98,34.52,49.38,8.47,7,-67.5,10.0,54.81,0.6646,0.5594,OFFLOAD
117,"Day 1, 01:57",0.38,34.42,45.91,6.7,5,-67.9,10.0,54.28,0.5835,0.5085,OFFLOAD
118,"Day 1, 01:58",0.07,34.34,28.88,2.5,1,-68.1,10.0,51.52,0.3845,0.3709,LOCAL
119,"Day 1, 01:59",0.53,34.21,41.19,7.47,7,-65.6,10.0,47.65,0.637,0.4542,OFFLOAD
120,"Day 1, 02:00",0.73,34.13,33.87,3.43,4,-63.2,10.0,44.55,0.5063,0.3239,OFFLOAD
121,"Day 1, 02:01",0.93,34.04,42.43,5.27,9,-62.5,10.3,44.71,0.711,0.3724,LOCAL
122,"Day 1, 02:02",0.37,33.91,44.78,8.37,5,-61.2,10.0,50.13,0.5803,0.5023,OFFLOAD
123,"Day 1, 02:03",1.19,33.83,35.09,7.22,1,-60.4,10.0,53.17,0.4053,0.508,LOCAL
124,"Day 1, 02:04",0.99,33.71,42.14,7.23,6,-59.9,10.0,48.21,0.6054,0.4539,OFFLOAD
125,"Day 1, 02:05",1.0,33.63,29.9,1.4,7,-61.3,11.6,44.69,0.5977,0.2791,OFFLOAD
126,"Day 1, 02:06",1.1,33.56,29.8,2.73,8,-59.9,10.0,48.93,0.6323,0.3487,OFFLOAD
127,"Day 1, 02:07",0.48,33.49,26.27,8.46,1,-60.5,10.0,52.94,0.376,0.5362,LOCAL
128,"Day 1, 02:08",0.8,33.37,33.7,4.97,7,-59.5,10.0,50.69,0.6117,0.4233,OFFLOAD
129,"Day 1, 02:09",0.94,33.26,57.11,8.97,10,-57.6,10.0,45.59,0.7986,0.4719,OFFLOAD
130,"Day 1, 02:10",0.28,33.16,48.01,4.46,3,-59.5,10.0,45.23,0.5229,0.3559,OFFLOAD
131,"Day 1, 02:11",0.14,33.07,37.62,4.03,4,-60.8,10.0,43.82,0.5219,0.3325,OFFLOAD
132,"Day 1, 02:12",0.44,32.98,36.44,3.1,9,-63.1,10.0,49.31,0.6924,0.3619,OFFLOAD
133,"Day 1, 02:13",1.2,32.9,33.54,3.33,6,-61.2,10.0,54.31,0.5763,0.4245,OFFLOAD
134,"Day 1, 02:14",1.12,32.83,30.72,1.58,8,-61.5,10.0,50.97,0.6366,0.3417,OFFLOAD
135,"Day 1, 02:15",0.26,32.76,23.76,2.98,1,-61.2,10.0,47.98,0.3686,0.3453,LOCAL
136,"Day 1, 02:16",0.78,32.69,22.85,6.38,1,-60.6,10.0,44.83,0.3648,0.4002,LOCAL
137,"Day 1, 02:17",1.22,32.58,26.31,3.02,8,-61.6,10.0,43.33,0.6214,0.303,OFFLOAD
138,"Day 1, 02:18",0.72,32.51,21.19,1.4,2,-61.7,10.0,40.2,0.3943,0.2366,OFFLOAD
139,"Day 1, 02:19",0.61,32.44,29.93,4.35,8,-59.7,10.0,37.77,0.6352,0.2917,OFFLOAD
140,"Day 1, 02:20",1.34,32.36,34.15,9.92,2,-58.6,10.0,38.08,0.439,0.4333,LOCAL
141,"Day 1, 02:21",1.02,32.28,27.3,6.09,1,-57.5,10.0,43.54,0.3806,0.3815,LOCAL
142,"Day 1, 02:22",1.06,32.13,50.93,8.53,9,-59.8,10.0,48.33,0.7435,0.4875,OFFLOAD
143,"Day 1, 02:23",1.44,32.03,47.2,5.19,7,-58.3,10.0,43.59,0.66,0.3595,LOCAL
144,"Day 1, 02:24",0.83,31.89,52.89,7.81,7,-58.7,10.0,40.71,0.681,0.4009,OFFLOAD
145,"Day 1, 02:25",0.57,31.8,38.61,1.08,3,-59.8,10.0,38.9,0.4916,0.2185,OFFLOAD
146,"Day 1, 02:26",1.13,31.71,38.95,8.1,4,-59.3,10.0,36.24,0.5271,0.3744,OFFLOAD
147,"Day 1, 02:27",0.87,31.62,41.84,4.11,10,-59.1,10.0,39.24,0.7477,0.2969,LOCAL
148,"Day 1, 02:28",0.58,31.54,32.07,1.59,1,-58.8,10.0,40.32,0.3991,0.2423,OFFLOAD
149,"Day 1, 02:29",0.41,31.46,26.61,9.97,1,-57.8,10.0,39.75,0.3803,0.4473,LOCAL
150,"Day 1, 02:30",1.26,31.37,31.46,7.96,4,-56.3,10.0,40.49,0.5012,0.4029,OFFLOAD
151,"Day 1, 02:31",0.96,31.28,36.33,4.58,9,-56.0,10.0,44.37,0.6938,0.3511,OFFLOAD
152,"Day 1, 02:32",0.3,31.17,53.02,8.81,8,-54.6,10.0,42.07,0.7184,0.437,OFFLOAD
153,"Day 1, 02:33",1.3,31.09,39.52,7.99,2,-58.0,10.0,47.47,0.4597,0.4655,LOCAL
154,"Day 1, 02:34",0.92,30.92,59.6,8.17,9,-59.9,10.0,48.43,0.7758,0.4796,LOCAL
155,"Day 1, 02:35",0.34,30.79,46.52,2.45,6,-61.4,10.0,48.22,0.6261,0.3344,OFFLOAD
156,"Day 1, 02:36",0.02,30.72,29.26,1.65,2,-60.8,10.0,52.09,0.4263,0.3561,OFFLOAD
157,"Day 1, 02:37",1.17,30.65,23.38,1.36,6,-61.3,10.0,48.88,0.5441,0.3139,OFFLOAD
158,"Day 1, 02:38",0.52,30.58,21.86,7.98,2,-62.4,10.0,44.38,0.3998,0.4362,LOCAL
159,"Day 1, 02:39",0.12,30.51,21.23,4.57,2,-61.1,10.0,40.63,0.3984,0.3193,OFFLOAD
160,"Day 1, 02:40",1.01,30.43,30.82,9.56,3,-60.9,10.0,40.03,0.4657,0.4392,LOCAL
161,"Day 1, 02:41",1.4,30.33,37.17,9.53,4,-59.7,10.0,41.05,0.5225,0.4466,OFFLOAD
162,"Day 1, 02:42",0.97,30.23,49.76,5.74,10,-59.5,10.0,42.18,0.7774,0.3612,OFFLOAD
163,"Day 1, 02:43",0.92,30.14,39.02,3.96,4,-62.3,10.0,39.97,0.53,0.2988,OFFLOAD
164,"Day 1, 02:44",0.03,30.04,40.45,6.88,5,-64.1,10.0,43.28,0.5715,0.399,OFFLOAD
165,"Day 1, 02:45",0.11,29.97,30.24,1.28,1,-63.5,10.0,46.64,0.3957,0.2896,LOCAL
166,"Day 1, 02:46",1.15,29.89,22.65,5.54,2,-62.6,10.8,47.01,0.4027,0.4021,LOCAL
167,"Day 1, 02:47",1.31,29.78,36.1,9.11,6,-63.0,10.0,50.82,0.5897,0.5283,LOCAL
168,"Day 1, 02:48",0.35,29.67,36.53,7.98,4,-60.8,10.0,47.51,0.5228,0.4656,LOCAL
169,"Day 1, 02:49",1.28,29.55,39.69,5.43,6,-61.9,10.0,48.81,0.6027,0.4149,LOCAL
170,"Day 1, 02:50",0.25,29.41,46.72,4.52,9,-62.8,10.0,46.36,0.734,0.368,LOCAL
171,"Day 1, 02:51",0.35,29.27,48.52,8.95,6,-61.3,10.0,46.21,0.6354,0.4773,LOCAL
172,"Day 1, 02:52",0.37,29.19,32.34,6.55,1,-61.2,10.0,45.35,0.4039,0.4093,LOCAL
173,"Day 1, 02:53",0.8,29.04,50.39,8.04,8,-63.0,10.0,42.17,0.7116,0.4186,LOCAL
174,"Day 1, 02:54",0.4,28.93,37.92,1.51,5,-64.2,10.0,43.41,0.5637,0.2659,LOCAL
175,"Day 1, 02:55",0.06,28.83,27.54,2.34,5,-64.1,10.0,42.83,0.5281,0.2817,LOCAL
176,"Day 1, 02:56",0.8,28.74,24.36,2.13,4,-61.9,10.0,39.84,0.481,0.252,LOCAL
177,"Day 1, 02:57",1.01,28.64,29.41,4.99,5,-59.8,10.0,40.11,0.5334,0.3256,LOCAL
178,"Day 1, 02:58",0.03,28.51,32.75,3.2,10,-58.2,10.0,43.49,0.7218,0.3088,LOCAL
179,"Day 1, 02:59",1.01,28.41,25.03,2.94,5,-60.5,10.0,45.51,0.5184,0.3205,LOCAL
180,"Day 1, 03:00",0.48,28.26,50.58,8.8,9,-59.8,10.0,49.97,0.7489,0.5114,LOCAL
181,"Day 1, 03:01",0.61,28.13,44.58,3.94,6,-60.9,10.0,47.95,0.6229,0.3689,LOCAL
182,"Day 1, 03:02",0.97,28.05,34.72,3.96,1,-61.9,10.0,47.74,0.413,0.3674,LOCAL
183,"Day 1, 03:03",0.36,27.93,37.78,4.36,6,-61.6,10.0,47.71,0.5998,0.3771,LOCAL
184,"Day 1, 03:04",0.57,27.84,30.11,8.77,2,-61.6,10.0,48.39,0.4328,0.4942,LOCAL
185,"Day 1, 03:05",0.91,27.72,40.53,7.88,6,-60.3,10.1,47.94,0.6089,0.4675,LOCAL
186,"Day 1, 03:06",1.35,27.6,30.99,1.64,9,-60.9,10.0,45.2,0.68,0.2851,LOCAL
187,"Day 1, 03:07",0.25,27.49,36.86,6.56,5,-61.1,10.0,44.03,0.5624,0.3976,LOCAL
188,"Day 1, 03:08",0.92,27.41,28.48,7.45,1,-63.4,10.0,48.52,0.3922,0.4625,LOCAL
189,"Day 1, 03:09",1.2,27.3,27.15,2.66,8,-61.9,10.0,47.48,0.6323,0.3323,LOCAL
190,"Day 1, 03:10",0.79,27.18,30.21,2.01,7,-60.8,10.0,49.32,0.6088,0.3347,LOCAL
191,"Day 1, 03:11",0.26,27.05,35.84,4.25,10,-59.8,10.0,47.17,0.7345,0.369,LOCAL
192,"Day 1, 03:12",1.23,26.9,42.81,4.81,10,-60.7,10.0,44.13,0.7576,0.3547,LOCAL
193,"Day 1, 03:13",0.35,26.82,34.86,8.82,1,-60.9,10.0,42.33,0.4163,0.4394,LOCAL
194,"Day 1, 03:14",0.59,26.67,47.81,6.35,9,-61.8,10.0,42.76,0.7414,0.3813,LOCAL
195,"Day 1, 03:15",1.08,26.53,52.91,7.23,7,-62.9,10.0,47.9,0.6888,0.4507,LOCAL
196,"Day 1, 03:16",1.16,26.41,40.54,3.38,5,-64.5,10.0,46.77,0.5755,0.3433,LOCAL
197,"Day 1, 03:17",0.1,26.32,32.45,5.67,2,-65.7,10.0,48.18,0.444,0.4145,LOCAL
198,"Day 1, 03:18",1.02,26.18,36.38,3.08,10,-64.5,11.1,48.1,0.7365,0.3522,LOCAL
199,"Day 1, 03:19",0.09,26.08,37.35,6.06,4,-66.2,10.0,47.48,0.5315,0.4173,LOCAL
200,"Day 1, 03:20",0.63,26.0,28.93,8.4,1,-66.6,10.0,44.06,0.3963,0.4439,LOCAL
201,"Day 1, 03:21",1.46,25.91,24.87,1.18,4,-66.4,10.0,46.19,0.486,0.2828,LOCAL
202,"Day 1, 03:22",0.13,25.84,18.77,7.8,1,-68.4,10.0,42.93,0.3617,0.4191,LOCAL
203,"Day 1, 03:23",0.34,25.72,29.32,4.08,9,-69.0,10.0,42.96,0.6785,0.3264,LOCAL
204,"Day 1, 03:24",0.67,25.59,39.47,6.41,7,-68.3,11.3,42.93,0.6438,0.3879,LOCAL
205,"Day 1, 03:25",0.75,25.47,39.69,4.57,6,-66.1,10.0,47.05,0.6096,0.3758,LOCAL
206,"Day 1, 03:26",1.19,25.34,41.9,3.74,9,-65.6,10.0,47.29,0.7219,0.3574,LOCAL
207,"Day 1, 03:27",0.47,25.25,29.62,6.46,1,-65.6,10.0,46.68,0.4001,0.4195,LOCAL
208,"Day 1, 03:28",0.22,25.13,31.6,4.31,8,-67.6,10.0,49.94,0.6526,0.3988,LOCAL
209,"Day 1, 03:29",0.18,25.03,32.89,6.35,4,-68.8,10.0,51.15,0.5173,0.4629,LOCAL
210,"Day 1, 03:30",0.98,24.95,24.65,2.37,3,-68.5,10.0,53.52,0.4524,0.3909,LOCAL
211,"Day 1, 03:31",0.93,24.84,27.07,3.68,7,-67.2,10.0,48.61,0.6011,0.3692,LOCAL
212,"Day 1, 03:32",0.76,24.77,22.24,9.97,1,-66.2,10.0,52.3,0.3745,0.5665,LOCAL
213,"Day 1, 03:33",1.09,24.68,28.72,8.13,3,-64.9,10.0,54.65,0.4669,0.5488,LOCAL
214,"Day 1, 03:34",0.02,24.58,31.66,4.75,5,-66.7,10.0,54.31,0.5489,0.46,LOCAL
215,"Day 1, 03:35",0.32,24.5,22.84,1.11,2,-67.7,10.0,55.12,0.4127,0.3793,LOCAL
216,"Day 1, 03:36",0.75,24.41,22.8,3.39,5,-66.3,10.0,54.11,0.5171,0.4236,LOCAL
217,"Day 1, 03:37",0.56,24.3,28.38,4.55,6,-63.9,10.0,56.58,0.572,0.4845,LOCAL
218,"Day 1, 03:38",0.11,24.22,22.86,3.51,2,-63.3,10.0,57.19,0.4135,0.4668,LOCAL
219,"Day 1, 03:39",1.34,24.16,17.23,6.73,1,-62.3,10.0,56.23,0.357,0.5343,LOCAL
220,"Day 1, 03:40",1.02,24.05,20.69,1.38,9,-64.6,10.0,50.65,0.6498,0.3332,LOCAL
221,"Day 1, 03:41",0.76,23.97,24.16,4.49,4,-66.2,10.1,47.3,0.4875,0.3764,LOCAL
222,"Day 1, 03:42",0.15,23.83,41.12,6.94,8,-66.6,10.6,44.76,0.6879,0.4153,LOCAL
223,"Day 1, 03:43",0.18,23.68,50.25,6.54,9,-64.1,10.0,48.53,0.7551,0.4399,LOCAL
224,"Day 1, 03:44",0.44,23.53,57.0,9.82,6,-63.6,10.0,45.32,0.6735,0.4907,LOCAL
225,"Day 1, 03:45",0.07,23.44,36.91,2.0,2,-64.1,10.0,47.15,0.4639,0.3126,LOCAL
226,"Day 1, 03:46",1.41,23.34,31.04,3.17,5,-61.7,10.0,49.29,0.5465,0.3634,LOCAL
227,"Day 1, 03:47",0.48,23.18,51.42,8.91,9,-59.6,10.0,51.88,0.7595,0.5352,LOCAL
228,"Day 1, 03:48",0.84,23.06,40.95,2.63,6,-59.0,10.0,47.68,0.6175,0.3335,LOCAL
229,"Day 1, 03:49",1.03,22.97,31.71,1.83,2,-58.5,10.0,48.45,0.445,0.3212,LOCAL
230,"Day 1, 03:50",0.89,22.86,37.13,5.58,6,-58.4,10.0,51.29,0.6043,0.4453,LOCAL
231,"Day 1, 03:51",0.24,22.72,41.54,5.15,8,-57.6,10.0,48.14,0.6909,0.4011,LOCAL
232,"Day 1, 03:52",0.83,22.59,47.43,7.6,7,-58.1,10.0,48.66,0.6759,0.4676,LOCAL
233,"Day 1, 03:53",1.27,22.5,36.74,8.56,1,-57.9,10.0,51.42,0.4279,0.5213,LOCAL
234,"Day 1, 03:54",1.26,22.41,29.88,5.23,3,-57.5,10.0,55.07,0.4741,0.4817,LOCAL
235,"Day 1, 03:55",0.89,22.31,29.38,4.52,5,-58.8,10.0,53.33,0.543,0.4424,LOCAL
236,"Day 1, 03:56",1.31,22.22,30.62,5.59,3,-59.2,10.1,53.87,0.4769,0.476,LOCAL
237,"Day 1, 03:57",1.01,22.12,33.69,8.24,3,-58.7,10.0,56.17,0.4882,0.5713,LOCAL
238,"Day 1, 03:58",0.78,22.03,29.6,4.96,4,-60.0,10.0,50.87,0.5094,0.4252,LOCAL
239,"Day 1, 03:59",1.2,21.88,47.35,7.9,9,-59.8,10.0,53.6,0.7461,0.5302,LOCAL
240,"Day 1, 04:00",0.18,21.75,42.23,4.69,7,-61.0,10.0,51.4,0.6599,0.4243,LOCAL
241,"Day 1, 04:01",0.04,21.65,27.68,1.22,6,-59.2,10.0,48.79,0.5743,0.3095,LOCAL
242,"Day 1, 04:02",0.64,21.53,38.89,8.85,5,-58.8,10.0,50.28,0.5779,0.5159,LOCAL
243,"Day 1, 04:03",0.07,21.43,39.3,9.14,3,-61.1,10.0,51.34,0.5103,0.5348,LOCAL
244,"Day 1, 04:04",0.2,21.28,49.71,7.76,8,-60.0,10.0,55.89,0.7217,0.5555,LOCAL
245,"Day 1, 04:05",0.56,21.13,50.48,4.86,9,-62.9,10.0,50.63,0.7591,0.42,LOCAL
246,"Day 1, 04:06",1.36,21.02,36.75,2.25,4,-64.4,10.0,52.86,0.535,0.38,LOCAL
247,"Day 1, 04:07",0.82,20.91,32.24,2.15,7,-63.8,10.0,52.38,0.6253,0.3719,LOCAL
248,"Day 1, 04:08",1.47,20.81,26.32,2.3,7,-61.6,11.3,53.11,0.6037,0.388,LOCAL
249,"Day 1, 04:09",0.52,20.73,18.97,2.03,2,-61.0,10.0,53.09,0.4045,0.3773,LOCAL
250,"Day 1, 04:10",1.47,20.61,27.26,3.05,10,-60.8,10.0,49.89,0.7123,0.3667,LOCAL
251,"Day 1, 04:11",1.27,20.51,30.15,4.86,5,-61.5,10.0,49.02,0.5478,0.4029,LOCAL
252,"Day 1, 04:12",0.98,20.38,39.6,5.91,8,-59.4,10.0,52.11,0.6865,0.4628,LOCAL
253,"Day 1, 04:13",0.75,20.27,37.4,4.06,5,-59.9,10.0,48.84,0.5744,0.381,LOCAL
254,"Day 1, 04:14",1.32,20.11,58.49,8.92,9,-60.1,10.0,44.96,0.7876,0.4649,LOCAL
255,"Day 1, 04:15",0.52,19.95,53.05,3.54,10,-59.0,10.0,44.52,0.805,0.3264,LOCAL
256,"Day 1, 04:16",1.16,19.79,65.49,9.68,8,-58.3,10.0,43.1,0.7778,0.4675,LOCAL
257,"Day 1, 04:17",0.47,19.62,68.23,6.78,8,-60.7,10.0,45.27,0.7887,0.4143,LOCAL
258,"Day 1, 04:18",0.54,19.44,72.31,9.07,8,-61.8,10.0,48.31,0.8031,0.5008,LOCAL
259,"Day 1, 04:19",1.23,19.3,54.03,3.82,6,-59.7,10.0,48.42,0.6683,0.3707,LOCAL
260,"Day 1, 04:20",0.18,19.2,41.27,7.53,2,-61.9,10.0,43.78,0.4854,0.4196,LOCAL
261,"Day 1, 04:21",0.84,19.05,47.61,5.75,9,-59.8,10.0,43.08,0.7518,0.3691,LOCAL
262,"Day 1, 04:22",0.44,18.91,53.39,9.26,6,-58.7,10.0,43.71,0.6678,0.4623,LOCAL
263,"Day 1, 04:23",0.54,18.81,38.52,5.45,3,-61.3,10.0,40.53,0.5108,0.3404,LOCAL
264,"Day 1, 04:24",1.08,18.72,33.37,4.78,2,-60.9,10.0,43.16,0.4571,0.3455,LOCAL
265,"Day 1, 04:25",0.53,18.62,32.53,8.57,3,-62.2,10.0,39.22,0.4901,0.4082,LOCAL
266,"Day 1, 04:26",1.02,18.53,25.7,2.5,4,-61.8,10.0,42.78,0.5006,0.2852,LOCAL
267,"Day 1, 04:27",0.77,18.43,28.18,3.75,5,-59.9,10.0,47.57,0.5448,0.3605,LOCAL
268,"Day 1, 04:28",1.15,18.35,25.83,8.1,2,-61.0,10.0,45.21,0.4311,0.4467,LOCAL
269,"Day 1, 04:29",0.57,18.27,20.91,2.16,3,-63.7,10.0,48.32,0.4499,0.3282,LOCAL
270,"Day 1, 04:30",1.38,18.16,28.81,3.52,9,-62.3,10.0,43.76,0.6865,0.3192,LOCAL
271,"Day 1, 04:31",1.44,18.03,40.05,7.54,7,-64.0,11.5,40.89,0.6559,0.3998,LOCAL
272,"Day 1, 04:32",0.1,17.9,35.59,3.37,9,-63.6,10.0,40.23,0.7126,0.2861,LOCAL
273,"Day 1, 04:33",0.45,17.8,34.46,7.69,4,-61.3,10.0,42.96,0.5332,0.4165,LOCAL
274,"Day 1, 04:34",0.8,17.7,34.83,8.54,3,-60.9,10.0,41.54,0.4992,0.4259,LOCAL
275,"Day 1, 04:35",0.33,17.59,35.43,5.4,5,-59.6,10.0,46.6,0.5721,0.3922,LOCAL
276,"Day 1, 04:36",0.86,17.45,45.52,5.66,8,-59.7,10.0,51.03,0.7118,0.4444,LOCAL
277,"Day 1, 04:37",0.67,17.35,39.42,6.46,3,-59.3,10.0,47.2,0.516,0.4245,LOCAL
278,"Day 1, 04:38",0.35,17.24,36.8,8.08,3,-58.7,10.0,47.68,0.5074,0.4698,LOCAL
279,"Day 1, 04:39",0.95,17.12,31.39,1.64,9,-57.3,10.0,45.42,0.6978,0.2871,LOCAL
280,"Day 1, 04:40",0.7,17.06,19.02,5.05,1,-58.2,10.0,47.01,0.3749,0.3875,LOCAL
281,"Day 1, 04:41",0.81,16.99,20.26,8.69,1,-58.5,10.0,47.59,0.3792,0.4841,LOCAL
282,"Day 1, 04:42",0.44,16.84,50.86,9.39,9,-59.0,10.0,51.75,0.7671,0.5457,LOCAL
283,"Day 1, 04:43",0.86,16.73,38.2,1.27,3,-57.7,10.0,53.19,0.5123,0.3595,LOCAL
284,"Day 1, 04:44",0.39,16.65,29.24,7.07,1,-57.5,10.0,48.86,0.4118,0.4565,LOCAL
285,"Day 1, 04:45",0.58,16.57,27.09,5.11,2,-56.2,10.0,48.07,0.4391,0.3995,LOCAL
286,"Day 1, 04:46",0.48,16.49,23.48,7.75,2,-56.6,10.0,43.46,0.4267,0.4224,LOCAL
287,"Day 1, 04:47",0.95,16.34,51.38,9.22,9,-56.3,10.0,44.74,0.7689,0.4705,LOCAL
288,"Day 1, 04:48",1.24,16.24,38.57,9.92,2,-57.2,10.0,46.3,0.4788,0.5024,LOCAL
289,"Day 1, 04:49",0.07,16.16,29.86,2.11,1,-60.2,10.0,45.73,0.4152,0.3018,LOCAL
290,"Day 1, 04:50",1.28,16.04,34.63,4.64,7,-62.0,10.0,45.22,0.6402,0.3603,LOCAL
291,"Day 1, 04:51",0.68,15.9,47.92,6.21,9,-62.9,10.0,46.94,0.7579,0.4158,LOCAL
292,"Day 1, 04:52",1.06,15.75,53.01,7.2,7,-65.4,10.0,50.02,0.7053,0.4719,LOCAL
293,"Day 1, 04:53",1.42,15.6,48.42,4.06,10,-67.5,10.5,49.11,0.7939,0.3854,LOCAL
294,"Day 1, 04:54",0.47,15.48,46.98,7.09,5,-67.0,10.4,45.3,0.6155,0.4234,LOCAL
295,"Day 1, 04:55",0.25,15.32,60.36,9.75,8,-68.8,10.0,43.09,0.7679,0.4692,LOCAL
296,"Day 1, 04:56",1.39,15.21,44.57,4.73,3,-69.5,12.0,48.13,0.5361,0.3961,LOCAL
297,"Day 1, 04:57",0.17,15.08,49.39,9.6,5,-68.8,10.0,44.29,0.625,0.4759,LOCAL
298,"Day 1, 04:58",0.91,14.99,34.84,2.36,1,-70.1,10.0,45.69,0.4331,0.3076,LOCAL
299,"Day 1, 04:59",0.81,14.86,43.98,7.86,7,-71.1,10.0,41.91,0.6754,0.4119,LOCAL
300,"Day 1, 05:00",0.51,14.73,39.78,3.43,7,-68.0,10.0,39.63,0.6614,0.2828,LOCAL
301,"Day 1, 05:01",1.23,14.66,26.12,2.87,1,-66.3,10.0,40.8,0.4026,0.2781,LOCAL
302,"Day 1, 05:02",1.1,14.57,20.48,2.33,5,-63.8,10.0,46.27,0.5232,0.3124,LOCAL
303,"Day 1, 05:03",1.08,14.47,28.69,5.8,6,-62.5,10.0,44.59,0.5871,0.3836,LOCAL
304,"Day 1, 05:04",1.32,14.4,22.39,9.5,1,-61.4,10.0,45.32,0.3898,0.4827,LOCAL
305,"Day 1, 05:05",0.45,14.33,22.97,5.42,1,-59.7,10.0,44.65,0.3932,0.3746,LOCAL
306,"Day 1, 05:06",1.09,14.25,27.26,9.05,2,-58.7,10.0,45.21,0.4424,0.4705,LOCAL
307,"Day 1, 05:07",1.49,14.18,18.12,1.54,1,-60.3,10.0,43.49,0.3749,0.2674,LOCAL
308,"Day 1, 05:08",0.05,14.05,45.26,9.74,7,-59.6,10.0,46.39,0.6823,0.4988,LOCAL
309,"Day 1, 05:09",0.2,13.95,33.73,3.69,2,-58.7,10.0,51.84,0.4668,0.4042,LOCAL
310,"Day 1, 05:10",0.3,13.8,56.31,9.95,8,-61.1,10.0,54.1,0.7559,0.5875,LOCAL
311,"Day 1, 05:11",1.15,13.71,38.22,6.93,1,-61.6,10.0,49.26,0.4465,0.4571,LOCAL
312,"Day 1, 05:12",0.61,13.59,41.54,4.66,6,-61.5,10.0,51.35,0.6341,0.4229,LOCAL
313,"Day 1, 05:13",0.01,13.47,32.71,1.91,6,-60.4,10.0,53.22,0.6043,0.3758,LOCAL
314,"Day 1, 05:14",0.08,13.36,26.6,1.66,8,-59.3,10.0,57.03,0.6529,0.4183,LOCAL
315,"Day 1, 05:15",0.61,13.22,46.05,9.15,7,-57.5,10.0,57.01,0.6854,0.6053,LOCAL
316,"Day 1, 05:16",0.54,13.09,48.58,6.83,6,-58.5,10.0,59.17,0.6596,0.5782,LOCAL
317,"Day 1, 05:17",0.83,12.99,39.42,6.73,2,-57.6,10.0,58.32,0.4872,0.5632,LOCAL
318,"Day 1, 05:18",0.78,12.88,31.02,2.29,7,-56.5,10.0,60.31,0.6331,0.4821,LOCAL
319,"Day 1, 05:19",1.08,12.81,23.19,3.44,1,-59.6,10.0,56.53,0.3953,0.456,LOCAL
320,"Day 1, 05:20",1.06,12.74,19.32,1.56,2,-62.2,10.0,59.86,0.4169,0.4568,LOCAL
321,"Day 1, 05:21",1.24,12.62,24.66,2.17,9,-60.5,10.0,57.72,0.6805,0.4406,LOCAL
322,"Day 1, 05:22",1.36,12.54,23.14,4.4,3,-61.5,10.5,57.89,0.4651,0.5002,LOCAL
323,"Day 1, 05:23",1.06,12.45,19.66,1.04,7,-63.0,10.0,53.0,0.5936,0.3514,LOCAL
324,"Day 1, 05:24",1.01,12.3,50.43,9.5,9,-65.4,10.1,51.15,0.7715,0.5421,LOCAL
325,"Day 1, 05:25",1.44,12.15,53.83,5.5,9,-64.0,10.0,46.01,0.783,0.3891,LOCAL
326,"Day 1, 05:26",1.29,12.03,40.05,2.67,5,-63.4,10.0,46.33,0.5952,0.3214,LOCAL
327,"Day 1, 05:27",1.32,11.92,33.98,2.94,7,-62.8,10.0,49.26,0.6441,0.3574,LOCAL
328,"Day 1, 05:28",0.47,11.8,42.12,6.8,5,-65.1,10.0,44.8,0.604,0.4105,LOCAL
329,"Day 1, 05:29",1.0,11.66,50.14,8.41,6,-67.5,10.0,44.37,0.6665,0.4469,LOCAL
330,"Day 1, 05:30",0.51,11.56,36.47,1.17,4,-68.4,10.0,47.47,0.5496,0.2949,LOCAL
331,"Day 1, 05:31",1.32,11.43,32.67,1.37,10,-66.7,10.0,48.06,0.7452,0.3058,LOCAL
332,"Day 1, 05:32",1.46,11.34,24.01,2.13,5,-68.1,10.0,47.71,0.5398,0.3213,LOCAL
333,"Day 1, 05:33",0.5,11.23,26.55,4.08,7,-70.3,10.0,46.05,0.6203,0.354,LOCAL
334,"Day 1, 05:34",0.97,11.14,31.2,9.77,3,-68.4,10.0,46.22,0.4961,0.4979,LOCAL
335,"Day 1, 05:35",0.6,11.05,26.7,3.73,3,-68.2,10.0,42.39,0.481,0.3127,LOCAL
336,"Day 1, 05:36",1.01,10.92,40.26,6.24,8,-70.0,10.0,42.18,0.703,0.3737,LOCAL
337,"Day 1, 05:37",0.34,10.78,37.48,2.76,10,-70.6,10.8,48.17,0.7645,0.344,LOCAL
338,"Day 1, 05:38",0.79,10.7,28.88,9.16,1,-70.2,10.2,52.35,0.4188,0.5473,LOCAL
339,"Day 1, 05:39",1.06,10.64,18.01,1.56,1,-71.9,10.0,51.15,0.3805,0.3432,LOCAL
340,"Day 1, 05:40",0.45,10.49,45.03,7.85,10,-69.7,10.0,50.58,0.7912,0.4941,LOCAL
341,"Day 1, 05:41",0.82,10.39,33.25,4.9,3,-71.5,10.0,53.93,0.5045,0.4591,LOCAL
342,"Day 1, 05:42",1.47,10.27,42.63,8.14,6,-71.3,14.1,57.87,0.6416,0.6039,LOCAL
343,"Day 1, 05:43",0.78,10.16,33.28,2.97,5,-70.1,10.0,61.5,0.5751,0.5181,LOCAL
344,"Day 1, 05:44",0.29,10.08,30.73,8.13,2,-67.2,10.0,58.7,0.462,0.6038,LOCAL
345,"Day 1, 05:45",1.28,9.97,37.16,7.96,4,-68.7,11.0,58.05,0.5532,0.593,LOCAL
346,"Day 1, 05:46",1.16,9.83,44.16,5.49,9,-68.1,10.9,59.89,0.7531,0.5581,LOCAL
347,"Day 1, 05:47",0.07,9.68,55.22,8.27,8,-68.1,10.0,53.7,0.7586,0.5405,LOCAL
348,"Day 1, 05:48",0.72,9.5,64.16,6.96,10,-67.7,10.0,52.96,0.8592,0.4989,LOCAL
349,"Day 1, 05:49",0.95,9.4,40.47,1.82,3,-66.9,10.0,57.44,0.5311,0.428,LOCAL
350,"Day 1, 05:50",0.58,9.31,30.99,6.16,2,-64.6,10.0,52.34,0.4636,0.4717,LOCAL
351,"Day 1, 05:51",0.76,9.19,30.39,2.99,9,-65.0,10.0,54.18,0.7064,0.4145,LOCAL
352,"Day 1, 05:52",0.84,9.04,40.4,4.85,10,-62.9,10.0,57.01,0.7766,0.4978,LOCAL
353,"Day 1, 05:53",0.6,8.91,46.57,7.87,7,-62.7,10.0,52.82,0.6937,0.5201,LOCAL
354,"Day 1, 05:54",0.5,8.74,63.82,8.7,9,-63.1,10.0,48.35,0.8245,0.492,LOCAL
355,"Day 1, 05:55",1.24,8.62,45.14,1.43,4,-65.1,10.0,52.36,0.5832,0.3536,LOCAL
356,"Day 1, 05:56",0.81,8.5,42.1,3.54,7,-64.9,10.0,52.91,0.6784,0.4128,LOCAL
357,"Day 1, 05:57",0.09,8.35,42.33,4.26,9,-65.9,10.0,49.77,0.7505,0.3958,LOCAL
358,"Day 1, 05:58",0.0,8.23,44.58,7.56,6,-64.5,11.0,50.9,0.6537,0.4934,LOCAL
359,"Day 1, 05:59",1.34,8.12,41.54,8.36,3,-63.0,10.0,55.62,0.5362,0.567,LOCAL
360,"Day 1, 06:00",1.53,8.01,34.63,4.54,5,-61.9,10.0,49.98,0.5819,0.405,LOCAL
361,"Day 1, 06:01",0.0,7.94,23.06,5.66,1,-61.2,10.0,52.57,0.4038,0.4619,LOCAL
362,"Day 1, 06:02",0.0,7.81,37.17,5.62,9,-63.3,10.0,48.99,0.7334,0.4215,LOCAL
363,"Day 1, 06:03",0.0,7.67,47.71,8.23,7,-65.8,10.0,44.66,0.7005,0.445,LOCAL
364,"Day 1, 06:04",0.0,7.56,37.38,2.92,4,-64.6,10.0,46.08,0.5595,0.3253,LOCAL
365,"Day 1, 06:05",4.75,7.48,27.32,5.47,3,-62.6,10.0,41.83,0.4823,0.3515,LOCAL
366,"Day 1, 06:06",4.18,7.37,28.18,2.12,10,-61.8,12.4,43.4,0.7313,0.2879,LOCAL
367,"Day 1, 06:07",3.15,7.28,29.37,4.87,5,-60.6,10.0,44.92,0.5622,0.3633,LOCAL
368,"Day 1, 06:08",2.69,7.15,31.69,2.19,10,-62.0,10.0,48.84,0.7462,0.3343,LOCAL
369,"Day 1, 06:09",3.74,7.05,24.77,1.64,8,-64.0,10.0,45.89,0.6505,0.2915,LOCAL
370,"Day 1, 06:10",1.26,6.96,24.06,4.52,5,-62.9,10.0,45.55,0.5469,0.3603,LOCAL
371,"Day 1, 06:11",1.97,6.89,21.84,8.05,2,-65.3,10.1,44.96,0.4332,0.4435,LOCAL
372,"Day 1, 06:12",7.64,6.8,33.1,6.78,6,-63.9,10.0,46.72,0.6042,0.4279,LOCAL
373,"Day 1, 06:13",8.33,6.68,38.73,3.93,10,-61.6,10.0,43.25,0.763,0.325,LOCAL
374,"Day 1, 06:14",6.09,6.53,60.47,9.81,9,-62.7,10.4,43.23,0.8077,0.4731,LOCAL
375,"Day 1, 06:15",4.8,6.39,51.34,2.85,9,-62.0,10.8,40.69,0.7779,0.2791,LOCAL
376,"Day 1, 06:16",7.2,6.29,43.66,2.55,6,-62.5,10.0,38.01,0.6426,0.2485,LOCAL
377,"Day 1, 06:17",7.36,6.18,47.27,6.77,6,-61.7,10.0,40.91,0.6551,0.3765,LOCAL
378,"Day 1, 06:18",6.33,6.1,35.41,3.44,2,-63.5,10.0,43.15,0.4753,0.3119,LOCAL
379,"Day 1, 06:19",9.07,6.05,24.23,7.12,1,-63.9,10.0,48.75,0.3971,0.4566,LOCAL
380,"Day 1, 06:20",7.67,5.91,53.27,8.56,10,-64.0,10.0,51.37,0.8161,0.5206,LOCAL
381,"Day 1, 06:21",7.65,5.8,49.97,9.01,5,-64.5,10.0,53.4,0.6297,0.5554,LOCAL
382,"Day 1, 06:22",6.16,5.73,38.15,6.31,1,-66.0,10.0,54.43,0.4507,0.5005,LOCAL
383,"Day 1, 06:23",11.43,5.67,26.84,1.45,4,-67.0,10.0,51.24,0.5083,0.3414,LOCAL
384,"Day 1, 06:24",7.31,5.6,28.65,5.13,3,-67.5,11.4,49.38,0.4859,0.4174,LOCAL
385,"Day 1, 06:25",12.65,5.54,24.71,4.45,4,-66.6,10.0,51.9,0.4992,0.4239,LOCAL
386,"Day 1, 06:26",12.18,5.5,22.1,5.69,3,-65.0,10.0,49.95,0.4558,0.4334,LOCAL
387,"Day 1, 06:27",13.36,5.43,34.48,9.24,5,-64.3,10.3,47.44,0.5675,0.4974,LOCAL
388,"Day 1, 06:28",12.81,5.36,32.41,4.85,4,-64.8,10.0,47.83,0.5262,0.3905,LOCAL
389,"Day 1, 06:29",13.7,5.31,31.27,6.39,4,-67.2,10.0,45.25,0.5209,0.4044,LOCAL
390,"Day 1, 06:30",11.09,5.22,38.37,7.42,6,-68.7,10.0,41.67,0.6198,0.399,LOCAL
391,"Day 1, 06:31",10.92,5.12,45.35,6.98,7,-66.8,10.6,38.0,0.6797,0.3608,LOCAL
392,"Day 1, 06:32",15.77,5.01,47.67,4.99,10,-64.9,10.0,42.69,0.7857,0.3468,LOCAL
393,"Day 1, 06:33",12.48,5.0,50.41,9.22,5,-62.7,10.0,47.55,0.6252,0.497,LOCAL
394,"Day 1, 06:34",11.66,5.0,39.5,4.53,3,-61.5,10.0,51.76,0.5183,0.4243,LOCAL
395,"Day 1, 06:35",13.52,5.0,44.74,5.16,9,-62.3,10.0,53.72,0.7438,0.4631,LOCAL
396,"Day 1, 06:36",14.17,5.0,32.4,5.4,1,-61.1,10.0,51.13,0.4197,0.439,LOCAL
397,"Day 1, 06:37",15.52,5.0,39.71,4.11,10,-61.1,10.0,47.14,0.7582,0.3653,LOCAL
398,"Day 1, 06:38",13.95,5.0,34.91,3.8,7,-62.9,10.0,52.17,0.6388,0.4107,LOCAL
399,"Day 1, 06:39",16.79,5.0,30.29,6.01,1,-62.1,10.0,48.56,0.4083,0.4269,LOCAL
400,"Day 1, 06:40",16.5,5.0,32.59,4.71,6,-60.2,10.1,48.17,0.5918,0.3908,LOCAL
401,"Day 1, 06:41",19.79,5.0,36.16,5.61,5,-58.4,10.0,51.21,0.5644,0.4451,LOCAL
402,"Day 1, 06:42",17.98,5.0,38.29,8.72,3,-60.3,10.0,46.13,0.5045,0.4708,LOCAL
403,"Day 1, 06:43",19.06,5.0,27.97,5.82,1,-62.7,10.0,44.56,0.3968,0.3838,LOCAL
404,"Day 1, 06:44",18.32,5.0,26.52,5.6,3,-65.0,10.0,44.26,0.4628,0.3756,LOCAL
405,"Day 1, 06:45",20.35,5.0,25.86,9.12,2,-64.8,10.0,49.8,0.4225,0.5175,LOCAL
406,"Day 1, 06:46",16.34,5.0,23.59,6.83,2,-62.3,10.0,50.42,0.4206,0.4669,LOCAL
407,"Day 1, 06:47",18.27,5.0,27.6,2.98,6,-63.2,10.0,49.05,0.5717,0.3562,LOCAL
408,"Day 1, 06:48",17.02,5.0,22.68,4.15,2,-61.9,10.0,51.92,0.4163,0.4166,LOCAL
409,"Day 1, 06:49",20.45,5.0,24.34,1.6,8,-62.9,12.3,53.41,0.627,0.3768,LOCAL
410,"Day 1, 06:50",22.11,5.0,17.72,1.13,3,-64.7,10.0,56.8,0.4263,0.4019,LOCAL
411,"Day 1, 06:51",22.47,5.0,42.44,9.17,7,-62.9,10.0,56.2,0.6524,0.5948,LOCAL
412,"Day 1, 06:52",22.92,5.0,35.18,3.76,6,-62.7,10.0,58.88,0.5913,0.4972,LOCAL
413,"Day 1, 06:53",23.99,5.0,26.98,7.52,1,-63.1,10.0,62.14,0.386,0.6424,LOCAL
414,"Day 1, 06:54",21.76,5.0,41.12,5.94,9,-64.2,10.0,58.01,0.7188,0.539,LOCAL
415,"Day 1, 06:55",20.73,5.0,39.16,7.25,4,-61.9,10.0,59.68,0.5385,0.5963,LOCAL
416,"Day 1, 06:56",24.62,5.0,30.49,7.73,1,-64.5,10.0,59.89,0.3973,0.6116,LOCAL
417,"Day 1, 06:57",22.32,5.0,51.22,9.08,8,-65.8,10.0,59.18,0.7183,0.6345,LOCAL
418,"Day 1, 06:58",21.19,5.0,41.79,1.85,4,-66.7,10.0,55.98,0.547,0.409,LOCAL
419,"Day 1, 06:59",26.95,5.0,42.71,9.03,5,-65.7,10.0,52.4,0.5766,0.5442,LOCAL
420,"Day 1, 07:00",21.67,5.0,33.59,7.88,2,-65.6,10.0,47.1,0.4475,0.459,LOCAL
421,"Day 1, 07:01",27.62,5.0,42.66,4.73,10,-64.4,10.0,49.29,0.7504,0.4024,LOCAL
422,"Day 1, 07:02",23.22,5.0,33.27,6.21,3,-63.9,10.0,50.73,0.4791,0.4548,LOCAL
423,"Day 1, 07:03",25.6,5.0,28.41,4.99,2,-63.5,10.0,46.15,0.4235,0.3778,LOCAL
424,"Day 1, 07:04",25.91,5.0,39.0,7.07,7,-62.9,10.0,51.47,0.6351,0.4846,LOCAL
425,"Day 1, 07:05",24.0,5.0,26.59,5.99,1,-62.1,10.0,50.8,0.3845,0.4501,LOCAL
426,"Day 1, 07:06",27.99,5.0,27.03,8.54,2,-61.4,10.0,54.07,0.4151,0.5518,LOCAL
427,"Day 1, 07:07",29.2,5.0,33.37,9.65,3,-61.1,10.0,49.24,0.4705,0.5249,LOCAL
428,"Day 1, 07:08",29.22,5.0,28.07,1.85,6,-62.7,10.0,51.26,0.5569,0.3517,LOCAL
429,"Day 1, 07:09",28.75,5.0,35.88,5.51,8,-61.4,10.0,56.04,0.655,0.5013,LOCAL
430,"Day 1, 07:10",25.75,5.0,49.45,9.08,7,-62.1,10.0,54.1,0.6719,0.5657,LOCAL
431,"Day 1, 07:11",29.98,5.0,42.91,9.03,3,-64.1,10.1,53.23,0.5027,0.5542,LOCAL
432,"Day 1, 07:12",26.69,5.0,44.78,9.48,4,-65.8,10.0,48.89,0.5492,0.517,LOCAL
433,"Day 1, 07:13",26.8,5.0,34.92,2.4,8,-66.7,10.0,53.81,0.6545,0.3952,LOCAL
434,"Day 1, 07:14",28.16,5.0,31.35,9.08,2,-67.5,10.0,53.87,0.43,0.563,LOCAL
435,"Day 1, 07:15",32.36,5.0,25.2,2.23,6,-69.8,10.0,50.04,0.5422,0.3478,LOCAL
436,"Day 1, 07:16",33.18,5.0,38.01,4.98,10,-69.5,10.0,52.28,0.7258,0.4415,LOCAL
437,"Day 1, 07:17",31.77,5.0,48.75,7.0,8,-67.7,10.0,56.34,0.6955,0.5425,LOCAL
438,"Day 1, 07:18",28.81,5.0,55.47,5.7,9,-68.1,10.0,58.99,0.7584,0.5472,LOCAL
439,"Day 1, 07:19",31.54,5.0,44.65,3.95,4,-65.9,10.0,60.82,0.5415,0.5316,LOCAL
440,"Day 1, 07:20",32.55,5.0,61.3,7.63,10,-63.6,10.0,61.61,0.8082,0.6364,LOCAL
441,"Day 1, 07:21",31.56,5.0,45.14,2.18,8,-65.4,10.0,63.13,0.6831,0.5259,LOCAL
442,"Day 1, 07:22",31.98,5.0,62.66,9.34,8,-66.6,10.0,65.55,0.7438,0.7496,LOCAL
443,"Day 1, 07:23",36.02,5.0,46.67,4.04,5,-67.8,10.0,66.96,0.5768,0.6454,LOCAL
444,"Day 1, 07:24",32.54,5.0,47.39,3.37,10,-69.3,10.0,64.0,0.7596,0.5712,LOCAL
445,"Day 1, 07:25",33.54,5.0,40.4,1.84,10,-67.4,10.0,62.8,0.7336,0.5116,LOCAL
446,"Day 1, 07:26",31.86,5.0,53.58,7.95,7,-64.7,10.0,63.57,0.6772,0.678,LOCAL
447,"Day 1, 07:27",34.59,5.0,52.51,8.45,5,-66.1,10.0,63.24,0.5994,0.6845,LOCAL
448,"Day 1, 07:28",35.4,5.0,50.74,7.96,5,-66.3,10.0,64.64,0.592,0.6978,LOCAL
449,"Day 1, 07:29",33.94,5.01,33.76,1.22,2,-64.8,10.0,66.6,0.4298,0.5675,LOCAL
450,"Day 1, 07:30",34.49,5.03,31.0,9.3,1,-66.2,10.0,64.67,0.3842,0.7318,LOCAL
451,"Day 1, 07:31",38.88,5.0,49.26,8.52,8,-64.7,10.1,59.81,0.6866,0.6304,LOCAL
452,"Day 1, 07:32",36.19,5.01,34.52,1.27,3,-64.3,10.0,59.88,0.464,0.4498,LOCAL
453,"Day 1, 07:33",35.65,5.0,33.36,3.66,6,-65.5,10.0,56.21,0.5658,0.4573,LOCAL
454,"Day 1, 07:34",40.66,5.05,21.47,1.09,1,-67.5,10.0,54.71,0.3416,0.3735,LOCAL
455,"Day 1, 07:35",36.83,5.05,26.4,4.09,8,-69.0,10.0,51.4,0.6096,0.4093,LOCAL
456,"Day 1, 07:36",39.9,5.06,28.9,3.46,7,-69.8,10.0,50.9,0.5787,0.3879,LOCAL
457,"Day 1, 07:37",39.99,5.04,43.47,7.76,8,-69.8,12.5,54.61,0.6646,0.5463,LOCAL
458,"Day 1, 07:38",41.77,5.02,54.7,9.18,7,-68.2,10.0,58.32,0.6663,0.6245,LOCAL
459,"Day 1, 07:39",40.4,5.01,50.51,8.77,4,-68.9,12.2,57.0,0.5487,0.602,LOCAL
460,"Day 1, 07:40",38.95,5.0,56.65,6.36,9,-66.5,10.0,54.39,0.7473,0.5013,LOCAL
461,"Day 1, 07:41",41.92,5.02,42.87,6.93,2,-65.4,10.0,52.84,0.4496,0.4968,LOCAL
462,"Day 1, 07:42",41.26,5.0,59.01,9.48,8,-65.0,10.0,52.05,0.7171,0.5514,LOCAL
463,"Day 1, 07:43",38.98,5.0,61.3,9.83,5,-67.3,10.0,53.33,0.6236,0.5752,LOCAL
464,"Day 1, 07:44",41.84,5.0,48.48,1.93,10,-68.3,11.5,52.07,0.7494,0.367,LOCAL
465,"Day 1, 07:45",43.78,5.0,36.59,1.29,10,-70.2,10.0,53.68,0.7049,0.3658,LOCAL
466,"Day 1, 07:46",42.14,5.05,22.64,3.04,1,-68.1,10.3,56.33,0.3435,0.4443,LOCAL
467,"Day 1, 07:47",42.62,5.06,30.26,4.16,8,-69.5,10.0,58.73,0.6144,0.5049,LOCAL
468,"Day 1, 07:48",42.28,5.09,34.82,9.22,3,-67.4,10.0,56.27,0.4558,0.597,LOCAL
469,"Day 1, 07:49",43.25,5.13,27.5,3.73,3,-67.6,10.0,56.34,0.4287,0.4608,LOCAL
470,"Day 1, 07:50",46.49,5.16,29.17,3.81,6,-67.0,10.0,57.54,0.5346,0.4791,LOCAL
471,"Day 1, 07:51",41.64,5.16,36.09,4.76,7,-68.2,11.0,58.22,0.6011,0.5155,LOCAL
472,"Day 1, 07:52",47.24,5.19,26.66,1.42,8,-69.8,10.0,55.54,0.5946,0.3924,LOCAL
473,"Day 1, 07:53",44.44,5.22,30.95,7.08,5,-71.1,10.0,57.98,0.5088,0.5671,LOCAL
474,"Day 1, 07:54",42.58,5.26,25.61,4.77,2,-69.3,10.0,61.36,0.3879,0.5608,LOCAL
475,"Day 1, 07:55",44.02,5.26,44.27,8.98,8,-69.9,10.0,55.57,0.661,0.5819,LOCAL
476,"Day 1, 07:56",44.95,5.28,34.09,1.39,5,-71.2,10.3,58.07,0.519,0.427,LOCAL
477,"Day 1, 07:57",46.66,5.32,31.73,8.6,4,-71.8,10.0,57.33,0.4731,0.596,LOCAL
478,"Day 1, 07:58",45.43,5.33,43.91,9.11,6,-70.0,10.0,54.69,0.5876,0.5738,LOCAL
479,"Day 1, 07:59",48.17,5.33,52.32,8.25,6,-69.7,10.0,56.79,0.6129,0.5798,LOCAL
480,"Day 1, 08:00",50.49,5.4,33.76,2.72,1,-71.4,10.0,59.64,0.3693,0.4825,LOCAL
481,"Day 1, 08:01",47.38,5.41,38.11,5.47,7,-71.2,10.0,60.77,0.5992,0.5688,LOCAL
482,"Day 1, 08:02",50.6,5.43,32.19,1.76,10,-72.7,10.0,56.5,0.6786,0.4137,LOCAL
483,"Day 1, 08:03",50.55,5.44,50.18,9.53,7,-69.8,10.0,54.72,0.6366,0.5847,LOCAL
484,"Day 1, 08:04",46.23,5.49,34.72,1.35,1,-67.1,10.0,56.83,0.3789,0.4079,LOCAL
485,"Day 1, 08:05",48.17,5.49,37.64,3.23,10,-66.7,10.0,53.56,0.7012,0.4129,LOCAL
486,"Day 1, 08:06",50.89,5.53,32.61,3.44,7,-68.5,10.0,52.13,0.5745,0.4013,LOCAL
487,"Day 1, 08:07",47.97,5.6,23.75,3.0,1,-69.0,10.0,55.52,0.3378,0.4316,LOCAL
488,"Day 1, 08:08",47.84,5.61,29.77,2.9,10,-67.4,10.0,54.53,0.674,0.4166,LOCAL
489,"Day 1, 08:09",51.86,5.62,46.0,5.97,10,-67.0,10.0,56.19,0.7248,0.5148,LOCAL
490,"Day 1, 08:10",50.12,5.67,34.34,4.67,2,-65.8,10.0,52.2,0.4065,0.4328,LOCAL
491,"Day 1, 08:11",52.24,5.72,30.35,3.34,6,-67.6,10.0,53.35,0.5293,0.4131,LOCAL
492,"Day 1, 08:12",53.99,5.78,33.63,8.11,4,-69.1,11.2,55.23,0.4681,0.559,LOCAL
493,"Day 1, 08:13",51.25,5.84,29.5,7.04,2,-70.6,10.0,51.13,0.3876,0.48,LOCAL
494,"Day 1, 08:14",51.54,5.89,36.06,7.86,5,-69.4,10.0,50.08,0.5151,0.489,LOCAL
495,"Day 1, 08:15",52.34,5.97,26.18,3.97,1,-69.4,10.0,47.85,0.3392,0.3688,LOCAL
496,"Day 1, 08:16",50.9,6.02,22.33,1.9,7,-67.6,10.0,45.71,0.5378,0.2963,LOCAL
497,"Day 1, 08:17",55.66,6.06,25.68,1.93,10,-68.2,10.0,47.96,0.6473,0.3188,LOCAL
498,"Day 1, 08:18",54.72,6.12,28.58,3.26,6,-70.2,10.0,50.61,0.5188,0.3797,LOCAL
499,"Day 1, 08:19",53.2,6.19,26.99,5.31,2,-67.9,10.0,50.34,0.3754,0.4281,LOCAL
500,"Day 1, 08:20",56.15,6.26,32.7,7.06,4,-65.3,10.0,45.8,0.4608,0.4262,LOCAL
501,"Day 1, 08:21",57.17,6.31,36.82,6.19,7,-63.2,10.0,45.49,0.5786,0.4016,LOCAL
502,"Day 1, 08:22",53.03,6.36,33.99,7.43,4,-61.7,10.0,47.31,0.4699,0.4499,LOCAL
503,"Day 1, 08:23",55.99,6.42,32.58,3.28,5,-64.4,10.7,50.0,0.4954,0.3757,LOCAL
504,"Day 1, 08:24",54.78,6.45,42.15,6.99,7,-65.4,10.0,53.95,0.6007,0.5116,LOCAL
505,"Day 1, 08:25",57.04,6.54,31.1,3.59,1,-67.1,10.0,49.28,0.3485,0.3738,LOCAL
506,"Day 1, 08:26",58.4,6.61,34.61,9.05,4,-66.7,10.0,48.18,0.4636,0.4991,LOCAL
507,"Day 1, 08:27",57.48,6.65,37.9,4.5,9,-68.6,10.0,51.75,0.6515,0.4235,LOCAL
508,"Day 1, 08:28",60.03,6.71,35.95,4.64,6,-69.2,10.7,50.52,0.5357,0.4153,LOCAL
509,"Day 1, 08:29",58.54,6.79,35.03,7.14,3,-70.7,11.7,51.17,0.4296,0.4878,LOCAL
510,"Day 1, 08:30",56.37,6.85,35.59,8.24,3,-71.7,12.6,46.25,0.4347,0.4674,LOCAL
511,"Day 1, 08:31",56.87,6.92,33.06,4.99,5,-70.8,10.0,47.05,0.495,0.3863,LOCAL
512,"Day 1, 08:32",57.18,6.95,38.64,3.68,9,-71.5,14.0,48.87,0.6541,0.3832,LOCAL
513,"Day 1, 08:33",60.73,7.05,26.35,1.37,3,-70.3,10.0,53.02,0.3956,0.3599,LOCAL
514,"Day 1, 08:34",61.0,7.12,32.61,6.25,6,-67.6,10.5,52.86,0.522,0.4816,LOCAL
515,"Day 1, 08:35",60.86,7.14,57.57,9.32,9,-66.4,10.0,50.5,0.7145,0.5301,LOCAL
516,"Day 1, 08:36",59.01,7.17,50.75,5.95,7,-64.7,10.0,50.1,0.6234,0.4414,LOCAL
517,"Day 1, 08:37",57.57,7.24,34.33,2.49,3,-66.7,10.0,53.91,0.4279,0.3987,LOCAL
518,"Day 1, 08:38",59.92,7.32,31.73,4.49,5,-64.9,10.0,57.73,0.4852,0.4988,LOCAL
519,"Day 1, 08:39",61.64,7.34,57.12,9.59,9,-66.9,10.0,60.25,0.7115,0.6637,LOCAL
520,"Day 1, 08:40",59.85,7.41,42.44,2.46,2,-68.1,10.0,54.14,0.4177,0.4008,LOCAL
521,"Day 1, 08:41",60.56,7.47,35.08,1.89,8,-69.9,11.6,54.17,0.6007,0.3914,LOCAL
522,"Day 1, 08:42",64.15,7.56,33.68,4.57,3,-71.5,10.0,57.94,0.4153,0.5038,LOCAL
523,"Day 1, 08:43",63.54,7.65,35.51,6.28,4,-68.8,10.0,55.35,0.4575,0.5115,LOCAL
524,"Day 1, 08:44",61.17,7.75,28.69,2.76,1,-66.9,10.0,54.24,0.3321,0.4095,LOCAL
525,"Day 1, 08:45",62.17,7.77,57.07,9.96,9,-66.1,10.0,52.02,0.7098,0.5631,LOCAL
526,"Day 1, 08:46",65.19,7.87,40.27,1.12,1,-68.4,10.0,47.89,0.3663,0.2978,LOCAL
527,"Day 1, 08:47",61.02,7.97,28.94,2.7,2,-70.3,10.0,51.41,0.3678,0.3746,LOCAL
528,"Day 1, 08:48",65.53,8.09,22.96,6.29,1,-70.0,10.5,46.34,0.3049,0.4135,LOCAL
529,"Day 1, 08:49",62.36,8.15,42.77,8.8,7,-69.2,10.0,43.74,0.5889,0.451,LOCAL
530,"Day 1, 08:50",61.54,8.17,54.93,6.44,10,-69.4,11.3,45.93,0.7377,0.4156,LOCAL
531,"Day 1, 08:51",61.56,8.2,44.24,2.29,10,-69.5,10.0,46.66,0.7002,0.3151,LOCAL
532,"Day 1, 08:52",64.69,8.27,41.74,4.45,7,-71.4,10.0,47.69,0.5817,0.3792,LOCAL
533,"Day 1, 08:53",65.22,8.29,64.42,9.95,9,-70.0,10.0,43.49,0.7302,0.4777,LOCAL
534,"Day 1, 08:54",68.07,8.32,70.6,8.58,8,-68.6,10.2,41.13,0.7125,0.424,LOCAL
535,"Day 1, 08:55",63.05,8.36,59.33,7.22,5,-68.0,10.0,38.23,0.5755,0.3669,LOCAL
536,"Day 1, 08:56",63.02,8.44,46.29,7.03,3,-66.9,11.0,40.79,0.4598,0.3848,LOCAL
537,"Day 1, 08:57",63.42,8.51,43.91,9.9,3,-68.7,10.0,42.08,0.4508,0.4643,LOCAL
538,"Day 1, 08:58",64.6,8.62,31.74,1.46,2,-68.4,12.1,47.49,0.3713,0.3085,LOCAL
539,"Day 1, 08:59",64.32,8.68,34.03,3.53,9,-67.1,10.0,52.48,0.6246,0.4076,LOCAL
540,"Day 1, 09:00",68.56,8.81,24.59,5.41,1,-65.8,10.0,51.31,0.305,0.4412,LOCAL
541,"Day 1, 09:01",67.94,8.91,31.85,8.49,4,-67.5,10.0,50.27,0.4362,0.5068,LOCAL
542,"Day 1, 09:02",68.05,8.99,35.58,4.62,7,-65.9,10.0,55.17,0.554,0.4677,LOCAL
543,"Day 1, 09:03",65.12,9.06,41.55,7.57,6,-65.0,10.0,54.23,0.5442,0.5296,LOCAL
544,"Day 1, 09:04",67.85,9.18,31.3,4.22,2,-64.7,10.0,54.3,0.364,0.4467,LOCAL
545,"Day 1, 09:05",66.89,9.24,45.37,7.68,8,-63.7,10.0,51.96,0.6246,0.5054,LOCAL
546,"Day 1, 09:06",70.38,9.33,39.32,4.71,5,-65.7,12.5,49.28,0.493,0.409,LOCAL
547,"Day 1, 09:07",68.71,9.39,48.17,6.39,9,-63.6,10.0,46.81,0.6665,0.4191,LOCAL
548,"Day 1, 09:08",67.03,9.49,34.97,3.87,2,-65.8,10.0,48.55,0.3776,0.3733,LOCAL
549,"Day 1, 09:09",70.06,9.61,30.25,4.67,3,-63.7,10.0,49.74,0.3913,0.4056,LOCAL
550,"Day 1, 09:10",71.9,9.72,30.5,4.87,6,-65.0,10.0,46.76,0.4943,0.3806,LOCAL
551,"Day 1, 09:11",68.8,9.81,31.64,3.76,6,-63.7,10.0,49.4,0.5028,0.3793,LOCAL
552,"Day 1, 09:12",71.07,9.9,28.25,1.13,9,-64.7,10.0,47.42,0.5924,0.2935,LOCAL
553,"Day 1, 09:13",69.47,9.97,39.16,4.0,9,-64.0,10.0,49.6,0.6329,0.3874,LOCAL
554,"Day 1, 09:14",73.74,10.02,64.19,9.97,10,-65.0,10.0,45.23,0.749,0.4937,LOCAL
555,"Day 1, 09:15",69.25,10.1,43.73,1.01,5,-64.1,10.0,43.34,0.509,0.2528,LOCAL
556,"Day 1, 09:16",73.25,10.23,36.07,7.84,2,-62.7,10.0,40.17,0.371,0.3974,LOCAL
557,"Day 1, 09:17",71.28,10.33,31.61,4.37,5,-62.0,10.0,43.94,0.4632,0.3421,LOCAL
558,"Day 1, 09:18",72.69,10.45,28.28,2.86,6,-63.3,10.0,46.21,0.4843,0.325,LOCAL
559,"Day 1, 09:19",71.9,10.55,22.3,1.06,8,-62.1,10.0,43.21,0.5344,0.2529,LOCAL
560,"Day 1, 09:20",73.72,10.69,24.17,6.77,3,-60.8,10.0,40.05,0.363,0.3697,LOCAL
561,"Day 1, 09:21",73.64,10.84,18.72,5.37,1,-60.3,10.0,46.0,0.2738,0.3858,LOCAL
562,"Day 1, 09:22",74.4,11.0,14.52,3.98,1,-61.7,10.0,42.23,0.2577,0.3176,LOCAL
563,"Day 1, 09:23",71.63,11.15,15.56,1.05,3,-60.8,10.0,46.52,0.3353,0.2827,LOCAL
564,"Day 1, 09:24",76.5,11.27,25.29,3.82,7,-60.3,10.0,44.56,0.5019,0.3339,LOCAL
565,"Day 1, 09:25",76.33,11.38,27.52,2.52,8,-60.1,10.0,44.4,0.5447,0.2999,LOCAL
566,"Day 1, 09:26",74.81,11.53,21.98,3.77,1,-59.6,10.0,41.29,0.2824,0.3046,LOCAL
567,"Day 1, 09:27",76.64,11.69,19.83,7.04,1,-61.1,10.0,40.86,0.2719,0.3828,LOCAL
568,"Day 1, 09:28",72.29,11.84,16.58,4.15,2,-59.3,10.0,40.21,0.3019,0.3054,LOCAL
569,"Day 1, 09:29",76.77,11.99,20.29,4.54,4,-60.5,10.0,40.12,0.3779,0.3145,LOCAL
570,"Day 1, 09:30",75.49,12.1,27.02,4.97,7,-58.6,10.0,39.1,0.5082,0.3173,LOCAL
571,"Day 1, 09:31",73.06,12.19,36.86,6.97,8,-57.6,10.0,44.69,0.5811,0.4137,LOCAL
572,"Day 1, 09:32",77.99,12.34,30.58,7.06,1,-59.3,10.0,48.94,0.3065,0.457,LOCAL
573,"Day 1, 09:33",74.68,12.48,22.02,1.01,3,-61.3,10.0,44.1,0.3513,0.2595,LOCAL
574,"Day 1, 09:34",78.86,12.6,38.69,8.59,6,-59.8,10.0,47.21,0.5082,0.478,LOCAL
575,"Day 1, 09:35",75.0,12.72,35.7,7.35,4,-59.7,10.0,49.82,0.4334,0.4735,LOCAL
576,"Day 1, 09:36",74.52,12.83,29.32,1.32,6,-61.3,10.0,51.09,0.4816,0.3366,LOCAL
577,"Day 1, 09:37",74.59,12.98,23.02,5.07,1,-59.9,10.3,54.59,0.2842,0.4725,LOCAL
578,"Day 1, 09:38",74.4,13.05,47.84,8.0,10,-60.1,10.0,51.7,0.6863,0.5103,LOCAL
579,"Day 1, 09:39",79.28,13.2,36.08,8.98,1,-61.4,10.0,46.51,0.3226,0.4809,LOCAL
580,"Day 1, 09:40",77.24,13.34,28.81,3.11,3,-63.3,10.0,46.32,0.37,0.3323,LOCAL
581,"Day 1, 09:41",75.43,13.46,28.96,3.02,6,-63.3,10.0,50.27,0.478,0.3701,LOCAL
582,"Day 1, 09:42",77.33,13.53,48.25,7.38,10,-62.0,10.0,46.45,0.6826,0.4404,LOCAL
583,"Day 1, 09:43",79.34,13.68,34.81,2.11,2,-62.1,10.0,42.76,0.3523,0.2754,LOCAL
584,"Day 1, 09:44",81.49,13.82,28.94,3.22,5,-63.8,10.0,40.0,0.4333,0.2805,LOCAL
585,"Day 1, 09:45",81.01,13.99,22.44,5.52,1,-65.0,10.0,39.39,0.2711,0.3333,LOCAL
586,"Day 1, 09:46",78.48,14.11,27.51,4.54,7,-65.3,10.0,44.28,0.5024,0.3493,LOCAL
587,"Day 1, 09:47",80.38,14.29,19.87,4.7,1,-65.9,10.0,44.28,0.2626,0.3533,LOCAL
588,"Day 1, 09:48",76.91,14.41,26.43,3.47,7,-67.7,10.0,47.19,0.5005,0.3497,LOCAL
589,"Day 1, 09:49",79.92,14.52,38.08,8.46,7,-66.1,10.0,48.9,0.5366,0.4916,LOCAL
590,"Day 1, 09:50",80.92,14.62,44.79,5.05,9,-64.5,10.0,44.76,0.6284,0.3663,LOCAL
591,"Day 1, 09:51",79.35,14.74,39.84,3.82,6,-62.9,10.0,44.36,0.5083,0.3321,LOCAL
592,"Day 1, 09:52",78.36,14.83,38.46,2.77,10,-63.0,10.0,47.8,0.6448,0.3382,LOCAL
593,"Day 1, 09:53",82.06,14.99,29.13,2.74,2,-63.6,10.0,45.13,0.3264,0.312,LOCAL
594,"Day 1, 09:54",80.48,15.1,27.57,1.65,10,-65.1,10.0,44.72,0.6031,0.2811,LOCAL
595,"Day 1, 09:55",78.7,15.22,28.29,2.32,8,-65.6,10.0,42.97,0.5381,0.2824,LOCAL
596,"Day 1, 09:56",83.3,15.4,22.45,4.09,1,-63.6,10.3,44.57,0.2655,0.3416,LOCAL
597,"Day 1, 09:57",81.85,15.56,18.89,2.76,4,-62.4,10.0,43.77,0.36,0.3003,LOCAL
598,"Day 1, 09:58",84.57,15.69,38.69,7.64,8,-62.7,10.0,41.87,0.5651,0.4061,LOCAL
599,"Day 1, 09:59",84.3,15.8,34.13,1.78,10,-63.2,10.0,42.98,0.6193,0.269,LOCAL
600,"Day 1, 10:00",81.38,15.97,23.76,9.19,1,-62.3,10.0,47.0,0.2721,0.4908,LOCAL
601,"Day 1, 10:01",84.48,16.12,36.04,9.87,4,-61.0,10.0,50.9,0.4152,0.5482,LOCAL
602,"Day 1, 10:02",82.05,16.23,33.35,1.46,10,-61.6,10.0,51.95,0.6193,0.3498,LOCAL
603,"Day 1, 10:03",82.77,16.32,53.07,6.96,10,-62.0,10.0,48.82,0.6871,0.4533,LOCAL
604,"Day 1, 10:04",85.89,16.47,42.89,7.44,2,-62.2,10.0,51.07,0.3666,0.4893,LOCAL
605,"Day 1, 10:05",81.8,16.56,47.76,5.02,10,-64.9,10.0,49.49,0.6696,0.4118,LOCAL
606,"Day 1, 10:06",82.49,16.71,36.79,4.49,2,-63.7,10.1,52.26,0.35,0.4295,LOCAL
607,"Day 1, 10:07",86.54,16.88,28.92,6.16,2,-65.5,14.9,48.01,0.3161,0.4391,LOCAL
608,"Day 1, 10:08",85.93,17.03,35.94,6.53,5,-66.2,10.0,52.0,0.4464,0.4771,LOCAL
609,"Day 1, 10:09",81.6,17.16,38.33,7.99,5,-65.1,10.0,52.05,0.461,0.5142,LOCAL
610,"Day 1, 10:10",85.08,17.33,28.67,2.77,1,-64.0,10.0,56.03,0.2817,0.4326,LOCAL
611,"Day 1, 10:11",85.89,17.47,31.03,3.76,7,-65.3,10.0,50.66,0.4985,0.3928,LOCAL
612,"Day 1, 10:12",86.0,17.64,26.39,2.09,3,-63.3,10.0,51.38,0.3419,0.3591,LOCAL
613,"Day 1, 10:13",82.58,17.76,28.53,2.09,10,-62.9,10.0,52.2,0.5993,0.3684,LOCAL
614,"Day 1, 10:14",84.96,17.91,30.66,5.76,5,-61.7,10.0,50.73,0.428,0.4435,LOCAL
615,"Day 1, 10:15",85.24,18.09,24.6,8.7,2,-59.9,10.0,54.84,0.3011,0.5655,LOCAL
616,"Day 1, 10:16",85.4,18.24,26.62,3.95,6,-58.6,10.0,49.53,0.4477,0.3854,LOCAL
617,"Day 1, 10:17",82.86,18.37,39.82,6.61,6,-60.6,10.0,49.43,0.4975,0.4509,LOCAL
618,"Day 1, 10:18",85.32,18.49,34.54,1.67,9,-61.6,10.0,54.33,0.5802,0.3833,LOCAL
619,"Day 1, 10:19",85.72,18.59,53.03,8.13,9,-60.2,10.0,51.3,0.6441,0.5092,LOCAL
620,"Day 1, 10:20",85.63,18.74,39.23,1.36,3,-61.5,10.0,52.28,0.3858,0.351,LOCAL
621,"Day 1, 10:21",88.58,18.89,35.92,3.08,7,-60.8,10.0,49.79,0.5095,0.3664,LOCAL
622,"Day 1, 10:22",87.23,19.06,29.38,5.1,3,-63.3,10.0,49.01,0.3484,0.4088,LOCAL
623,"Day 1, 10:23",84.3,19.21,25.56,2.55,5,-64.8,10.0,49.31,0.4092,0.3482,LOCAL
624,"Day 1, 10:24",84.4,19.38,24.54,7.77,2,-64.3,10.0,45.21,0.3002,0.4385,LOCAL
625,"Day 1, 10:25",88.05,19.51,47.05,9.39,8,-64.2,10.0,42.85,0.5833,0.4581,LOCAL
626,"Day 1, 10:26",88.44,19.67,38.28,3.44,2,-64.8,10.0,41.9,0.3418,0.3014,LOCAL
627,"Day 1, 10:27",88.04,19.82,33.03,2.39,6,-67.1,10.0,41.38,0.4638,0.2708,LOCAL
628,"Day 1, 10:28",87.26,19.97,28.96,2.33,7,-65.5,10.0,41.93,0.4855,0.2738,LOCAL
629,"Day 1, 10:29",88.0,20.12,21.84,1.19,9,-67.8,10.0,43.19,0.5292,0.256,LOCAL
630,"Day 1, 10:30",87.19,20.26,36.52,6.71,8,-66.0,10.0,40.21,0.5467,0.3694,LOCAL
631,"Day 1, 10:31",87.5,20.38,44.95,6.66,7,-64.7,10.0,37.31,0.5405,0.3462,LOCAL
632,"Day 1, 10:32",87.41,20.52,41.37,3.54,6,-62.3,10.0,37.99,0.4929,0.2731,LOCAL
633,"Day 1, 10:33",90.05,20.67,40.13,4.91,5,-63.1,10.0,40.87,0.4494,0.3297,LOCAL
634,"Day 1, 10:34",88.06,20.77,56.48,7.68,10,-64.0,10.0,43.88,0.6844,0.4243,LOCAL
635,"Day 1, 10:35",86.25,20.85,71.15,9.59,8,-64.5,10.0,46.81,0.6684,0.499,LOCAL
636,"Day 1, 10:36",88.15,21.0,50.9,5.54,2,-64.5,10.0,49.79,0.3844,0.4279,LOCAL
637,"Day 1, 10:37",87.7,21.12,50.74,5.63,7,-63.0,10.2,53.47,0.5594,0.4724,LOCAL
638,"Day 1, 10:38",88.73,21.27,43.68,5.28,4,-60.8,10.0,52.21,0.4279,0.4483,LOCAL
639,"Day 1, 10:39",86.8,21.43,32.49,1.27,4,-60.9,10.0,47.43,0.3914,0.297,LOCAL
640,"Day 1, 10:40",92.1,21.63,24.07,5.61,1,-62.8,10.0,44.1,0.2487,0.3745,LOCAL
641,"Day 1, 10:41",88.2,21.77,39.71,8.02,7,-61.5,10.0,40.06,0.519,0.401,LOCAL
642,"Day 1, 10:42",89.29,21.9,41.74,3.96,7,-59.4,10.0,37.05,0.5243,0.2768,LOCAL
643,"Day 1, 10:43",87.27,22.02,48.96,7.48,7,-62.2,10.0,34.19,0.5524,0.3448,LOCAL
644,"Day 1, 10:44",87.96,22.15,47.39,4.73,8,-62.3,10.0,36.33,0.5807,0.2909,LOCAL
645,"Day 1, 10:45",89.29,22.32,36.59,8.99,1,-64.8,10.0,42.69,0.2956,0.4467,LOCAL
646,"Day 1, 10:46",87.39,22.43,46.99,5.93,9,-65.9,10.0,41.58,0.6147,0.3609,LOCAL
647,"Day 1, 10:47",89.65,22.59,41.29,9.99,3,-64.7,10.0,41.42,0.3811,0.4611,LOCAL
648,"Day 1, 10:48",87.73,22.77,30.9,1.67,2,-62.6,10.0,37.77,0.3124,0.2248,LOCAL
649,"Day 1, 10:49",92.34,22.9,49.63,9.54,7,-61.4,10.0,34.84,0.5459,0.4008,LOCAL
650,"Day 1, 10:50",90.81,23.06,45.6,7.2,3,-62.3,11.4,33.81,0.3938,0.3393,LOCAL
651,"Day 1, 10:51",93.59,23.22,44.93,8.68,4,-61.6,10.0,36.39,0.4221,0.39,LOCAL
652,"Day 1, 10:52",93.79,23.42,33.12,6.5,1,-60.4,10.0,36.81,0.2751,0.3385,LOCAL
653,"Day 1, 10:53",92.2,23.62,23.55,2.69,1,-62.5,10.0,38.92,0.2437,0.2589,LOCAL
654,"Day 1, 10:54",93.16,23.83,17.99,1.72,2,-63.0,10.0,44.84,0.2575,0.2838,LOCAL
655,"Day 1, 10:55",92.16,24.0,28.07,4.5,6,-65.1,10.0,46.61,0.434,0.3698,LOCAL
656,"Day 1, 10:56",91.62,24.17,30.49,5.63,4,-66.7,10.0,43.85,0.373,0.3727,LOCAL
657,"Day 1, 10:57",90.03,24.34,25.94,2.08,6,-65.3,10.0,40.25,0.4292,0.254,LOCAL
658,"Day 1, 10:58",94.24,24.47,48.23,7.4,10,-65.6,10.0,42.48,0.6407,0.4052,LOCAL
659,"Day 1, 10:59",94.55,24.61,41.99,3.17,9,-64.6,10.0,39.25,0.5832,0.2734,LOCAL
660,"Day 1, 11:00",92.34,24.8,31.55,7.66,2,-66.5,10.0,45.39,0.3047,0.4374,LOCAL
661,"Day 1, 11:01",89.31,24.99,21.14,2.79,1,-67.4,10.0,43.47,0.2375,0.2984,LOCAL
662,"Day 1, 11:02",90.26,25.13,32.4,4.7,10,-65.3,10.0,48.17,0.5903,0.3901,LOCAL
663,"Day 1, 11:03",91.59,25.3,30.37,5.0,5,-65.3,10.0,51.22,0.4059,0.43,LOCAL
664,"Day 1, 11:04",94.33,25.46,41.27,8.6,6,-64.2,10.0,46.13,0.4748,0.4678,LOCAL
665,"Day 1, 11:05",91.73,25.58,46.08,3.96,10,-64.5,12.3,45.68,0.6353,0.3541,LOCAL
666,"Day 1, 11:06",91.96,25.75,39.91,6.12,3,-62.6,10.0,47.02,0.3681,0.4143,LOCAL
667,"Day 1, 11:07",93.26,25.9,41.68,5.67,8,-60.7,10.0,43.72,0.5471,0.3726,LOCAL
668,"Day 1, 11:08",93.48,26.05,32.68,1.47,9,-62.8,10.0,42.7,0.5501,0.2588,LOCAL
669,"Day 1, 11:09",93.38,26.22,30.67,3.72,6,-63.0,10.0,46.44,0.438,0.3487,LOCAL
670,"Day 1, 11:10",91.34,26.38,36.78,8.26,5,-63.6,10.0,44.9,0.4271,0.4479,LOCAL
671,"Day 1, 11:11",93.11,26.57,27.41,2.2,2,-63.8,10.0,45.91,0.2864,0.3057,LOCAL
672,"Day 1, 11:12",93.93,26.76,26.76,3.4,5,-63.3,10.0,42.28,0.3876,0.3035,LOCAL
673,"Day 1, 11:13",90.68,26.93,21.92,1.44,7,-61.2,10.0,44.54,0.4453,0.2741,LOCAL
674,"Day 1, 11:14",95.1,27.12,26.9,7.39,3,-62.4,10.0,50.33,0.3158,0.48,LOCAL
675,"Day 1, 11:15",91.76,27.31,24.03,3.51,4,-63.4,10.0,45.5,0.3455,0.3347,LOCAL
676,"Day 1, 11:16",90.81,27.51,17.16,7.13,1,-62.2,10.0,48.69,0.2176,0.4562,LOCAL
677,"Day 1, 11:17",93.86,27.73,15.08,2.91,2,-64.7,11.0,48.16,0.2404,0.3481,LOCAL
678,"Day 1, 11:18",93.22,27.85,50.4,9.36,10,-65.6,10.0,52.57,0.6448,0.5544,LOCAL
679,"Day 1, 11:19",96.37,27.96,63.79,6.96,10,-66.7,10.0,50.34,0.6868,0.4694,LOCAL
680,"Day 1, 11:20",91.31,28.13,45.09,6.9,1,-64.1,10.0,55.12,0.3137,0.5241,LOCAL
681,"Day 1, 11:21",93.59,28.28,49.27,8.82,6,-62.0,10.0,52.87,0.4996,0.5444,LOCAL
682,"Day 1, 11:22",93.37,28.42,49.23,7.04,6,-63.1,10.0,52.91,0.4996,0.5003,LOCAL
683,"Day 1, 11:23",91.31,28.56,50.5,7.81,6,-65.5,10.0,53.35,0.5069,0.5249,LOCAL
684,"Day 1, 11:24",95.87,28.73,36.16,1.16,6,-66.7,10.0,56.23,0.4497,0.395,LOCAL
685,"Day 1, 11:25",95.19,28.85,51.88,7.18,10,-68.4,10.0,57.06,0.6455,0.5567,LOCAL
686,"Day 1, 11:26",96.11,28.96,68.54,9.66,10,-67.5,10.0,54.22,0.7023,0.5817,LOCAL
687,"Day 1, 11:27",95.68,29.14,44.71,1.64,2,-66.6,10.0,51.73,0.3393,0.3517,LOCAL
688,"Day 1, 11:28",96.82,29.3,33.02,1.3,9,-67.7,10.0,51.42,0.5414,0.3397,LOCAL
689,"Day 1, 11:29",96.62,29.45,36.41,2.91,10,-69.2,10.0,52.66,0.5883,0.3942,LOCAL
690,"Day 1, 11:30",92.58,29.6,33.67,2.41,9,-66.7,10.4,56.54,0.5496,0.4315,LOCAL
691,"Day 1, 11:31",92.23,29.79,25.96,1.02,2,-67.8,10.0,59.71,0.2778,0.4411,LOCAL
692,"Day 1, 11:32",92.89,29.96,37.87,9.06,5,-68.9,10.0,58.71,0.4233,0.6272,LOCAL
693,"Day 1, 11:33",95.45,30.16,28.68,2.71,1,-68.4,10.0,57.54,0.247,0.4516,LOCAL
694,"Day 1, 11:34",92.03,30.31,34.82,4.81,8,-67.3,10.2,56.78,0.5184,0.4944,LOCAL
695,"Day 1, 11:35",95.5,30.46,44.93,7.14,7,-68.9,10.0,55.01,0.5133,0.5287,LOCAL
696,"Day 1, 11:36",93.53,30.66,29.04,2.65,1,-67.0,10.0,50.33,0.2503,0.3615,LOCAL
697,"Day 1, 11:37",96.21,30.85,31.88,9.19,4,-67.8,10.0,52.9,0.361,0.554,LOCAL
698,"Day 1, 11:38",97.18,31.06,27.39,9.47,1,-67.6,10.0,56.22,0.2385,0.6027,LOCAL
699,"Day 1, 11:39",93.23,31.26,22.2,1.03,2,-69.7,10.0,54.04,0.261,0.3638,LOCAL
700,"Day 1, 11:40",95.4,31.45,20.85,2.31,7,-68.8,11.9,49.51,0.4277,0.3495,OFFLOAD
701,"Day 1, 11:41",91.78,31.64,32.12,9.19,4,-66.1,10.0,53.74,0.3673,0.5641,LOCAL
702,"Day 1, 11:42",94.72,31.8,41.04,8.16,6,-64.8,10.0,53.4,0.4639,0.5342,LOCAL
703,"Day 1, 11:43",93.02,31.91,59.48,8.04,10,-62.4,10.0,54.19,0.6708,0.5408,OFFLOAD
704,"Day 1, 11:44",94.27,32.1,41.21,2.5,3,-64.9,10.0,49.76,0.3597,0.3516,LOCAL
705,"Day 1, 11:45",95.28,32.29,33.95,9.36,2,-64.3,10.0,54.63,0.2975,0.5794,LOCAL
706,"Day 1, 11:46",93.99,32.44,41.97,7.78,7,-66.7,10.0,55.29,0.5022,0.5482,LOCAL
707,"Day 1, 11:47",97.0,32.58,45.96,4.1,10,-67.8,10.0,58.6,0.6165,0.5015,OFFLOAD
708,"Day 1, 11:48",92.8,32.77,40.71,6.64,4,-69.0,10.0,59.67,0.3941,0.5809,LOCAL
709,"Day 1, 11:49",93.81,32.9,48.84,5.55,9,-67.7,10.0,56.65,0.5959,0.5104,OFFLOAD
710,"Day 1, 11:50",92.02,33.06,57.61,7.21,8,-69.0,10.0,58.16,0.594,0.5729,LOCAL
711,"Day 1, 11:51",96.41,33.23,43.73,2.31,5,-68.1,10.0,54.04,0.4336,0.3958,LOCAL
712,"Day 1, 11:52",93.36,33.38,45.75,6.65,5,-70.2,10.3,53.85,0.445,0.5029,LOCAL
713,"Day 1, 11:53",92.27,33.54,41.23,7.31,5,-69.3,10.0,57.44,0.4306,0.5652,LOCAL
714,"Day 1, 11:54",96.77,33.69,45.72,5.06,8,-71.0,12.3,53.5,0.5443,0.4644,OFFLOAD
715,"Day 1, 11:55",93.48,33.85,55.44,8.49,6,-70.2,10.3,49.27,0.513,0.4971,LOCAL
716,"Day 1, 11:56",94.24,34.02,38.86,1.89,5,-71.3,10.7,48.44,0.4186,0.3246,OFFLOAD
717,"Day 1, 11:57",97.55,34.23,31.78,7.39,2,-68.9,10.0,47.26,0.2836,0.4484,LOCAL
718,"Day 1, 11:58",95.78,34.43,29.17,7.43,2,-69.8,10.0,49.85,0.2768,0.4758,LOCAL
719,"Day 1, 11:59",96.66,34.64,25.45,7.06,2,-69.8,10.0,47.08,0.2621,0.4384,LOCAL
720,"Day 1, 12:00",95.2,34.76,53.68,9.96,10,-69.8,10.0,44.86,0.6429,0.49,OFFLOAD
721,"Day 1, 12:01",92.12,34.94,45.51,8.91,3,-71.0,10.0,48.53,0.3737,0.4992,LOCAL
722,"Day 1, 12:02",95.69,35.13,32.69,1.4,3,-72.2,11.2,44.91,0.3232,0.2799,LOCAL
723,"Day 1, 12:03",97.06,35.31,31.02,2.25,7,-69.5,10.0,41.55,0.455,0.2687,OFFLOAD
724,"Day 1, 12:04",97.6,35.52,29.38,8.43,2,-70.1,10.0,47.34,0.2731,0.4752,LOCAL
725,"Day 1, 12:05",92.28,35.68,26.99,2.35,8,-67.1,10.0,48.1,0.4825,0.3307,OFFLOAD
726,"Day 1, 12:06",94.98,35.89,30.41,3.32,8,-65.3,10.0,43.52,0.4901,0.3121,OFFLOAD
727,"Day 1, 12:07",95.21,36.09,34.46,5.14,6,-66.7,10.0,42.73,0.4337,0.3508,OFFLOAD
728,"Day 1, 12:08",96.86,36.3,33.37,5.83,5,-64.2,10.0,44.0,0.3921,0.3791,LOCAL
729,"Day 1, 12:09",92.36,36.44,40.93,6.64,9,-63.1,10.0,41.23,0.565,0.3758,OFFLOAD
730,"Day 1, 12:10",95.19,36.64,32.24,5.92,2,-63.5,10.0,38.56,0.2851,0.3369,LOCAL
731,"Day 1, 12:11",91.99,36.83,27.23,6.55,2,-64.6,10.0,42.91,0.2721,0.3876,LOCAL
732,"Day 1, 12:12",96.68,37.03,26.29,4.47,4,-66.3,10.0,45.98,0.3315,0.3631,LOCAL
733,"Day 1, 12:13",96.4,37.25,19.53,1.95,1,-66.9,10.0,45.17,0.2029,0.2926,LOCAL
734,"Day 1, 12:14",95.0,37.44,25.25,6.26,5,-64.9,10.0,49.21,0.3647,0.4398,LOCAL
735,"Day 1, 12:15",94.22,37.61,29.41,4.0,6,-65.0,10.0,47.67,0.4152,0.3677,LOCAL
736,"Day 1, 12:16",92.41,37.79,25.97,3.15,5,-65.3,10.0,45.12,0.3706,0.3222,LOCAL
737,"Day 1, 12:17",95.88,37.93,49.33,8.9,8,-66.1,10.0,43.64,0.552,0.4526,OFFLOAD
738,"Day 1, 12:18",92.81,38.11,42.02,5.48,4,-67.3,10.0,44.48,0.3907,0.3746,LOCAL
739,"Day 1, 12:19",93.39,38.27,42.7,7.5,5,-65.2,10.0,43.84,0.427,0.4194,LOCAL
740,"Day 1, 12:20",95.97,38.42,41.13,3.87,10,-67.1,10.0,41.0,0.5924,0.3047,OFFLOAD
741,"Day 1, 12:21",95.1,38.61,41.9,7.61,4,-66.1,10.0,47.24,0.3861,0.4537,LOCAL
742,"Day 1, 12:22",93.15,38.78,36.28,7.05,3,-64.3,10.0,51.31,0.3341,0.4822,LOCAL
743,"Day 1, 12:23",95.14,38.97,32.36,7.55,3,-63.1,10.0,51.51,0.3171,0.4969,LOCAL
744,"Day 1, 12:24",91.94,39.16,24.85,1.16,4,-61.7,10.0,50.94,0.3303,0.3309,LOCAL
745,"Day 1, 12:25",93.61,39.34,23.11,1.98,5,-63.7,10.0,53.05,0.3564,0.3755,LOCAL
746,"Day 1, 12:26",94.42,39.49,41.34,7.12,9,-62.2,10.0,49.14,0.5588,0.4606,OFFLOAD
747,"Day 1, 12:27",93.15,39.69,29.34,3.24,5,-60.0,10.0,44.83,0.3784,0.3218,OFFLOAD
748,"Day 1, 12:28",92.14,39.9,20.48,1.48,3,-58.6,10.0,40.7,0.2786,0.2426,LOCAL
749,"Day 1, 12:29",96.53,40.12,17.73,6.15,2,-61.1,10.0,46.8,0.2271,0.4129,LOCAL
750,"Day 1, 12:30",91.32,40.28,35.55,8.22,6,-60.1,10.0,51.66,0.437,0.5154,LOCAL
751,"Day 1, 12:31",95.28,40.48,25.6,2.4,1,-61.8,10.0,54.08,0.2209,0.3985,LOCAL
752,"Day 1, 12:32",96.64,40.69,24.26,5.35,2,-61.1,10.0,50.9,0.2489,0.4352,LOCAL
753,"Day 1, 12:33",96.61,40.91,16.55,1.94,2,-63.3,10.0,53.75,0.2217,0.383,LOCAL
754,"Day 1, 12:34",95.2,41.1,18.93,2.71,7,-61.0,10.0,56.0,0.4068,0.4307,LOCAL
755,"Day 1, 12:35",93.24,41.28,26.13,6.21,5,-59.7,10.0,56.54,0.3647,0.5254,LOCAL
756,"Day 1, 12:36",94.73,41.44,42.19,8.8,7,-59.1,10.0,55.56,0.4884,0.5772,LOCAL
757,"Day 1, 12:37",93.26,41.57,38.83,2.52,10,-57.7,10.0,52.6,0.5837,0.3837,LOCAL
758,"Day 1, 12:38",92.66,41.75,32.83,2.04,4,-56.8,10.0,49.36,0.3533,0.3359,LOCAL
759,"Day 1, 12:39",91.35,41.92,35.12,8.66,3,-59.8,10.0,53.09,0.328,0.5431,LOCAL
760,"Day 1, 12:40",92.6,42.11,31.72,9.1,2,-59.9,10.0,54.16,0.2789,0.5669,LOCAL
761,"Day 1, 12:41",92.02,42.27,32.98,4.28,6,-59.1,10.0,55.67,0.424,0.4656,LOCAL
762,"Day 1, 12:42",91.65,42.44,33.53,6.12,5,-60.7,10.0,57.27,0.3912,0.5331,LOCAL
763,"Day 1, 12:43",96.12,42.6,40.57,7.46,6,-63.2,10.0,58.42,0.4439,0.5829,LOCAL
764,"Day 1, 12:44",92.12,42.73,51.17,8.05,8,-63.0,10.0,57.2,0.5568,0.5804,LOCAL
765,"Day 1, 12:45",90.26,42.91,39.14,4.27,1,-64.2,10.0,54.54,0.2722,0.4509,LOCAL
766,"Day 1, 12:46",91.26,43.02,51.09,6.06,10,-64.2,10.0,54.32,0.6274,0.4929,OFFLOAD
767,"Day 1, 12:47",92.17,43.2,43.05,1.73,10,-62.4,10.0,51.04,0.5976,0.3463,OFFLOAD
768,"Day 1, 12:48",95.8,43.4,37.82,4.48,4,-64.3,10.0,47.79,0.3636,0.3808,LOCAL
769,"Day 1, 12:49",92.6,43.54,39.59,3.58,8,-62.9,10.0,51.37,0.5144,0.3962,OFFLOAD
770,"Day 1, 12:50",94.96,43.74,40.98,4.73,8,-62.7,10.0,55.37,0.5154,0.473,LOCAL
771,"Day 1, 12:51",95.47,43.87,46.86,5.86,9,-61.2,10.0,58.63,0.57,0.5459,LOCAL
772,"Day 1, 12:52",92.81,44.06,34.58,6.66,2,-61.6,10.0,60.64,0.2857,0.5964,LOCAL
773,"Day 1, 12:53",93.46,44.21,37.49,4.05,8,-60.8,10.4,59.85,0.5047,0.5202,LOCAL
774,"Day 1, 12:54",95.06,44.39,28.31,1.48,6,-62.5,10.0,57.97,0.3999,0.427,LOCAL
775,"Day 1, 12:55",93.05,44.55,35.36,6.02,7,-63.2,10.0,59.28,0.4624,0.5595,LOCAL
776,"Day 1, 12:56",93.34,44.67,57.02,9.92,8,-61.5,10.0,54.92,0.5725,0.597,LOCAL
777,"Day 1, 12:57",94.32,44.85,39.13,1.54,3,-62.8,10.0,56.66,0.3332,0.4103,LOCAL
778,"Day 1, 12:58",90.22,45.0,33.99,2.85,7,-63.6,10.0,59.82,0.4611,0.4885,LOCAL
779,"Day 1, 12:59",93.44,45.13,45.01,5.55,10,-63.3,10.0,54.38,0.5997,0.4809,OFFLOAD
780,"Day 1, 13:00",93.14,45.3,49.54,4.49,9,-61.3,10.0,57.54,0.5807,0.4961,OFFLOAD
781,"Day 1, 13:01",91.75,45.48,42.21,7.97,4,-64.0,10.0,58.63,0.3819,0.5988,LOCAL
782,"Day 1, 13:02",88.74,45.66,31.4,6.36,2,-65.2,11.5,58.38,0.2783,0.559,LOCAL
783,"Day 1, 13:03",88.73,45.82,23.7,1.85,6,-67.5,11.4,55.59,0.3911,0.4079,LOCAL
784,"Day 1, 13:04",89.91,46.02,24.08,7.17,1,-65.5,10.0,53.32,0.2154,0.5085,LOCAL
785,"Day 1, 13:05",89.77,46.15,47.11,9.52,7,-65.2,10.0,54.32,0.506,0.5795,LOCAL
786,"Day 1, 13:06",92.61,46.28,53.08,6.6,8,-65.3,10.0,54.9,0.5575,0.5137,LOCAL
787,"Day 1, 13:07",88.03,46.4,46.36,2.75,8,-66.9,10.0,51.93,0.5406,0.3818,OFFLOAD
788,"Day 1, 13:08",88.24,46.55,51.08,7.35,7,-68.1,10.0,54.45,0.5216,0.5268,LOCAL
789,"Day 1, 13:09",88.93,46.68,40.91,1.72,10,-68.9,10.0,54.38,0.5898,0.3852,OFFLOAD
790,"Day 1, 13:10",89.28,46.86,37.07,4.14,5,-67.0,10.0,53.81,0.4005,0.4386,LOCAL
791,"Day 1, 13:11",88.88,47.03,35.71,8.61,2,-66.1,10.0,52.95,0.2911,0.5401,LOCAL
792,"Day 1, 13:12",93.11,47.19,40.88,7.09,5,-65.8,10.0,56.53,0.4076,0.5472,LOCAL
793,"Day 1, 13:13",92.78,47.35,30.75,1.08,7,-67.9,10.3,57.69,0.4424,0.4139,LOCAL
794,"Day 1, 13:14",90.83,47.46,56.6,9.73,9,-69.7,10.0,57.13,0.6057,0.6214,LOCAL
795,"Day 1, 13:15",89.98,47.64,34.32,2.3,1,-70.4,10.0,51.32,0.2487,0.3636,LOCAL
796,"Day 1, 13:16",88.54,47.81,31.85,5.99,4,-71.4,10.0,51.89,0.3469,0.4623,LOCAL
797,"Day 1, 13:17",87.62,47.98,26.48,4.21,4,-69.6,11.3,52.1,0.3293,0.4239,LOCAL
798,"Day 1, 13:18",89.27,48.17,21.01,2.52,1,-70.2,10.0,50.49,0.2024,0.36,LOCAL
799,"Day 1, 13:19",89.83,48.37,19.4,8.94,1,-70.0,11.3,48.82,0.1956,0.5065,LOCAL
800,"Day 1, 13:20",90.58,48.53,25.94,3.58,9,-67.8,10.0,51.48,0.4971,0.3974,OFFLOAD
801,"Day 1, 13:21",87.76,48.72,20.92,2.06,1,-68.9,10.0,51.46,0.2035,0.3592,LOCAL
802,"Day 1, 13:22",88.83,48.89,22.48,3.33,6,-70.6,10.3,52.3,0.3821,0.4012,LOCAL
803,"Day 1, 13:23",86.18,49.07,21.31,7.06,2,-70.0,10.0,54.21,0.2417,0.5166,LOCAL
804,"Day 1, 13:24",86.37,49.23,26.43,4.66,6,-70.3,10.0,56.01,0.3991,0.4796,LOCAL
805,"Day 1, 13:25",88.17,49.42,26.87,8.36,1,-71.0,10.0,54.18,0.2227,0.5487,LOCAL
806,"Day 1, 13:26",89.46,49.58,25.42,3.04,6,-68.4,10.0,57.51,0.3904,0.4595,LOCAL
807,"Day 1, 13:27",89.35,49.72,38.83,8.73,7,-68.4,10.0,57.24,0.4723,0.598,LOCAL
808,"Day 1, 13:28",88.21,49.86,31.89,2.35,10,-66.5,10.0,55.04,0.5545,0.4092,OFFLOAD
809,"Day 1, 13:29",89.7,50.05,27.02,3.75,4,-68.2,10.0,52.74,0.3249,0.4161,LOCAL
810,"Day 1, 13:30",89.61,50.2,33.59,3.22,8,-67.8,10.7,56.07,0.4879,0.4465,LOCAL
811,"Day 1, 13:31",84.87,50.38,23.88,3.35,1,-66.5,10.0,50.32,0.2157,0.3789,LOCAL
812,"Day 1, 13:32",86.68,50.55,21.25,4.17,3,-65.5,10.0,53.31,0.2735,0.4333,LOCAL
813,"Day 1, 13:33",87.66,50.73,22.04,7.67,3,-66.4,10.9,48.06,0.2746,0.4658,LOCAL
814,"Day 1, 13:34",84.14,50.88,27.75,3.04,6,-64.3,10.0,44.34,0.4046,0.3123,OFFLOAD
815,"Day 1, 13:35",85.35,51.03,47.73,7.38,10,-64.7,10.0,42.49,0.6125,0.4048,OFFLOAD
816,"Day 1, 13:36",85.53,51.18,50.54,7.95,5,-67.1,10.0,44.12,0.4468,0.4331,LOCAL
817,"Day 1, 13:37",88.76,51.35,35.46,5.27,2,-66.1,10.0,47.09,0.2839,0.3937,LOCAL
818,"Day 1, 13:38",84.51,51.45,55.45,9.0,8,-66.1,10.0,52.47,0.5701,0.5442,LOCAL
819,"Day 1, 13:39",87.35,51.61,39.42,1.67,3,-66.9,10.0,47.96,0.3345,0.3123,LOCAL
820,"Day 1, 13:40",83.11,51.71,44.89,5.05,9,-68.9,10.3,49.25,0.5699,0.4109,OFFLOAD
821,"Day 1, 13:41",86.53,51.89,32.27,1.58,2,-69.4,10.0,45.49,0.2753,0.2863,LOCAL
822,"Day 1, 13:42",87.97,52.04,37.83,6.72,6,-71.4,10.3,44.29,0.4324,0.4048,LOCAL
823,"Day 1, 13:43",86.1,52.22,22.8,2.24,1,-69.6,10.0,48.9,0.2073,0.3361,LOCAL
824,"Day 1, 13:44",88.02,52.42,19.1,8.25,1,-69.6,10.8,47.23,0.1912,0.4719,LOCAL
825,"Day 1, 13:45",85.01,52.56,24.78,3.57,7,-71.4,10.0,43.75,0.4254,0.3204,OFFLOAD
826,"Day 1, 13:46",83.34,52.76,16.46,5.18,1,-71.7,10.0,47.43,0.1885,0.3948,LOCAL
827,"Day 1, 13:47",82.15,52.93,13.51,1.12,4,-70.8,10.0,52.17,0.2847,0.3438,LOCAL
828,"Day 1, 13:48",85.23,53.03,45.93,8.28,10,-71.6,11.3,47.45,0.6034,0.4763,OFFLOAD
829,"Day 1, 13:49",84.56,53.2,33.29,2.12,1,-68.9,10.0,44.39,0.2449,0.2898,LOCAL
830,"Day 1, 13:50",83.47,53.33,39.75,6.57,5,-67.4,11.4,47.69,0.4089,0.4361,LOCAL
831,"Day 1, 13:51",84.16,53.45,37.89,3.98,10,-65.4,10.0,47.35,0.5762,0.3641,OFFLOAD
832,"Day 1, 13:52",83.2,53.61,36.77,7.21,3,-66.5,10.0,51.85,0.3285,0.4923,LOCAL
833,"Day 1, 13:53",84.49,53.76,28.09,1.65,6,-67.8,10.0,53.72,0.4009,0.3753,LOCAL
834,"Day 1, 13:54",82.38,53.88,31.89,3.76,9,-66.9,10.0,51.57,0.5222,0.4029,OFFLOAD
835,"Day 1, 13:55",85.42,54.05,30.03,4.91,2,-69.1,10.0,46.43,0.2659,0.3784,LOCAL
836,"Day 1, 13:56",80.54,54.15,44.37,5.82,10,-67.9,10.8,47.07,0.6033,0.4095,LOCAL
837,"Day 1, 13:57",82.75,54.3,36.91,8.51,2,-67.7,11.2,49.32,0.2936,0.5006,LOCAL
838,"Day 1, 13:58",84.84,54.45,34.17,6.66,3,-67.5,10.0,48.58,0.3157,0.4433,LOCAL
839,"Day 1, 13:59",85.35,54.61,29.81,2.81,3,-66.4,10.0,49.1,0.2994,0.3525,LOCAL
840,"Day 1, 14:00",79.87,54.74,37.98,8.31,5,-65.5,10.0,48.06,0.406,0.4793,LOCAL
841,"Day 1, 14:01",80.76,54.82,55.68,7.5,10,-67.3,10.0,52.83,0.6415,0.5109,OFFLOAD
842,"Day 1, 14:02",81.71,54.97,42.73,3.86,5,-66.6,10.0,52.78,0.4195,0.4194,LOCAL
843,"Day 1, 14:03",78.67,55.12,28.75,1.65,1,-64.5,10.0,47.56,0.2349,0.3079,LOCAL
844,"Day 1, 14:04",82.95,55.24,39.28,5.26,8,-63.9,10.0,47.07,0.5102,0.3933,OFFLOAD
845,"Day 1, 14:05",79.97,55.4,29.58,4.38,1,-63.3,10.0,45.49,0.2355,0.3563,LOCAL
846,"Day 1, 14:06",78.76,55.56,22.5,8.58,1,-65.6,10.0,46.94,0.2123,0.475,LOCAL
847,"Day 1, 14:07",81.64,55.66,48.62,8.65,9,-65.5,10.0,49.61,0.5792,0.5037,OFFLOAD
848,"Day 1, 14:08",79.68,55.8,44.42,3.93,9,-67.1,10.0,44.98,0.5672,0.3403,OFFLOAD
849,"Day 1, 14:09",83.03,55.96,35.35,3.17,6,-65.9,10.0,48.94,0.4253,0.3598,OFFLOAD
850,"Day 1, 14:10",78.54,56.12,25.35,6.95,1,-66.6,11.1,52.46,0.2217,0.4958,LOCAL
851,"Day 1, 14:11",77.51,56.25,31.33,7.08,5,-68.0,10.1,52.13,0.384,0.4926,LOCAL
852,"Day 1, 14:12",81.87,56.41,27.3,3.17,3,-68.6,10.0,55.4,0.2931,0.4344,LOCAL
853,"Day 1, 14:13",80.65,56.55,27.85,4.62,4,-69.3,10.0,55.45,0.3317,0.4712,LOCAL
854,"Day 1, 14:14",79.74,56.71,25.12,5.01,2,-68.9,10.0,49.81,0.2532,0.4149,LOCAL
855,"Day 1, 14:15",81.59,56.87,22.42,1.7,3,-68.3,10.0,54.14,0.2758,0.3817,LOCAL
856,"Day 1, 14:16",78.66,57.03,25.33,5.41,2,-68.5,10.0,53.12,0.2551,0.4621,LOCAL
857,"Day 1, 14:17",75.62,57.14,27.57,3.55,8,-69.4,10.0,56.89,0.4773,0.4637,LOCAL
858,"Day 1, 14:18",78.42,57.27,22.89,1.12,7,-70.6,10.0,56.6,0.4216,0.399,LOCAL
859,"Day 1, 14:19",78.88,57.44,18.17,6.01,1,-70.2,10.0,53.59,0.1941,0.4827,LOCAL
860,"Day 1, 14:20",75.02,57.56,29.7,6.31,6,-71.6,10.6,51.62,0.4151,0.4689,LOCAL
861,"Day 1, 14:21",78.14,57.7,27.54,8.52,2,-70.1,10.0,51.65,0.2626,0.5229,LOCAL
862,"Day 1, 14:22",80.16,57.84,32.22,7.52,5,-69.5,10.0,55.49,0.3808,0.5443,LOCAL
863,"Day 1, 14:23",78.93,57.95,29.43,1.59,10,-69.1,10.0,57.51,0.5477,0.4232,OFFLOAD
864,"Day 1, 14:24",77.36,58.11,19.68,1.74,1,-66.4,10.0,54.21,0.2007,0.3836,LOCAL
865,"Day 1, 14:25",76.38,58.22,36.44,7.04,7,-65.5,10.0,53.29,0.4707,0.5049,LOCAL
866,"Day 1, 14:26",76.8,58.33,28.61,1.42,9,-65.8,10.0,53.98,0.5125,0.3727,OFFLOAD
867,"Day 1, 14:27",77.74,58.49,25.82,1.94,5,-65.6,10.0,53.0,0.361,0.3739,LOCAL
868,"Day 1, 14:28",74.76,58.63,23.67,6.23,2,-65.8,10.0,53.66,0.2528,0.4891,LOCAL
869,"Day 1, 14:29",76.37,58.74,28.18,2.19,10,-66.4,10.0,55.61,0.546,0.4126,OFFLOAD
870,"Day 1, 14:30",72.95,58.87,33.73,5.28,8,-63.8,10.0,51.11,0.5003,0.4358,OFFLOAD
871,"Day 1, 14:31",74.0,59.0,39.31,5.37,9,-63.9,10.0,52.0,0.5531,0.448,OFFLOAD
872,"Day 1, 14:32",75.22,59.14,40.0,5.38,6,-65.2,10.0,48.94,0.4485,0.4151,LOCAL
873,"Day 1, 14:33",74.4,59.26,31.38,3.39,3,-67.1,10.0,53.44,0.3143,0.4155,LOCAL
874,"Day 1, 14:34",72.45,59.36,32.45,3.27,7,-64.9,10.0,56.65,0.4609,0.4534,LOCAL
875,"Day 1, 14:35",71.52,59.42,57.38,8.69,9,-62.7,10.0,59.77,0.6194,0.6338,LOCAL
876,"Day 1, 14:36",76.51,59.49,50.1,3.2,10,-63.2,10.0,53.77,0.6214,0.4147,OFFLOAD
877,"Day 1, 14:37",73.83,59.61,48.59,4.05,9,-63.7,10.0,56.4,0.5849,0.4695,OFFLOAD
878,"Day 1, 14:38",75.74,59.74,39.54,2.08,2,-65.5,10.0,53.66,0.3052,0.3854,LOCAL
879,"Day 1, 14:39",72.68,59.83,44.42,8.5,6,-63.1,10.0,57.94,0.4667,0.6021,LOCAL
880,"Day 1, 14:40",75.32,59.93,45.79,8.07,6,-62.0,10.0,52.55,0.4674,0.5219,LOCAL
881,"Day 1, 14:41",69.8,59.98,51.0,5.03,10,-64.7,10.0,51.47,0.6338,0.4335,OFFLOAD
882,"Day 1, 14:42",74.49,60.12,34.46,3.71,1,-66.7,10.0,55.06,0.2537,0.4435,LOCAL
883,"Day 1, 14:43",72.13,60.17,54.42,8.42,9,-64.8,10.0,56.52,0.607,0.5804,LOCAL
884,"Day 1, 14:44",69.17,60.24,44.7,1.96,9,-64.1,10.0,54.03,0.5773,0.3869,OFFLOAD
885,"Day 1, 14:45",74.22,60.38,34.44,8.21,1,-66.5,10.0,57.57,0.2537,0.5895,LOCAL
886,"Day 1, 14:46",73.15,60.5,29.37,3.68,4,-65.0,10.0,54.07,0.3423,0.4304,LOCAL
887,"Day 1, 14:47",67.91,60.58,36.96,7.02,6,-63.1,10.0,50.79,0.4466,0.4757,LOCAL
888,"Day 1, 14:48",71.24,60.7,32.31,4.62,3,-64.9,10.0,51.4,0.3202,0.4225,LOCAL
889,"Day 1, 14:49",68.61,60.81,30.62,8.75,3,-67.1,10.0,48.88,0.318,0.4986,LOCAL
890,"Day 1, 14:50",70.97,60.92,30.64,5.8,4,-66.9,11.9,46.72,0.3494,0.4088,LOCAL
891,"Day 1, 14:51",69.49,61.04,28.32,5.24,3,-68.3,10.0,49.38,0.3083,0.4161,LOCAL
892,"Day 1, 14:52",70.71,61.19,18.96,3.11,1,-66.8,10.0,46.02,0.2035,0.3295,LOCAL
893,"Day 1, 14:53",71.33,61.33,17.77,5.63,2,-67.6,10.0,44.24,0.2332,0.3763,LOCAL
894,"Day 1, 14:54",66.89,61.45,19.01,4.26,3,-66.0,11.7,48.52,0.279,0.3875,LOCAL
895,"Day 1, 14:55",69.1,61.59,17.19,6.57,1,-64.8,10.0,44.54,0.1991,0.4024,LOCAL
896,"Day 1, 14:56",66.44,61.7,23.91,6.3,5,-67.0,10.0,47.27,0.3665,0.4212,LOCAL
897,"Day 1, 14:57",68.48,61.81,24.47,4.64,5,-67.6,15.4,43.39,0.3652,0.3593,LOCAL
898,"Day 1, 14:58",65.3,61.92,25.7,4.9,1,-68.3,10.0,41.2,0.2341,0.3321,LOCAL
899,"Day 1, 14:59",64.98,61.98,43.46,7.43,8,-69.8,10.0,43.06,0.5417,0.4109,OFFLOAD
900,"Day 1, 15:00",67.34,62.07,57.24,7.61,10,-69.5,10.8,41.04,0.6562,0.4009,OFFLOAD
901,"Day 1, 15:01",65.14,62.17,38.46,1.21,3,-67.8,11.1,46.94,0.3486,0.2938,OFFLOAD
902,"Day 1, 15:02",68.22,62.26,55.53,8.58,9,-67.3,10.0,46.77,0.6136,0.4734,OFFLOAD
903,"Day 1, 15:03",64.9,62.34,59.55,6.44,9,-64.6,10.0,50.71,0.6326,0.4603,LOCAL
904,"Day 1, 15:04",66.66,62.44,40.37,1.36,1,-64.1,10.0,48.94,0.2827,0.3146,LOCAL
905,"Day 1, 15:05",67.6,62.51,33.88,1.35,9,-66.0,10.0,49.54,0.5384,0.3206,OFFLOAD
906,"Day 1, 15:06",62.44,62.63,26.15,1.86,4,-66.3,10.0,51.4,0.3439,0.3535,LOCAL
907,"Day 1, 15:07",64.62,62.73,28.68,9.65,3,-67.3,10.0,48.32,0.3144,0.5154,LOCAL
908,"Day 1, 15:08",65.41,62.85,23.63,5.53,1,-65.4,11.6,44.82,0.2253,0.3834,LOCAL
909,"Day 1, 15:09",62.26,62.89,42.44,6.01,10,-65.1,10.0,42.46,0.6108,0.3703,OFFLOAD
910,"Day 1, 15:10",62.53,62.98,48.43,5.44,8,-66.2,10.0,40.98,0.5613,0.3438,OFFLOAD
911,"Day 1, 15:11",65.6,63.09,34.72,1.51,3,-63.9,10.0,45.23,0.3335,0.2821,OFFLOAD
912,"Day 1, 15:12",64.91,63.2,35.83,3.47,9,-65.9,10.0,43.19,0.5482,0.313,OFFLOAD
913,"Day 1, 15:13",63.26,63.29,39.62,8.56,5,-66.3,10.0,41.13,0.4238,0.423,LOCAL
914,"Day 1, 15:14",60.32,63.32,52.15,6.32,10,-67.5,10.0,46.88,0.6471,0.4179,OFFLOAD
915,"Day 1, 15:15",63.26,63.42,35.16,1.95,2,-66.6,11.9,46.84,0.303,0.3137,LOCAL
916,"Day 1, 15:16",60.46,63.49,34.77,5.57,6,-67.5,10.7,46.24,0.4458,0.3951,OFFLOAD
917,"Day 1, 15:17",61.06,63.56,54.41,8.49,9,-67.0,10.0,43.29,0.6185,0.4393,OFFLOAD
918,"Day 1, 15:18",63.18,63.66,38.48,1.08,4,-65.8,10.0,46.01,0.3844,0.2787,OFFLOAD
919,"Day 1, 15:19",60.75,63.77,25.13,1.01,9,-67.1,10.0,49.86,0.5162,0.3154,OFFLOAD
920,"Day 1, 15:20",61.71,63.86,37.35,5.0,9,-68.8,10.0,54.78,0.5574,0.4722,OFFLOAD
921,"Day 1, 15:21",59.0,63.97,27.8,1.11,9,-67.0,10.0,52.19,0.5278,0.3437,OFFLOAD
922,"Day 1, 15:22",62.91,64.06,40.88,8.57,7,-68.2,10.8,49.99,0.4976,0.5082,LOCAL
923,"Day 1, 15:23",58.18,64.1,49.84,9.12,6,-70.2,10.0,54.26,0.501,0.5687,LOCAL
924,"Day 1, 15:24",62.56,64.15,42.73,2.71,8,-69.6,10.0,55.12,0.5395,0.4193,OFFLOAD
925,"Day 1, 15:25",61.8,64.25,31.75,4.96,2,-69.0,10.0,58.22,0.2921,0.5175,LOCAL
926,"Day 1, 15:26",61.17,64.3,46.21,8.95,7,-71.0,10.0,56.49,0.5185,0.5932,LOCAL
927,"Day 1, 15:27",57.81,64.36,41.11,4.94,5,-71.9,13.6,53.71,0.4356,0.4676,LOCAL
928,"Day 1, 15:28",59.04,64.42,33.78,1.65,5,-69.6,10.0,50.05,0.408,0.3335,OFFLOAD
929,"Day 1, 15:29",55.82,64.48,50.65,7.49,9,-67.8,10.0,50.05,0.6118,0.4794,OFFLOAD
930,"Day 1, 15:30",56.98,64.56,39.86,3.5,5,-66.2,10.0,50.65,0.4322,0.3862,LOCAL
931,"Day 1, 15:31",59.8,64.6,45.6,5.75,8,-67.1,10.0,48.22,0.553,0.417,OFFLOAD
932,"Day 1, 15:32",59.75,64.7,32.82,2.55,4,-65.5,10.0,50.96,0.3682,0.3659,LOCAL
933,"Day 1, 15:33",55.71,64.79,23.11,3.76,1,-63.6,10.0,51.64,0.2351,0.4037,LOCAL
934,"Day 1, 15:34",54.27,64.81,39.51,5.16,10,-65.7,10.0,46.73,0.6097,0.3875,OFFLOAD
935,"Day 1, 15:35",56.54,64.88,50.31,7.25,7,-65.5,10.0,50.63,0.5389,0.4797,LOCAL
936,"Day 1, 15:36",53.04,64.91,42.12,4.3,6,-64.7,10.0,46.08,0.4805,0.3598,OFFLOAD
937,"Day 1, 15:37",54.95,64.98,38.08,2.6,6,-64.9,10.0,49.73,0.4634,0.3538,OFFLOAD
938,"Day 1, 15:38",53.24,65.02,61.22,9.64,9,-62.9,10.0,46.86,0.6519,0.5008,OFFLOAD
939,"Day 1, 15:39",55.82,65.1,41.47,1.71,5,-65.3,10.0,42.47,0.4388,0.2629,OFFLOAD
940,"Day 1, 15:40",57.02,65.18,35.96,2.16,9,-65.0,10.0,45.3,0.5575,0.299,OFFLOAD
941,"Day 1, 15:41",56.92,65.28,28.39,6.42,2,-65.5,10.0,48.13,0.2861,0.4328,LOCAL
942,"Day 1, 15:42",54.77,65.32,36.72,6.62,6,-65.5,10.0,50.5,0.4584,0.4626,LOCAL
943,"Day 1, 15:43",51.96,65.33,42.32,3.92,10,-64.2,10.0,49.8,0.6222,0.3875,OFFLOAD
944,"Day 1, 15:44",55.72,65.41,35.02,6.69,4,-62.1,10.0,45.07,0.3809,0.4102,LOCAL
945,"Day 1, 15:45",53.27,65.49,29.17,5.94,1,-64.9,10.0,50.18,0.2589,0.4421,LOCAL
946,"Day 1, 15:46",50.42,65.57,20.51,3.1,1,-66.9,10.0,52.35,0.2328,0.3953,LOCAL
947,"Day 1, 15:47",54.22,65.65,23.08,3.31,3,-66.8,10.0,51.59,0.306,0.3919,LOCAL
948,"Day 1, 15:48",50.92,65.73,22.36,6.28,2,-67.3,10.0,50.16,0.2733,0.4504,LOCAL
949,"Day 1, 15:49",50.86,65.78,27.65,7.55,5,-67.6,10.0,46.39,0.3968,0.444,LOCAL
950,"Day 1, 15:50",52.93,65.84,26.91,1.32,5,-66.4,10.0,45.77,0.391,0.2824,OFFLOAD
951,"Day 1, 15:51",52.91,65.9,44.57,6.11,10,-64.5,10.0,43.69,0.6278,0.3833,OFFLOAD
952,"Day 1, 15:52",52.54,65.98,29.46,1.3,4,-62.9,10.0,44.76,0.3653,0.2726,OFFLOAD
953,"Day 1, 15:53",47.8,66.03,37.47,6.14,7,-65.3,10.0,42.52,0.5054,0.3741,OFFLOAD
954,"Day 1, 15:54",46.69,66.08,41.08,6.65,6,-62.9,10.0,41.62,0.4846,0.3793,OFFLOAD
955,"Day 1, 15:55",49.88,66.12,50.4,7.99,7,-62.9,10.0,44.42,0.5474,0.4368,OFFLOAD
956,"Day 1, 15:56",48.25,66.17,43.59,6.83,4,-63.0,10.0,45.9,0.4209,0.4213,LOCAL
957,"Day 1, 15:57",48.54,66.22,33.26,7.59,2,-63.2,10.0,49.53,0.3143,0.4764,LOCAL
958,"Day 1, 15:58",47.87,66.24,34.93,5.42,7,-61.4,10.0,50.37,0.4961,0.4311,OFFLOAD
959,"Day 1, 15:59",46.19,66.31,26.11,3.42,1,-62.3,10.0,50.24,0.2576,0.3797,LOCAL
960,"Day 1, 16:00",49.78,66.37,26.46,4.72,3,-61.2,10.0,49.67,0.3234,0.4061,LOCAL
961,"Day 1, 16:01",46.98,66.4,33.67,6.79,6,-63.7,10.0,54.12,0.4578,0.5088,LOCAL
962,"Day 1, 16:02",45.34,66.41,41.55,8.68,5,-62.5,10.0,54.47,0.4528,0.5603,LOCAL
963,"Day 1, 16:03",45.44,66.42,41.45,3.36,7,-64.2,10.0,50.25,0.5223,0.3784,OFFLOAD
964,"Day 1, 16:04",48.48,66.44,65.17,9.72,10,-66.5,10.0,54.15,0.7057,0.5824,OFFLOAD
965,"Day 1, 16:05",45.87,66.46,60.41,7.02,7,-66.5,10.0,54.51,0.5879,0.5193,OFFLOAD
966,"Day 1, 16:06",42.52,66.47,52.94,3.47,10,-67.6,10.0,49.02,0.6718,0.3681,OFFLOAD
967,"Day 1, 16:07",42.18,66.51,40.28,9.23,1,-66.3,10.0,46.17,0.3129,0.484,LOCAL
968,"Day 1, 16:08",42.87,66.49,46.33,7.19,8,-64.4,10.0,44.72,0.5781,0.4196,OFFLOAD
969,"Day 1, 16:09",45.19,66.54,38.63,2.23,6,-62.2,10.8,46.79,0.4776,0.317,OFFLOAD
970,"Day 1, 16:10",42.42,66.59,31.2,3.63,2,-64.5,10.0,51.5,0.3157,0.3988,LOCAL
971,"Day 1, 16:11",43.91,66.62,28.61,4.27,4,-62.8,10.0,50.75,0.3744,0.4066,LOCAL
972,"Day 1, 16:12",43.95,66.65,29.44,2.99,6,-64.2,10.0,52.87,0.4471,0.3987,LOCAL
973,"Day 1, 16:13",41.0,66.67,29.34,3.25,4,-65.7,10.0,47.55,0.3812,0.3477,LOCAL
974,"Day 1, 16:14",44.05,66.72,28.21,8.39,2,-63.9,10.0,50.69,0.3026,0.5088,LOCAL
975,"Day 1, 16:15",40.63,66.71,42.53,8.31,7,-66.0,11.5,52.66,0.5329,0.5334,LOCAL
976,"Day 1, 16:16",38.83,66.68,51.86,8.83,6,-66.4,10.0,50.62,0.5332,0.5192,LOCAL
977,"Day 1, 16:17",39.68,66.66,49.21,5.33,7,-67.1,10.0,50.02,0.5577,0.4251,OFFLOAD
978,"Day 1, 16:18",41.32,66.7,36.26,4.92,2,-68.0,10.0,50.57,0.3349,0.4208,LOCAL
979,"Day 1, 16:19",41.91,66.67,46.51,5.8,10,-69.1,10.0,46.54,0.6499,0.4017,OFFLOAD
980,"Day 1, 16:20",41.25,66.71,33.03,6.95,1,-70.0,10.2,45.78,0.2887,0.4238,LOCAL
981,"Day 1, 16:21",38.15,66.68,46.71,6.05,10,-69.1,10.0,49.58,0.6562,0.4384,OFFLOAD
982,"Day 1, 16:22",42.33,66.71,42.94,4.5,8,-68.0,10.0,51.49,0.5668,0.4205,OFFLOAD
983,"Day 1, 16:23",36.77,66.7,58.11,8.08,10,-66.6,10.0,48.69,0.6982,0.4799,OFFLOAD
984,"Day 1, 16:24",36.67,66.71,42.6,5.77,2,-68.4,10.0,46.51,0.364,0.4006,LOCAL
985,"Day 1, 16:25",40.29,66.75,30.51,1.29,2,-68.7,10.0,48.85,0.3162,0.3118,LOCAL
986,"Day 1, 16:26",35.26,66.71,39.92,4.57,9,-68.7,10.0,48.05,0.6017,0.3857,OFFLOAD
987,"Day 1, 16:27",34.72,66.73,40.05,5.96,5,-69.3,10.0,45.86,0.463,0.3993,OFFLOAD
988,"Day 1, 16:28",37.32,66.73,54.78,8.41,8,-68.8,10.0,50.18,0.6156,0.5039,OFFLOAD
989,"Day 1, 16:29",34.49,66.72,53.87,7.1,5,-66.3,10.0,46.07,0.5117,0.4297,OFFLOAD
990,"Day 1, 16:30",33.47,66.71,48.49,8.25,3,-67.6,10.8,44.06,0.4244,0.4423,LOCAL
991,"Day 1, 16:31",36.93,66.73,35.09,9.19,1,-65.2,10.0,45.15,0.3023,0.4735,LOCAL
992,"Day 1, 16:32",34.78,66.76,27.18,8.86,1,-65.9,10.0,48.46,0.2778,0.4971,LOCAL
993,"Day 1, 16:33",35.7,66.74,39.61,7.2,6,-66.2,10.0,53.16,0.495,0.5073,LOCAL
994,"Day 1, 16:34",34.62,66.74,39.58,8.87,4,-68.0,11.2,54.57,0.4265,0.5698,LOCAL
995,"Day 1, 16:35",37.3,66.68,56.11,7.54,10,-68.5,10.0,50.57,0.6904,0.4863,OFFLOAD
996,"Day 1, 16:36",34.53,66.67,56.32,9.78,6,-70.1,10.0,49.91,0.5553,0.5352,LOCAL
997,"Day 1, 16:37",32.18,66.64,54.17,9.18,4,-69.8,10.8,51.77,0.4814,0.543,LOCAL
998,"Day 1, 16:38",32.43,66.62,41.58,7.01,3,-67.5,11.8,49.02,0.4019,0.4618,LOCAL
999,"Day 1, 16:39",35.77,66.61,42.32,6.52,5,-69.7,10.0,52.34,0.4696,0.4807,LOCAL
1000,"Day 1, 16:40",29.58,66.59,39.6,6.91,4,-71.0,12.1,55.84,0.4344,0.5398,LOCAL
1001,"Day 1, 16:41",33.0,66.56,34.17,2.47,8,-71.3,10.0,59.73,0.5503,0.4776,OFFLOAD
1002,"Day 1, 16:42",33.95,66.59,28.26,3.96,2,-70.9,10.0,57.64,0.3181,0.4842,LOCAL
1003,"Day 1, 16:43",33.03,66.59,24.58,1.84,5,-69.6,10.8,51.77,0.4116,0.3596,OFFLOAD
1004,"Day 1, 16:44",32.9,66.59,46.08,8.09,9,-68.7,10.0,54.15,0.627,0.5416,OFFLOAD
1005,"Day 1, 16:45",33.5,66.6,36.73,7.82,3,-70.7,10.0,54.58,0.3834,0.5402,LOCAL
1006,"Day 1, 16:46",29.52,66.57,36.68,3.69,7,-69.1,10.0,51.0,0.5293,0.3948,OFFLOAD
1007,"Day 1, 16:47",30.79,66.56,43.21,7.34,5,-68.0,10.0,53.88,0.4802,0.5196,LOCAL
1008,"Day 1, 16:48",28.95,66.54,36.06,8.07,4,-66.3,10.0,56.52,0.423,0.5716,LOCAL
1009,"Day 1, 16:49",29.29,66.51,33.41,2.62,7,-68.2,10.0,54.9,0.5182,0.4142,LOCAL
1010,"Day 1, 16:50",31.34,66.44,56.07,8.51,10,-69.0,10.0,54.47,0.6996,0.5561,OFFLOAD
1011,"Day 1, 16:51",25.48,66.42,44.08,2.43,8,-68.5,10.0,56.44,0.5964,0.4296,OFFLOAD
1012,"Day 1, 16:52",27.46,66.39,51.92,8.11,7,-68.7,10.0,57.91,0.586,0.5918,LOCAL
1013,"Day 1, 16:53",27.86,66.32,49.82,4.49,10,-69.1,10.0,54.96,0.6831,0.4618,OFFLOAD
1014,"Day 1, 16:54",27.5,66.32,34.63,1.6,1,-69.5,10.0,55.17,0.3155,0.3922,LOCAL
1015,"Day 1, 16:55",24.12,66.27,38.01,6.45,6,-71.2,10.6,55.17,0.5075,0.5151,LOCAL
1016,"Day 1, 16:56",25.33,66.24,33.24,3.48,5,-70.4,10.4,53.94,0.454,0.425,LOCAL
1017,"Day 1, 16:57",24.04,66.21,25.21,1.03,5,-70.7,10.0,58.32,0.4279,0.4207,LOCAL
1018,"Day 1, 16:58",27.02,66.13,50.47,7.85,10,-68.8,11.6,53.57,0.6869,0.5331,LOCAL
1019,"Day 1, 16:59",25.42,66.06,45.82,3.28,10,-70.3,10.0,57.89,0.6731,0.4709,LOCAL
1020,"Day 1, 17:00",23.44,66.01,35.1,2.17,6,-69.1,10.0,55.85,0.4987,0.4152,OFFLOAD
1021,"Day 1, 17:01",22.81,66.0,35.68,2.86,9,-69.9,10.0,59.82,0.6067,0.4888,OFFLOAD
1022,"Day 1, 17:02",22.64,65.99,27.85,3.18,2,-69.7,10.0,62.8,0.3345,0.5451,LOCAL
1023,"Day 1, 17:03",21.23,65.96,29.37,6.79,3,-68.3,10.0,63.47,0.377,0.6471,LOCAL
1024,"Day 1, 17:04",23.18,65.92,36.05,6.75,5,-69.0,10.0,56.6,0.4675,0.5397,LOCAL
1025,"Day 1, 17:05",20.9,65.88,31.26,3.54,4,-70.7,10.5,57.11,0.4193,0.4679,LOCAL
1026,"Day 1, 17:06",23.1,65.82,44.64,9.61,6,-71.0,10.0,51.4,0.5328,0.5472,LOCAL
1027,"Day 1, 17:07",19.59,65.71,59.3,7.88,9,-72.2,10.0,50.88,0.6946,0.4982,OFFLOAD
1028,"Day 1, 17:08",24.0,65.69,40.88,2.67,4,-73.9,10.0,54.44,0.4486,0.4096,LOCAL
1029,"Day 1, 17:09",21.29,65.59,55.68,6.48,10,-74.9,12.3,52.37,0.7146,0.4868,OFFLOAD
1030,"Day 1, 17:10",23.37,65.55,49.78,9.31,3,-74.8,13.4,49.54,0.4458,0.5292,LOCAL
1031,"Day 1, 17:11",22.89,65.5,47.88,9.31,4,-72.4,10.0,51.22,0.475,0.5377,LOCAL
1032,"Day 1, 17:12",17.4,65.4,50.55,5.39,8,-71.0,11.5,55.13,0.6327,0.4906,OFFLOAD
1033,"Day 1, 17:13",16.45,65.34,54.55,6.01,9,-71.4,10.0,58.92,0.6832,0.554,OFFLOAD
1034,"Day 1, 17:14",20.34,65.3,48.2,6.96,4,-71.3,11.7,57.72,0.4802,0.5653,LOCAL
1035,"Day 1, 17:15",20.35,65.27,37.23,4.36,1,-72.8,10.0,57.5,0.3369,0.4923,LOCAL
1036,"Day 1, 17:16",19.76,65.21,41.1,8.45,5,-74.2,12.7,56.25,0.4914,0.5851,LOCAL
1037,"Day 1, 17:17",16.61,65.12,36.01,2.82,9,-71.4,10.0,51.01,0.6184,0.3732,OFFLOAD
1038,"Day 1, 17:18",18.38,65.1,28.87,2.56,5,-71.7,10.0,46.92,0.4508,0.3243,OFFLOAD
1039,"Day 1, 17:19",14.02,65.05,43.75,8.24,7,-70.2,12.4,50.86,0.5795,0.5138,OFFLOAD
1040,"Day 1, 17:20",13.55,65.0,36.23,4.63,5,-72.2,10.0,50.7,0.484,0.415,OFFLOAD
1041,"Day 1, 17:21",17.61,64.94,55.2,8.41,8,-72.7,10.0,52.0,0.6494,0.524,OFFLOAD
1042,"Day 1, 17:22",17.94,64.89,47.61,4.76,5,-72.5,10.2,56.51,0.5174,0.4892,LOCAL
1043,"Day 1, 17:23",16.82,64.82,43.51,5.6,5,-69.3,11.0,56.9,0.5048,0.518,LOCAL
1044,"Day 1, 17:24",16.87,64.7,60.78,8.2,9,-68.0,10.0,53.08,0.7054,0.5313,OFFLOAD
1045,"Day 1, 17:25",11.66,64.64,44.88,4.68,3,-67.2,10.8,53.66,0.4476,0.4527,LOCAL
1046,"Day 1, 17:26",16.0,64.57,39.39,4.83,5,-67.9,14.2,57.38,0.492,0.5145,LOCAL
1047,"Day 1, 17:27",14.16,64.5,33.32,4.67,5,-67.2,10.0,54.99,0.4736,0.4666,LOCAL
1048,"Day 1, 17:28",12.91,64.42,39.48,5.83,7,-64.6,10.0,49.32,0.5672,0.4303,OFFLOAD
1049,"Day 1, 17:29",15.2,64.34,64.65,9.38,10,-67.0,10.0,45.06,0.757,0.4774,LOCAL
1050,"Day 1, 17:30",10.73,64.22,57.35,5.61,7,-68.6,10.0,47.9,0.6333,0.4102,OFFLOAD
1051,"Day 1, 17:31",12.19,64.15,44.48,2.29,4,-68.7,10.0,49.7,0.4812,0.3457,OFFLOAD
1052,"Day 1, 17:32",10.43,64.11,29.98,6.46,1,-70.7,11.0,49.93,0.3281,0.4552,LOCAL
1053,"Day 1, 17:33",11.8,63.99,53.61,9.67,8,-68.5,10.0,48.17,0.654,0.5145,OFFLOAD
1054,"Day 1, 17:34",9.18,63.92,42.89,3.36,5,-69.6,10.4,49.83,0.5155,0.375,OFFLOAD
1055,"Day 1, 17:35",10.38,63.85,46.15,7.45,5,-68.0,10.5,54.28,0.5252,0.5287,LOCAL
1056,"Day 1, 17:36",11.92,63.8,30.84,6.61,1,-69.3,10.0,56.07,0.3293,0.5291,LOCAL
1057,"Day 1, 17:37",8.03,63.7,32.43,5.09,8,-70.8,10.0,54.42,0.5859,0.4699,OFFLOAD
1058,"Day 1, 17:38",7.83,63.66,24.79,2.44,2,-68.9,10.0,53.56,0.3495,0.3932,LOCAL
1059,"Day 1, 17:39",11.28,63.58,33.98,7.37,5,-69.2,10.0,50.16,0.4816,0.4777,LOCAL
1060,"Day 1, 17:40",7.59,63.48,43.87,7.66,6,-70.5,10.0,53.18,0.5569,0.5191,LOCAL
1061,"Day 1, 17:41",9.62,63.37,35.5,2.14,9,-69.6,10.0,51.82,0.6298,0.3652,OFFLOAD
1062,"Day 1, 17:42",10.14,63.32,34.91,2.14,10,-69.9,10.0,54.66,0.662,0.3993,LOCAL
1063,"Day 1, 17:43",5.96,63.25,26.95,2.47,3,-70.2,10.0,58.61,0.3955,0.4609,LOCAL
1064,"Day 1, 17:44",6.68,63.17,30.01,6.65,4,-69.8,10.0,53.9,0.4403,0.5025,LOCAL
1065,"Day 1, 17:45",7.8,63.08,33.66,5.43,6,-68.0,10.6,48.72,0.5215,0.4157,OFFLOAD
1066,"Day 1, 17:46",3.54,63.01,33.91,2.83,7,-66.6,10.0,49.77,0.5639,0.36,OFFLOAD
1067,"Day 1, 17:47",4.53,62.94,28.05,6.19,3,-64.1,10.0,51.84,0.402,0.4667,LOCAL
1068,"Day 1, 17:48",2.79,62.84,30.11,4.75,6,-63.4,10.0,46.64,0.5169,0.3764,OFFLOAD
1069,"Day 1, 17:49",6.24,62.77,42.08,7.0,7,-64.3,10.0,45.14,0.5888,0.4186,OFFLOAD
1070,"Day 1, 17:50",4.5,62.7,29.77,1.08,2,-63.6,10.0,45.26,0.3734,0.2716,OFFLOAD
1071,"Day 1, 17:51",1.0,62.61,43.58,9.28,6,-64.1,10.0,47.05,0.5671,0.4936,OFFLOAD
1072,"Day 1, 17:52",0.94,62.5,50.87,5.09,10,-63.1,10.0,50.82,0.7329,0.4278,OFFLOAD
1073,"Day 1, 17:53",1.11,62.41,46.04,5.07,7,-65.3,10.0,54.86,0.6109,0.475,OFFLOAD
1074,"Day 1, 17:54",2.85,62.32,41.16,2.38,10,-63.1,10.0,58.52,0.6963,0.4573,OFFLOAD
1075,"Day 1, 17:55",4.56,62.23,51.36,5.92,10,-63.8,10.0,54.09,0.7296,0.4866,LOCAL
1076,"Day 1, 17:56",1.03,62.09,43.81,2.57,8,-66.0,10.0,57.91,0.6387,0.4533,OFFLOAD
1077,"Day 1, 17:57",0.43,61.99,47.44,9.21,4,-65.3,10.4,58.01,0.5124,0.6218,LOCAL
1078,"Day 1, 17:58",1.15,61.89,42.55,9.88,2,-67.2,10.0,60.43,0.4244,0.6736,LOCAL
1079,"Day 1, 17:59",2.45,61.73,56.74,6.88,9,-68.6,11.9,55.1,0.7173,0.5286,OFFLOAD
1080,"Day 1, 18:00",2.88,61.64,44.18,4.54,4,-70.0,10.0,57.3,0.4978,0.4941,LOCAL
1081,"Day 1, 18:01",0.09,61.56,28.01,7.18,1,-67.7,10.0,60.5,0.3405,0.6073,LOCAL
1082,"Day 1, 18:02",0.46,61.44,41.14,8.78,6,-68.6,10.0,57.91,0.5611,0.6086,LOCAL
1083,"Day 1, 18:03",0.26,61.31,48.99,7.86,6,-66.4,10.0,57.82,0.5891,0.5843,LOCAL
1084,"Day 1, 18:04",1.28,61.17,45.05,3.38,9,-67.9,11.0,55.9,0.679,0.449,OFFLOAD
1085,"Day 1, 18:05",0.82,61.09,31.59,7.11,1,-66.6,10.0,56.47,0.3527,0.547,LOCAL
1086,"Day 1, 18:06",1.03,60.95,39.41,4.35,9,-68.9,12.7,57.46,0.66,0.4992,OFFLOAD
1087,"Day 1, 18:07",0.56,60.86,38.67,9.48,2,-67.6,10.0,56.93,0.4132,0.6125,LOCAL
1088,"Day 1, 18:08",0.94,60.76,33.68,1.87,5,-67.7,10.0,57.19,0.5003,0.4258,OFFLOAD
1089,"Day 1, 18:09",0.51,60.68,29.98,3.71,4,-65.3,10.0,55.7,0.4531,0.4517,LOCAL
1090,"Day 1, 18:10",0.99,60.56,40.82,9.23,6,-63.4,10.0,54.69,0.5606,0.5768,LOCAL
1091,"Day 1, 18:11",0.46,60.41,47.07,5.66,9,-65.4,10.0,49.4,0.6884,0.4268,OFFLOAD
1092,"Day 1, 18:12",0.42,60.33,38.79,3.2,3,-67.3,10.0,52.95,0.4496,0.4049,LOCAL
1093,"Day 1, 18:13",1.1,60.21,32.16,2.91,8,-66.3,10.0,52.41,0.6006,0.3913,OFFLOAD
1094,"Day 1, 18:14",0.78,60.11,42.44,4.89,10,-68.4,11.1,50.2,0.7072,0.4191,OFFLOAD
1095,"Day 1, 18:15",0.86,60.03,34.29,9.56,2,-67.7,10.5,54.61,0.3987,0.5855,LOCAL
1096,"Day 1, 18:16",1.22,59.89,48.42,7.68,8,-69.8,10.0,50.24,0.6578,0.4862,OFFLOAD
1097,"Day 1, 18:17",1.33,59.79,49.75,7.77,5,-68.2,10.0,50.43,0.5574,0.4906,OFFLOAD
1098,"Day 1, 18:18",0.07,59.67,60.69,9.4,7,-68.2,10.1,52.7,0.6678,0.5573,OFFLOAD
1099,"Day 1, 18:19",0.94,59.57,48.56,8.69,3,-67.9,10.0,54.32,0.4842,0.5587,LOCAL
1100,"Day 1, 18:20",0.77,59.4,63.86,8.85,9,-67.2,10.0,56.59,0.7482,0.5921,LOCAL
1101,"Day 1, 18:21",0.49,59.25,58.81,7.45,6,-68.2,10.0,57.65,0.6262,0.5716,OFFLOAD
1102,"Day 1, 18:22",1.2,59.17,35.68,3.15,1,-67.2,10.6,57.01,0.3693,0.4569,LOCAL
1103,"Day 1, 18:23",0.38,59.09,27.69,4.58,1,-66.0,10.9,60.35,0.3427,0.5425,LOCAL
1104,"Day 1, 18:24",0.37,58.97,37.17,5.82,7,-64.4,10.0,58.55,0.5861,0.5437,LOCAL
1105,"Day 1, 18:25",1.19,58.83,42.55,4.24,8,-64.9,10.0,55.81,0.6389,0.4665,OFFLOAD
1106,"Day 1, 18:26",0.61,58.75,33.44,4.68,2,-63.3,10.0,56.35,0.398,0.4846,LOCAL
1107,"Day 1, 18:27",0.47,58.64,37.76,6.91,5,-65.5,10.0,59.73,0.5185,0.5886,LOCAL
1108,"Day 1, 18:28",0.5,58.55,28.91,2.97,3,-66.6,10.0,56.13,0.4176,0.4389,LOCAL
1109,"Day 1, 18:29",0.41,58.48,22.78,8.7,1,-64.9,10.0,55.84,0.3264,0.5784,LOCAL
1110,"Day 1, 18:30",0.01,58.34,36.75,4.86,9,-63.8,10.0,57.25,0.6561,0.5013,LOCAL
1111,"Day 1, 18:31",0.0,58.17,64.82,9.59,9,-62.2,10.0,55.97,0.7546,0.6023,OFFLOAD
1112,"Day 1, 18:32",0.31,58.06,50.35,8.46,4,-60.6,10.0,51.34,0.5287,0.5178,LOCAL
1113,"Day 1, 18:33",1.31,57.97,39.62,5.61,1,-59.6,10.0,51.97,0.3847,0.4537,LOCAL
1114,"Day 1, 18:34",1.36,57.88,35.02,9.48,3,-60.4,10.0,49.14,0.4387,0.5196,LOCAL
1115,"Day 1, 18:35",1.18,57.73,47.62,6.71,10,-58.8,10.0,53.54,0.7283,0.4997,OFFLOAD
1116,"Day 1, 18:36",0.6,57.6,64.68,9.01,9,-60.8,10.0,48.57,0.7541,0.502,LOCAL
1117,"Day 1, 18:37",1.2,57.48,49.76,2.39,4,-62.1,10.0,50.74,0.5262,0.3594,OFFLOAD
1118,"Day 1, 18:38",1.05,57.38,45.06,7.34,5,-63.5,10.0,50.97,0.5451,0.4857,OFFLOAD
1119,"Day 1, 18:39",1.25,57.29,45.23,4.62,7,-64.5,10.0,48.25,0.6155,0.389,OFFLOAD
1120,"Day 1, 18:40",0.25,57.18,48.75,7.97,6,-65.4,10.6,45.3,0.5945,0.4461,OFFLOAD
1121,"Day 1, 18:41",1.15,57.09,46.48,8.08,5,-64.5,10.0,48.59,0.5503,0.4789,OFFLOAD
1122,"Day 1, 18:42",0.34,57.0,37.21,1.69,8,-66.9,10.0,44.6,0.6242,0.2809,OFFLOAD
1123,"Day 1, 18:43",0.63,56.88,60.54,9.49,9,-66.2,10.0,45.08,0.7406,0.4803,OFFLOAD
1124,"Day 1, 18:44",0.94,56.78,49.92,8.16,2,-65.4,10.0,41.0,0.4582,0.4119,LOCAL
1125,"Day 1, 18:45",0.81,56.69,36.3,1.8,1,-65.4,10.0,44.83,0.3758,0.2857,OFFLOAD
1126,"Day 1, 18:46",0.21,56.61,30.24,3.27,6,-66.1,10.0,47.69,0.5306,0.3496,OFFLOAD
1127,"Day 1, 18:47",0.55,56.53,30.77,6.0,5,-65.4,10.0,48.02,0.4971,0.4212,OFFLOAD
1128,"Day 1, 18:48",1.48,56.45,32.53,5.16,6,-66.2,10.0,51.42,0.5369,0.4362,OFFLOAD
1129,"Day 1, 18:49",1.04,56.35,49.51,7.89,9,-65.6,10.0,53.16,0.7022,0.5245,OFFLOAD
1130,"Day 1, 18:50",0.52,56.24,56.17,7.24,9,-65.0,10.0,56.48,0.7265,0.5504,OFFLOAD
1131,"Day 1, 18:51",0.49,56.14,44.08,4.57,3,-66.5,10.0,51.29,0.4743,0.42,OFFLOAD
1132,"Day 1, 18:52",1.18,56.04,50.52,8.52,6,-64.7,11.4,50.29,0.601,0.5119,OFFLOAD
1133,"Day 1, 18:53",0.29,55.95,36.58,3.56,3,-64.2,10.0,49.68,0.4487,0.3772,OFFLOAD
1134,"Day 1, 18:54",0.95,55.85,52.99,8.77,8,-63.3,10.0,48.82,0.6803,0.4986,OFFLOAD
1135,"Day 1, 18:55",1.31,55.76,35.46,3.68,1,-61.5,10.0,52.13,0.3735,0.4072,LOCAL
1136,"Day 1, 18:56",1.0,55.66,31.03,4.05,5,-64.3,10.1,46.9,0.4986,0.3617,OFFLOAD
1137,"Day 1, 18:57",0.69,55.59,29.33,5.4,3,-65.4,10.0,44.04,0.4232,0.3686,OFFLOAD
1138,"Day 1, 18:58",0.61,55.52,25.4,3.09,5,-64.4,10.0,40.46,0.4797,0.2809,OFFLOAD
1139,"Day 1, 18:59",0.09,55.45,23.33,3.75,3,-66.9,10.0,39.02,0.4033,0.2861,OFFLOAD
1140,"Day 1, 19:00",0.92,55.37,34.52,4.38,9,-67.0,10.0,43.95,0.6514,0.3424,OFFLOAD
1141,"Day 1, 19:01",1.23,55.28,37.1,2.7,9,-68.5,10.0,41.35,0.6601,0.2783,OFFLOAD
1142,"Day 1, 19:02",0.68,55.19,38.05,4.47,7,-67.8,10.0,38.99,0.5943,0.3039,OFFLOAD
1143,"Day 1, 19:03",0.23,55.09,51.4,8.13,8,-65.8,10.0,38.21,0.6769,0.3895,OFFLOAD
1144,"Day 1, 19:04",0.57,55.0,38.02,8.84,1,-65.9,10.0,39.44,0.3847,0.4166,LOCAL
1145,"Day 1, 19:05",0.69,54.91,31.59,3.33,3,-66.8,10.0,43.28,0.4322,0.3102,OFFLOAD
1146,"Day 1, 19:06",0.18,54.83,25.85,2.52,6,-68.7,11.7,43.02,0.518,0.2927,OFFLOAD
1147,"Day 1, 19:07",1.03,54.74,46.0,7.04,10,-70.4,10.0,39.09,0.7274,0.369,LOCAL
1148,"Day 1, 19:08",0.65,54.63,39.4,5.53,4,-71.5,10.0,42.2,0.495,0.3561,OFFLOAD
1149,"Day 1, 19:09",0.7,54.54,35.77,5.46,2,-72.9,10.0,47.88,0.4123,0.4062,LOCAL
1150,"Day 1, 19:10",1.47,54.43,37.53,5.91,6,-69.8,10.0,44.61,0.5575,0.3866,OFFLOAD
1151,"Day 1, 19:11",0.46,54.34,39.64,8.4,4,-69.8,12.6,43.65,0.4965,0.4477,LOCAL
1152,"Day 1, 19:12",0.92,54.2,51.62,9.45,6,-71.4,10.0,49.49,0.608,0.5225,OFFLOAD
1153,"Day 1, 19:13",1.42,54.12,36.35,1.7,4,-71.0,11.4,50.91,0.4839,0.3481,OFFLOAD
1154,"Day 1, 19:14",1.16,54.05,25.21,1.3,3,-69.0,10.0,47.36,0.4104,0.2972,OFFLOAD
1155,"Day 1, 19:15",0.07,53.97,32.29,4.55,7,-70.5,10.0,52.22,0.577,0.4301,LOCAL
1156,"Day 1, 19:16",1.1,53.89,25.28,6.74,2,-69.9,10.7,54.75,0.376,0.5174,LOCAL
1157,"Day 1, 19:17",1.32,53.83,17.26,8.55,1,-70.2,10.5,55.25,0.3127,0.5683,LOCAL
1158,"Day 1, 19:18",1.34,53.76,17.11,5.47,2,-68.8,10.0,52.98,0.3472,0.462,LOCAL
1159,"Day 1, 19:19",1.07,53.65,22.92,2.42,10,-69.2,10.0,47.68,0.6481,0.3283,LOCAL
1160,"Day 1, 19:20",0.23,53.52,35.37,4.79,8,-68.0,10.0,47.49,0.6232,0.3856,OFFLOAD
1161,"Day 1, 19:21",0.34,53.43,42.43,7.54,6,-68.5,10.0,45.28,0.5779,0.4334,OFFLOAD
1162,"Day 1, 19:22",0.6,53.35,31.82,1.17,7,-68.8,10.0,49.27,0.5755,0.3132,OFFLOAD
1163,"Day 1, 19:23",0.03,53.27,29.15,3.19,7,-66.4,10.0,45.42,0.5671,0.3259,OFFLOAD
1164,"Day 1, 19:24",1.47,53.18,41.38,8.74,6,-67.4,10.0,45.82,0.5729,0.4684,OFFLOAD
1165,"Day 1, 19:25",1.38,53.1,30.43,4.48,3,-64.7,10.0,51.01,0.4298,0.4147,LOCAL
1166,"Day 1, 19:26",1.27,53.03,25.42,7.2,2,-62.5,10.0,46.04,0.3775,0.432,LOCAL
1167,"Day 1, 19:27",0.66,52.92,20.94,1.19,8,-62.7,10.0,43.26,0.5729,0.2566,OFFLOAD
1168,"Day 1, 19:28",0.62,52.83,41.75,8.5,7,-60.7,12.7,44.06,0.6109,0.4541,OFFLOAD
1169,"Day 1, 19:29",1.05,52.71,63.73,9.3,10,-59.3,10.0,43.54,0.7924,0.4618,OFFLOAD
1170,"Day 1, 19:30",0.9,52.6,51.1,2.06,10,-58.4,10.0,44.06,0.7486,0.2854,LOCAL
1171,"Day 1, 19:31",1.05,52.45,49.64,4.49,10,-59.0,10.0,45.82,0.7435,0.3622,OFFLOAD
1172,"Day 1, 19:32",0.71,52.37,34.47,3.93,1,-60.1,10.0,44.02,0.376,0.3317,LOCAL
1173,"Day 1, 19:33",0.02,52.27,30.21,3.47,3,-60.9,10.0,45.43,0.4323,0.333,OFFLOAD
1174,"Day 1, 19:34",0.35,52.21,23.06,7.69,1,-60.2,10.0,49.12,0.3369,0.4746,LOCAL
1175,"Day 1, 19:35",0.52,52.14,15.75,2.55,1,-62.1,10.0,50.73,0.3111,0.3633,LOCAL
1176,"Day 1, 19:36",0.63,52.08,13.11,2.32,2,-64.1,10.0,52.8,0.3368,0.3811,LOCAL
1177,"Day 1, 19:37",1.16,52.02,13.77,5.16,2,-65.0,10.0,52.93,0.3384,0.4536,LOCAL
1178,"Day 1, 19:38",0.86,51.94,14.55,2.18,4,-63.6,10.3,54.95,0.4117,0.4047,LOCAL
1179,"Day 1, 19:39",0.91,51.84,29.06,7.18,5,-64.1,10.0,53.78,0.4976,0.5144,LOCAL
1180,"Day 1, 19:40",0.78,51.68,56.91,8.49,10,-62.0,10.0,56.63,0.7705,0.5836,OFFLOAD
1181,"Day 1, 19:41",0.97,51.57,52.17,4.07,10,-63.6,10.0,60.55,0.7538,0.5304,OFFLOAD
1182,"Day 1, 19:42",0.3,51.46,58.52,6.18,9,-62.6,10.0,57.52,0.7422,0.5382,LOCAL
1183,"Day 1, 19:43",1.23,51.34,42.21,1.4,5,-63.6,10.0,53.15,0.5439,0.3622,OFFLOAD
1184,"Day 1, 19:44",0.63,51.26,31.94,8.14,2,-64.3,10.0,54.64,0.404,0.549,LOCAL
1185,"Day 1, 19:45",1.41,51.16,31.22,5.88,4,-66.9,10.0,49.73,0.4704,0.4358,LOCAL
1186,"Day 1, 19:46",1.14,51.02,45.98,6.26,9,-66.0,10.0,48.92,0.6977,0.4368,OFFLOAD
1187,"Day 1, 19:47",1.4,50.91,57.86,8.06,8,-64.4,11.2,51.47,0.7041,0.5126,OFFLOAD
1188,"Day 1, 19:48",0.94,50.77,72.42,9.88,9,-63.1,10.0,55.82,0.7909,0.6076,LOCAL
1189,"Day 1, 19:49",1.05,50.65,56.01,6.36,3,-62.2,10.0,58.57,0.5235,0.5576,LOCAL
1190,"Day 1, 19:50",0.71,50.52,48.95,9.95,4,-63.1,10.0,52.41,0.5345,0.5673,LOCAL
1191,"Day 1, 19:51",0.37,50.4,46.93,7.47,5,-62.2,10.0,55.16,0.5631,0.5388,LOCAL
1192,"Day 1, 19:52",1.29,50.28,49.32,9.92,4,-60.9,10.0,50.23,0.5353,0.5422,LOCAL
1193,"Day 1, 19:53",0.93,50.15,39.19,1.06,7,-59.6,10.0,54.69,0.6055,0.3726,OFFLOAD
1194,"Day 1, 19:54",1.3,50.06,41.84,5.35,7,-58.0,10.0,57.05,0.6144,0.5108,OFFLOAD
1195,"Day 1, 19:55",1.04,49.99,30.69,1.05,5,-59.9,10.0,53.09,0.5059,0.3528,OFFLOAD
1196,"Day 1, 19:56",0.9,49.91,29.55,1.8,9,-60.0,10.0,55.85,0.6422,0.406,OFFLOAD
1197,"Day 1, 19:57",0.84,49.81,49.09,9.68,8,-62.1,10.0,55.5,0.6758,0.5984,OFFLOAD
1198,"Day 1, 19:58",0.32,49.71,43.57,2.8,8,-64.4,10.0,56.85,0.6574,0.4444,OFFLOAD
1199,"Day 1, 19:59",1.02,49.63,37.93,8.48,4,-62.3,10.0,54.26,0.4968,0.5527,LOCAL
1200,"Day 1, 20:00",1.45,49.52,38.66,9.19,4,-60.4,10.9,49.84,0.4989,0.5222,LOCAL
1201,"Day 1, 20:01",0.32,49.44,26.64,1.27,2,-60.7,10.0,51.24,0.3886,0.3369,OFFLOAD
1202,"Day 1, 20:02",0.35,49.37,22.85,6.21,2,-61.3,10.0,52.82,0.3754,0.4786,LOCAL
1203,"Day 1, 20:03",1.31,49.31,17.88,7.74,1,-59.6,10.0,52.1,0.3216,0.5085,LOCAL
1204,"Day 1, 20:04",0.85,49.22,23.77,9.35,3,-60.9,10.0,54.2,0.4131,0.5738,LOCAL
1205,"Day 1, 20:05",1.14,49.13,30.0,7.0,4,-59.5,10.0,48.58,0.4696,0.4518,LOCAL
1206,"Day 1, 20:06",0.54,49.05,26.15,7.64,2,-62.2,10.0,53.55,0.3871,0.523,LOCAL
1207,"Day 1, 20:07",1.44,48.97,17.28,1.54,5,-63.0,10.0,54.18,0.4599,0.3782,OFFLOAD
1208,"Day 1, 20:08",0.19,48.89,27.19,6.22,7,-64.3,10.0,48.89,0.5666,0.4355,OFFLOAD
1209,"Day 1, 20:09",1.22,48.83,21.16,5.05,1,-62.6,10.0,53.03,0.334,0.452,LOCAL
1210,"Day 1, 20:10",1.42,48.72,29.06,4.58,8,-60.7,10.0,55.09,0.6065,0.4656,OFFLOAD
1211,"Day 1, 20:11",1.4,48.64,31.42,3.85,6,-59.2,10.0,56.61,0.5449,0.4674,OFFLOAD
1212,"Day 1, 20:12",1.39,48.56,34.08,3.99,8,-61.0,10.0,52.39,0.6244,0.4181,LOCAL
1213,"Day 1, 20:13",0.04,48.41,54.2,9.18,8,-62.9,10.0,49.74,0.697,0.5183,LOCAL
1214,"Day 1, 20:14",0.76,48.31,41.03,9.78,2,-61.1,10.0,47.69,0.44,0.5124,LOCAL
1215,"Day 1, 20:15",0.84,48.23,29.21,1.9,1,-60.2,10.0,49.23,0.3636,0.331,LOCAL
1216,"Day 1, 20:16",0.35,48.15,21.59,1.01,3,-58.7,10.0,48.44,0.4078,0.3007,OFFLOAD
1217,"Day 1, 20:17",0.79,48.08,26.6,5.29,6,-61.6,10.0,49.51,0.5298,0.4187,OFFLOAD
1218,"Day 1, 20:18",0.34,48.0,25.63,2.33,6,-60.4,10.0,54.49,0.5272,0.4018,OFFLOAD
1219,"Day 1, 20:19",0.29,47.94,19.71,1.78,4,-61.1,10.0,49.38,0.4366,0.3296,OFFLOAD
1220,"Day 1, 20:20",1.47,47.85,39.58,6.3,9,-61.9,10.0,44.64,0.6796,0.3966,OFFLOAD
1221,"Day 1, 20:21",0.93,47.78,25.43,1.57,1,-62.3,10.0,50.23,0.3509,0.3334,LOCAL
1222,"Day 1, 20:22",1.45,47.72,20.84,4.75,1,-62.0,10.0,50.09,0.3342,0.4113,LOCAL
1223,"Day 1, 20:23",0.61,47.63,20.51,2.9,4,-63.2,10.0,46.75,0.4394,0.3312,OFFLOAD
1224,"Day 1, 20:24",0.39,47.58,16.46,1.32,7,-62.6,10.0,49.71,0.5307,0.3215,LOCAL
1225,"Day 1, 20:25",1.37,47.5,21.42,9.62,2,-64.9,10.0,52.96,0.3717,0.5655,LOCAL
1226,"Day 1, 20:26",0.74,47.39,34.01,8.62,6,-66.9,10.0,51.92,0.5568,0.5284,LOCAL
1227,"Day 1, 20:27",0.18,47.25,44.71,5.38,9,-66.4,11.7,46.95,0.7003,0.4,LOCAL
1228,"Day 1, 20:28",0.7,47.13,45.14,9.32,4,-64.5,10.5,46.32,0.5262,0.4889,LOCAL
1229,"Day 1, 20:29",1.33,47.01,44.02,3.16,6,-65.8,10.0,45.54,0.5916,0.3262,OFFLOAD
1230,"Day 1, 20:30",0.65,46.93,31.19,2.18,3,-66.2,12.3,50.36,0.4428,0.3567,OFFLOAD
1231,"Day 1, 20:31",0.19,46.86,23.61,4.77,1,-68.5,10.6,47.58,0.3471,0.3877,LOCAL
1232,"Day 1, 20:32",0.71,46.78,22.32,4.82,3,-67.5,11.2,50.22,0.4119,0.4178,LOCAL
1233,"Day 1, 20:33",1.02,46.71,18.52,5.23,1,-65.5,12.1,53.93,0.3282,0.4734,LOCAL
1234,"Day 1, 20:34",0.26,46.64,20.1,2.23,2,-67.5,10.0,52.95,0.37,0.3806,LOCAL
1235,"Day 1, 20:35",1.12,46.55,28.53,9.87,3,-68.7,11.9,56.02,0.4333,0.6154,LOCAL
1236,"Day 1, 20:36",0.64,46.4,51.68,9.66,8,-69.2,10.0,51.3,0.6903,0.5474,OFFLOAD
1237,"Day 1, 20:37",0.86,46.29,57.31,9.16,7,-67.8,10.0,49.02,0.6749,0.5104,OFFLOAD
1238,"Day 1, 20:38",0.42,46.18,51.26,3.14,8,-66.0,10.0,46.11,0.6895,0.3311,LOCAL
1239,"Day 1, 20:39",0.39,46.06,43.83,5.61,5,-63.6,11.2,42.53,0.5587,0.3643,OFFLOAD
1240,"Day 1, 20:40",0.52,45.97,43.75,4.77,9,-63.8,10.0,41.83,0.6984,0.334,OFFLOAD
1241,"Day 1, 20:41",0.4,45.87,44.57,9.7,4,-61.8,10.0,45.99,0.5266,0.4939,LOCAL
1242,"Day 1, 20:42",1.38,45.73,51.7,7.0,7,-64.2,10.0,48.4,0.6553,0.45,OFFLOAD
1243,"Day 1, 20:43",1.02,45.64,39.27,7.02,1,-63.7,10.0,51.44,0.4025,0.4829,LOCAL
1244,"Day 1, 20:44",1.08,45.49,48.89,5.47,10,-62.4,10.0,52.07,0.7513,0.4513,OFFLOAD
1245,"Day 1, 20:45",1.5,45.39,51.16,5.1,10,-62.0,10.0,48.2,0.7587,0.4004,OFFLOAD
1246,"Day 1, 20:46",0.78,45.3,35.59,1.06,6,-60.6,10.0,52.58,0.5654,0.347,OFFLOAD
1247,"Day 1, 20:47",1.23,45.23,27.64,2.15,6,-62.1,10.2,56.32,0.5371,0.4216,OFFLOAD
1248,"Day 1, 20:48",0.29,45.15,31.13,4.5,8,-61.3,10.0,52.28,0.6208,0.4295,OFFLOAD
1249,"Day 1, 20:49",0.83,45.09,22.01,3.28,1,-61.4,10.0,49.84,0.3432,0.3719,LOCAL
1250,"Day 1, 20:50",0.92,45.02,18.3,4.18,2,-60.6,10.0,54.55,0.3651,0.4488,LOCAL
1251,"Day 1, 20:51",0.68,44.95,19.15,8.47,1,-60.9,10.0,53.74,0.3336,0.5461,LOCAL
1252,"Day 1, 20:52",0.87,44.82,39.75,7.2,8,-60.6,10.0,55.87,0.6506,0.5413,OFFLOAD
1253,"Day 1, 20:53",0.24,44.72,50.49,7.67,8,-61.9,10.0,54.47,0.6893,0.5351,LOCAL
1254,"Day 1, 20:54",0.52,44.6,41.59,4.04,5,-62.4,10.0,58.78,0.5529,0.5026,OFFLOAD
1255,"Day 1, 20:55",0.74,44.52,33.69,2.61,4,-61.6,10.0,55.0,0.49,0.4153,OFFLOAD
1256,"Day 1, 20:56",1.29,44.44,33.4,9.04,3,-61.6,10.0,51.71,0.4533,0.5365,LOCAL
1257,"Day 1, 20:57",0.75,44.32,44.21,8.28,5,-61.9,10.0,51.37,0.5622,0.5137,LOCAL
1258,"Day 1, 20:58",0.26,44.19,38.59,3.51,8,-60.6,10.0,51.85,0.6484,0.3998,OFFLOAD
1259,"Day 1, 20:59",0.06,44.1,34.31,2.59,9,-62.1,10.0,55.95,0.6688,0.427,OFFLOAD
1260,"Day 1, 21:00",1.24,43.99,54.0,7.28,10,-63.5,11.4,54.85,0.7711,0.5342,LOCAL
1261,"Day 1, 21:01",1.12,43.87,43.74,2.85,6,-64.3,10.0,52.09,0.5956,0.3861,OFFLOAD
1262,"Day 1, 21:02",1.33,43.79,36.04,9.99,2,-64.7,10.5,48.22,0.4285,0.5243,LOCAL
1263,"Day 1, 21:03",1.23,43.66,49.16,9.38,6,-65.3,10.0,50.26,0.6147,0.5289,OFFLOAD
1264,"Day 1, 21:04",0.71,43.56,41.92,9.94,2,-66.1,10.0,48.12,0.4503,0.5206,LOCAL
1265,"Day 1, 21:05",0.4,43.45,35.31,2.3,6,-65.9,14.4,53.14,0.5678,0.397,OFFLOAD
1266,"Day 1, 21:06",1.37,43.37,31.09,2.46,7,-65.2,10.0,56.07,0.5867,0.4254,OFFLOAD
1267,"Day 1, 21:07",1.02,43.3,28.39,2.88,6,-65.2,10.0,53.72,0.5429,0.406,OFFLOAD
1268,"Day 1, 21:08",0.38,43.21,37.58,7.25,7,-66.5,10.1,48.25,0.6111,0.4549,OFFLOAD
1269,"Day 1, 21:09",0.35,43.13,31.41,2.24,10,-68.6,10.0,43.88,0.6947,0.2883,OFFLOAD
1270,"Day 1, 21:10",0.04,43.03,45.01,7.65,7,-66.4,10.0,46.2,0.6379,0.4447,OFFLOAD
1271,"Day 1, 21:11",0.1,42.94,40.75,3.28,9,-65.5,10.0,46.71,0.6931,0.3403,OFFLOAD
1272,"Day 1, 21:12",0.93,42.83,51.68,5.9,10,-65.7,10.0,49.34,0.7652,0.4322,OFFLOAD
1273,"Day 1, 21:13",1.3,42.75,34.34,1.39,6,-64.2,10.0,47.8,0.5641,0.3037,OFFLOAD
1274,"Day 1, 21:14",0.0,42.65,51.28,9.64,7,-63.1,10.0,50.8,0.6605,0.5414,OFFLOAD
1275,"Day 1, 21:15",1.36,42.56,41.7,4.69,5,-63.6,10.0,49.7,0.5551,0.4057,OFFLOAD
1276,"Day 1, 21:16",0.86,42.45,48.66,6.25,7,-66.1,10.0,50.45,0.6503,0.4527,OFFLOAD
1277,"Day 1, 21:17",0.5,42.37,36.99,1.08,10,-65.9,10.0,50.82,0.7152,0.3275,OFFLOAD
1278,"Day 1, 21:18",0.59,42.3,25.69,3.79,2,-67.2,10.0,48.41,0.3956,0.3699,LOCAL
1279,"Day 1, 21:19",0.67,42.18,35.3,6.88,6,-67.1,10.0,49.19,0.5693,0.4551,OFFLOAD
1280,"Day 1, 21:20",0.79,42.11,26.78,3.9,1,-67.0,10.0,49.94,0.3644,0.3885,LOCAL
1281,"Day 1, 21:21",0.89,41.97,44.48,6.76,9,-66.2,11.5,45.86,0.7064,0.4236,OFFLOAD
1282,"Day 1, 21:22",0.71,41.89,29.58,2.74,2,-64.0,10.0,45.65,0.4096,0.3168,OFFLOAD
1283,"Day 1, 21:23",1.44,41.83,23.19,1.22,7,-64.8,10.0,45.2,0.5612,0.2747,OFFLOAD
1284,"Day 1, 21:24",0.77,41.75,32.08,9.36,4,-67.3,10.0,42.02,0.4885,0.4503,LOCAL
1285,"Day 1, 21:25",0.86,41.65,26.02,1.21,7,-68.6,10.8,43.46,0.5723,0.2612,OFFLOAD
1286,"Day 1, 21:26",0.83,41.56,35.91,7.68,5,-67.2,10.0,48.76,0.5371,0.4707,OFFLOAD
1287,"Day 1, 21:27",1.08,41.49,24.52,7.88,1,-66.9,10.0,46.86,0.357,0.4567,LOCAL
1288,"Day 1, 21:28",1.03,41.36,37.63,5.23,9,-65.0,10.0,50.77,0.6831,0.4308,OFFLOAD
1289,"Day 1, 21:29",0.85,41.29,29.4,4.44,4,-63.9,10.0,53.98,0.4797,0.4483,LOCAL
1290,"Day 1, 21:30",1.07,41.2,30.6,7.57,2,-65.2,10.0,49.08,0.4137,0.4713,LOCAL
1291,"Day 1, 21:31",0.62,41.07,39.03,5.16,9,-67.6,10.0,51.94,0.6891,0.4421,OFFLOAD
1292,"Day 1, 21:32",1.31,40.97,44.51,6.53,7,-68.1,10.0,48.08,0.6373,0.435,OFFLOAD
1293,"Day 1, 21:33",1.39,40.89,33.09,1.94,2,-69.9,10.0,52.92,0.4224,0.373,LOCAL
1294,"Day 1, 21:34",0.29,40.78,40.58,8.94,5,-70.1,10.0,55.81,0.5554,0.5839,LOCAL
1295,"Day 1, 21:35",0.49,40.63,53.94,7.55,8,-71.4,10.0,58.92,0.7071,0.5924,OFFLOAD
1296,"Day 1, 21:36",0.36,40.52,48.41,4.18,9,-70.7,10.6,61.46,0.7231,0.5494,OFFLOAD
1297,"Day 1, 21:37",1.04,40.42,46.88,4.55,8,-72.5,10.6,60.78,0.6819,0.5476,OFFLOAD
1298,"Day 1, 21:38",0.22,40.3,60.66,8.19,9,-73.1,13.4,56.11,0.7665,0.5789,OFFLOAD
1299,"Day 1, 21:39",0.25,40.17,72.02,7.99,10,-74.7,10.0,58.51,0.8414,0.5975,OFFLOAD
1300,"Day 1, 21:40",0.26,40.05,62.28,5.64,6,-74.8,10.0,59.76,0.6675,0.5573,OFFLOAD
1301,"Day 1, 21:41",0.05,39.95,44.63,3.55,3,-74.3,10.6,60.35,0.5012,0.516,LOCAL
1302,"Day 1, 21:42",0.34,39.8,55.95,8.16,7,-75.9,11.5,62.68,0.6806,0.6719,LOCAL
1303,"Day 1, 21:43",0.41,39.67,49.69,7.01,4,-73.8,10.5,63.0,0.5538,0.646,LOCAL
1304,"Day 1, 21:44",0.13,39.56,37.84,2.98,4,-73.2,12.3,59.82,0.5129,0.4984,LOCAL
1305,"Day 1, 21:45",1.06,39.41,50.57,7.04,10,-71.1,10.0,54.32,0.7663,0.5174,OFFLOAD
1306,"Day 1, 21:46",0.53,39.28,66.67,8.54,10,-72.1,10.3,51.68,0.8236,0.5245,OFFLOAD
1307,"Day 1, 21:47",0.81,39.15,73.44,7.99,10,-69.2,10.0,52.78,0.8471,0.5226,OFFLOAD
1308,"Day 1, 21:48",0.23,39.03,58.75,7.5,4,-70.7,10.0,55.53,0.5867,0.5443,LOCAL
1309,"Day 1, 21:49",0.98,38.87,58.63,5.56,9,-71.5,11.9,50.92,0.7604,0.446,OFFLOAD
1310,"Day 1, 21:50",0.55,38.76,50.87,3.3,9,-71.0,10.8,54.33,0.7341,0.4263,OFFLOAD
1311,"Day 1, 21:51",0.71,38.66,46.65,8.82,3,-68.0,10.8,55.8,0.5092,0.5832,LOCAL
1312,"Day 1, 21:52",0.74,38.51,57.94,8.72,8,-66.4,10.0,55.04,0.7239,0.5685,OFFLOAD
1313,"Day 1, 21:53",0.84,38.4,53.04,4.7,8,-68.3,10.0,58.98,0.7068,0.522,OFFLOAD
1314,"Day 1, 21:54",0.06,38.28,60.27,7.78,8,-67.5,10.0,55.44,0.7334,0.5501,OFFLOAD
1315,"Day 1, 21:55",1.37,38.18,44.79,3.74,3,-69.4,10.0,53.98,0.5025,0.4308,OFFLOAD
1316,"Day 1, 21:56",0.83,38.1,36.88,4.65,4,-70.0,10.0,56.58,0.5107,0.4869,LOCAL
1317,"Day 1, 21:57",0.12,38.0,34.83,8.7,2,-71.3,10.0,51.25,0.4347,0.5228,LOCAL
1318,"Day 1, 21:58",0.32,37.88,32.76,2.15,9,-69.2,12.6,51.01,0.6723,0.3638,OFFLOAD
1319,"Day 1, 21:59",0.45,37.8,28.77,2.44,7,-71.2,10.4,52.37,0.5883,0.3803,OFFLOAD
1320,"Day 1, 22:00",0.3,37.73,26.26,9.01,2,-72.7,10.3,53.45,0.4049,0.5569,LOCAL
1321,"Day 1, 22:01",0.7,37.66,21.59,9.74,2,-73.9,10.0,57.16,0.388,0.6221,LOCAL
1322,"Day 1, 22:02",1.21,37.58,18.61,3.07,4,-71.6,10.0,55.42,0.447,0.4321,LOCAL
1323,"Day 1, 22:03",0.29,37.42,51.15,9.14,10,-68.9,10.0,59.1,0.7725,0.6348,OFFLOAD
1324,"Day 1, 22:04",1.24,37.32,49.09,4.16,10,-70.6,10.6,61.48,0.764,0.5491,OFFLOAD
1325,"Day 1, 22:05",1.29,37.21,52.14,4.63,10,-70.6,11.1,62.2,0.7747,0.5745,OFFLOAD
1326,"Day 1, 22:06",1.35,37.08,71.81,9.34,10,-71.8,10.0,59.27,0.8437,0.6423,OFFLOAD
1327,"Day 1, 22:07",0.62,36.97,51.59,2.43,4,-70.0,10.0,57.45,0.5642,0.4434,OFFLOAD
1328,"Day 1, 22:08",0.85,36.86,58.58,7.23,9,-68.5,10.0,60.4,0.7634,0.6069,OFFLOAD
1329,"Day 1, 22:09",0.2,36.74,62.69,6.14,9,-66.4,11.0,58.64,0.779,0.556,OFFLOAD
1330,"Day 1, 22:10",1.31,36.64,46.75,4.24,3,-66.1,10.0,53.72,0.5117,0.4401,OFFLOAD
1331,"Day 1, 22:11",0.89,36.54,47.3,3.83,10,-66.7,10.0,53.29,0.7594,0.4247,OFFLOAD
1332,"Day 1, 22:12",1.01,36.42,59.02,9.64,7,-64.4,10.0,51.78,0.6954,0.5522,OFFLOAD
1333,"Day 1, 22:13",1.43,36.33,44.49,7.33,4,-64.1,10.0,48.0,0.5391,0.4543,OFFLOAD
1334,"Day 1, 22:14",0.7,36.24,38.46,8.48,3,-66.2,10.0,45.98,0.4842,0.4633,LOCAL
1335,"Day 1, 22:15",0.95,36.12,41.07,5.77,6,-65.0,10.0,45.26,0.5981,0.389,OFFLOAD
1336,"Day 1, 22:16",1.07,36.05,29.39,1.36,1,-63.8,10.0,46.37,0.3822,0.289,OFFLOAD
1337,"Day 1, 22:17",1.3,35.97,30.88,2.19,10,-65.6,10.0,49.09,0.7022,0.3368,OFFLOAD
1338,"Day 1, 22:18",1.13,35.9,26.33,1.8,6,-66.9,10.0,45.04,0.5466,0.2877,OFFLOAD
1339,"Day 1, 22:19",0.45,35.84,19.74,3.02,1,-69.0,10.0,43.79,0.3497,0.307,LOCAL
1340,"Day 1, 22:20",0.8,35.71,31.46,4.67,9,-68.6,10.0,43.53,0.6703,0.346,OFFLOAD
1341,"Day 1, 22:21",0.66,35.63,32.45,5.23,3,-65.9,10.0,47.45,0.4641,0.3962,OFFLOAD
1342,"Day 1, 22:22",0.06,35.56,27.66,3.99,3,-68.3,10.0,43.43,0.4484,0.3281,OFFLOAD
1343,"Day 1, 22:23",1.49,35.49,27.77,1.65,8,-69.9,10.0,47.31,0.6217,0.3053,OFFLOAD
1344,"Day 1, 22:24",0.8,35.42,23.57,3.63,1,-67.2,10.0,46.94,0.3632,0.3513,LOCAL
1345,"Day 1, 22:25",0.26,35.27,46.62,8.34,9,-65.7,10.9,44.45,0.7249,0.4484,OFFLOAD
1346,"Day 1, 22:26",0.56,35.17,47.3,6.71,5,-63.7,10.0,45.37,0.587,0.4134,OFFLOAD
1347,"Day 1, 22:27",0.62,35.08,41.83,8.8,3,-64.1,10.0,43.62,0.4979,0.45,LOCAL
1348,"Day 1, 22:28",0.99,34.96,39.55,4.28,7,-64.9,11.4,48.2,0.6295,0.3841,OFFLOAD
1349,"Day 1, 22:29",1.28,34.89,25.8,1.2,4,-64.3,10.0,45.26,0.476,0.2747,OFFLOAD
1350,"Day 1, 22:30",1.14,34.83,19.33,1.43,4,-62.7,10.0,48.59,0.4537,0.3126,OFFLOAD
1351,"Day 1, 22:31",0.49,34.77,15.39,5.81,1,-61.2,10.0,50.98,0.336,0.4476,LOCAL
1352,"Day 1, 22:32",1.42,34.64,38.55,7.24,10,-62.7,10.0,47.58,0.7309,0.4478,OFFLOAD
1353,"Day 1, 22:33",0.49,34.55,34.32,2.79,4,-60.5,10.0,43.85,0.5076,0.3017,OFFLOAD
1354,"Day 1, 22:34",1.0,34.47,35.67,3.55,9,-63.1,10.0,46.0,0.6866,0.3403,OFFLOAD
1355,"Day 1, 22:35",0.28,34.38,38.25,6.12,5,-64.7,10.0,45.49,0.5569,0.3998,OFFLOAD
1356,"Day 1, 22:36",0.91,34.29,40.34,7.8,5,-67.1,10.0,45.01,0.5634,0.4374,OFFLOAD
1357,"Day 1, 22:37",0.21,34.21,32.29,7.39,2,-69.1,10.4,41.28,0.4314,0.3963,LOCAL
1358,"Day 1, 22:38",0.64,34.11,36.67,9.39,3,-66.6,10.0,41.72,0.4812,0.4486,LOCAL
1359,"Day 1, 22:39",0.64,34.02,31.46,7.32,3,-67.5,11.5,44.54,0.4631,0.4254,LOCAL
1360,"Day 1, 22:40",1.25,33.92,31.43,6.03,3,-67.4,10.0,43.15,0.4622,0.3767,OFFLOAD
1361,"Day 1, 22:41",0.35,33.84,31.25,8.87,3,-64.9,10.0,42.66,0.4631,0.4435,LOCAL
1362,"Day 1, 22:42",0.52,33.7,44.27,6.36,9,-62.6,10.0,39.01,0.7186,0.3513,OFFLOAD
1363,"Day 1, 22:43",0.57,33.6,48.25,9.06,5,-63.7,10.0,38.17,0.5926,0.4125,OFFLOAD
1364,"Day 1, 22:44",0.89,33.52,36.52,2.87,5,-65.8,10.0,40.58,0.5512,0.2763,OFFLOAD
1365,"Day 1, 22:45",0.17,33.43,33.01,2.25,7,-67.9,10.0,38.46,0.6101,0.2444,OFFLOAD
1366,"Day 1, 22:46",1.04,33.33,52.18,9.03,8,-69.9,10.0,41.32,0.7111,0.4363,OFFLOAD
1367,"Day 1, 22:47",0.34,33.23,41.78,9.14,2,-71.2,10.0,44.27,0.4659,0.4642,LOCAL
1368,"Day 1, 22:48",0.32,33.13,36.98,4.9,4,-72.8,10.0,41.21,0.5193,0.3322,OFFLOAD
1369,"Day 1, 22:49",0.76,33.03,47.12,5.18,10,-71.2,10.9,38.83,0.7642,0.323,LOCAL
1370,"Day 1, 22:50",0.96,32.94,34.36,7.95,1,-70.8,10.1,36.66,0.4044,0.374,LOCAL
1371,"Day 1, 22:51",1.26,32.86,26.32,1.25,3,-71.1,10.0,38.69,0.4459,0.2211,OFFLOAD
1372,"Day 1, 22:52",0.69,32.8,17.65,2.42,2,-72.1,10.0,39.21,0.3816,0.2544,OFFLOAD
1373,"Day 1, 22:53",1.31,32.74,17.87,4.27,1,-70.9,10.0,43.08,0.3465,0.332,LOCAL
1374,"Day 1, 22:54",0.28,32.65,25.23,9.68,3,-71.0,10.0,39.29,0.4439,0.4365,LOCAL
1375,"Day 1, 22:55",0.29,32.56,28.28,7.77,3,-71.2,10.0,45.11,0.4547,0.4376,LOCAL
1376,"Day 1, 22:56",1.4,32.43,32.06,3.18,10,-72.1,10.0,49.68,0.7115,0.3677,OFFLOAD
1377,"Day 1, 22:57",1.06,32.36,30.67,8.82,2,-70.4,12.2,47.55,0.4272,0.4931,LOCAL
1378,"Day 1, 22:58",0.72,32.28,20.74,1.4,4,-67.4,10.0,47.37,0.4631,0.2997,OFFLOAD
1379,"Day 1, 22:59",0.95,32.21,25.2,2.14,10,-69.0,10.0,47.29,0.6885,0.3174,OFFLOAD
1380,"Day 1, 23:00",1.32,32.14,25.58,4.79,4,-66.6,12.5,51.15,0.4793,0.4311,LOCAL
1381,"Day 1, 23:01",0.45,32.02,37.67,8.12,6,-67.4,10.0,55.23,0.5931,0.556,LOCAL
1382,"Day 1, 23:02",0.56,31.9,39.87,7.82,5,-67.5,10.0,56.39,0.5658,0.5637,LOCAL
1383,"Day 1, 23:03",0.12,31.8,35.63,6.35,4,-68.1,10.0,58.52,0.5168,0.5566,LOCAL
1384,"Day 1, 23:04",0.2,31.72,30.0,9.67,1,-65.8,10.0,60.1,0.3921,0.6633,LOCAL
1385,"Day 1, 23:05",0.44,31.63,27.61,5.91,2,-64.7,11.5,57.76,0.4185,0.5391,LOCAL
1386,"Day 1, 23:06",1.14,31.56,22.86,4.54,2,-65.2,10.0,61.45,0.401,0.5566,LOCAL
1387,"Day 1, 23:07",0.15,31.48,21.12,4.81,2,-66.1,10.0,58.66,0.3965,0.5202,LOCAL
1388,"Day 1, 23:08",0.42,31.37,32.57,9.38,5,-64.2,10.0,52.95,0.5413,0.5593,LOCAL
1389,"Day 1, 23:09",0.32,31.2,62.52,9.99,10,-65.2,10.0,55.79,0.8215,0.61,LOCAL
1390,"Day 1, 23:10",0.91,31.07,49.04,4.5,5,-66.0,10.0,53.93,0.5987,0.4492,OFFLOAD
1391,"Day 1, 23:11",1.14,30.98,42.55,5.34,5,-63.6,10.0,53.24,0.5757,0.4618,OFFLOAD
1392,"Day 1, 23:12",0.17,30.89,39.67,5.13,5,-64.5,10.0,53.19,0.5673,0.4559,OFFLOAD
1393,"Day 1, 23:13",1.26,30.81,35.34,8.95,1,-67.0,10.0,57.02,0.4106,0.6005,LOCAL
1394,"Day 1, 23:14",0.54,30.72,30.76,4.57,3,-65.1,10.0,57.83,0.4658,0.5022,LOCAL
1395,"Day 1, 23:15",0.03,30.64,21.12,2.95,2,-66.3,10.0,57.42,0.3979,0.456,LOCAL
1396,"Day 1, 23:16",1.45,30.52,29.2,2.8,10,-64.1,10.0,56.37,0.7042,0.4379,LOCAL
1397,"Day 1, 23:17",0.89,30.37,46.46,7.37,10,-63.6,10.0,50.84,0.7657,0.4851,OFFLOAD
1398,"Day 1, 23:18",0.18,30.25,57.35,8.79,7,-62.9,10.0,51.79,0.7001,0.5311,OFFLOAD
1399,"Day 1, 23:19",0.85,30.14,52.86,8.75,5,-63.9,10.0,47.75,0.6135,0.4872,OFFLOAD
1400,"Day 1, 23:20",0.13,30.05,38.71,1.42,10,-62.7,10.0,45.85,0.7402,0.2856,LOCAL
1401,"Day 1, 23:21",0.67,29.94,31.6,1.78,7,-63.9,10.0,46.42,0.6097,0.3001,LOCAL
1402,"Day 1, 23:22",0.75,29.83,28.35,1.21,7,-64.5,10.0,42.41,0.5983,0.2498,LOCAL
1403,"Day 1, 23:23",1.18,29.73,31.92,7.11,5,-62.7,10.0,46.52,0.5404,0.4342,LOCAL
1404,"Day 1, 23:24",0.77,29.62,29.79,2.18,6,-60.7,10.0,50.09,0.5687,0.3472,LOCAL
1405,"Day 1, 23:25",0.57,29.51,37.67,8.1,5,-59.4,10.0,53.07,0.5617,0.5288,LOCAL
1406,"Day 1, 23:26",0.54,29.39,34.41,2.96,7,-61.1,10.0,48.26,0.6205,0.3476,LOCAL
1407,"Day 1, 23:27",0.07,29.26,27.73,2.04,10,-61.9,10.0,52.81,0.703,0.3742,LOCAL
1408,"Day 1, 23:28",1.37,29.14,40.61,7.44,6,-61.6,10.0,52.21,0.6064,0.5022,LOCAL
1409,"Day 1, 23:29",0.6,29.01,51.14,9.88,6,-61.8,10.0,53.66,0.6446,0.5803,LOCAL
1410,"Day 1, 23:30",0.43,28.9,38.3,3.27,3,-59.9,10.0,58.1,0.4951,0.4735,LOCAL
1411,"Day 1, 23:31",0.56,28.8,33.42,3.69,5,-59.4,10.0,61.39,0.548,0.5343,LOCAL
1412,"Day 1, 23:32",0.12,28.68,25.37,1.26,9,-61.9,10.0,60.47,0.6606,0.4588,LOCAL
1413,"Day 1, 23:33",0.55,28.61,16.26,1.72,2,-60.0,10.0,58.54,0.3832,0.4412,LOCAL
1414,"Day 1, 23:34",0.09,28.49,32.6,7.56,7,-61.5,10.0,60.91,0.6162,0.6232,LOCAL
1415,"Day 1, 23:35",1.33,28.41,24.42,1.4,3,-63.9,10.0,57.73,0.4458,0.4215,LOCAL
1416,"Day 1, 23:36",0.22,28.31,31.26,6.72,4,-62.2,10.0,52.74,0.5066,0.4904,LOCAL
1417,"Day 1, 23:37",1.03,28.18,37.02,4.68,9,-62.4,10.0,55.01,0.7007,0.4671,LOCAL
1418,"Day 1, 23:38",0.25,28.08,35.74,7.78,3,-62.3,10.0,51.9,0.4876,0.5072,LOCAL
1419,"Day 1, 23:39",0.19,27.97,36.8,5.47,5,-60.9,10.0,55.91,0.5616,0.4985,LOCAL
1420,"Day 1, 23:40",0.69,27.89,28.62,7.92,1,-59.5,10.0,57.39,0.3923,0.5798,LOCAL
1421,"Day 1, 23:41",0.32,27.82,20.98,4.59,1,-57.9,10.0,56.46,0.3662,0.4838,LOCAL
1422,"Day 1, 23:42",0.11,27.73,29.75,8.35,3,-57.5,10.0,59.42,0.4674,0.6199,LOCAL
1423,"Day 1, 23:43",1.43,27.58,42.09,5.63,10,-58.1,10.0,61.58,0.7538,0.5859,LOCAL
1424,"Day 1, 23:44",1.02,27.44,43.73,3.66,9,-60.8,10.0,62.17,0.7254,0.5464,LOCAL
1425,"Day 1, 23:45",1.11,27.29,54.17,6.94,9,-59.3,10.0,57.59,0.762,0.5581,LOCAL
1426,"Day 1, 23:46",0.72,27.18,37.16,2.19,4,-59.1,10.0,60.41,0.5282,0.4812,LOCAL
1427,"Day 1, 23:47",0.87,27.05,42.93,5.75,8,-59.6,10.0,59.55,0.6884,0.5568,LOCAL
1428,"Day 1, 23:48",0.33,26.93,45.27,7.81,4,-58.1,10.0,55.0,0.5575,0.5453,LOCAL
1429,"Day 1, 23:49",1.21,26.8,40.12,2.18,8,-57.4,10.0,58.45,0.6784,0.4513,LOCAL
1430,"Day 1, 23:50",0.8,26.69,31.63,1.9,7,-60.2,10.0,58.34,0.6145,0.4427,LOCAL
1431,"Day 1, 23:51",0.65,26.55,38.46,4.84,9,-58.3,10.0,54.97,0.7088,0.4706,LOCAL
1432,"Day 1, 23:52",1.33,26.38,61.14,8.93,10,-58.6,10.0,57.15,0.8224,0.6017,LOCAL
1433,"Day 1, 23:53",0.41,26.28,41.75,6.64,1,-61.4,10.0,51.29,0.4411,0.4717,LOCAL
1434,"Day 1, 23:54",0.94,26.18,34.0,6.67,4,-64.1,10.0,48.5,0.5183,0.4428,LOCAL
1435,"Day 1, 23:55",0.23,26.1,27.92,8.98,1,-66.6,10.0,48.44,0.3932,0.4999,LOCAL
1436,"Day 1, 23:56",0.18,26.03,24.47,8.65,1,-67.0,10.0,50.42,0.3813,0.5125,LOCAL
1437,"Day 1, 23:57",0.08,25.92,23.34,2.12,7,-66.9,10.0,50.97,0.5877,0.3552,LOCAL
1438,"Day 1, 23:58",1.23,25.78,45.72,7.23,10,-64.4,10.0,55.78,0.7695,0.5408,LOCAL
1439,"Day 1, 23:59",1.1,25.65,40.73,3.05,8,-66.0,10.0,59.11,0.6824,0.4827,LOCAL
1440,"Day 2, 00:00",1.37,25.52,48.71,9.9,5,-64.2,10.0,55.05,0.6052,0.5981,LOCAL
1441,"Day 2, 00:01",0.15,25.33,70.94,9.81,10,-63.8,10.0,54.47,0.8601,0.5886,LOCAL
1442,"Day 2, 00:02",1.12,25.16,70.06,8.34,8,-62.5,10.0,52.96,0.7858,0.5335,LOCAL
1443,"Day 2, 00:03",0.14,25.02,56.9,5.36,6,-61.5,10.0,51.22,0.6714,0.439,LOCAL
1444,"Day 2, 00:04",0.26,24.88,43.61,1.89,8,-60.2,10.0,54.5,0.6949,0.3909,LOCAL
1445,"Day 2, 00:05",1.02,24.78,36.89,9.59,2,-60.2,10.0,57.81,0.4604,0.6274,LOCAL
1446,"Day 2, 00:06",1.19,24.65,43.54,5.92,8,-61.6,10.0,55.51,0.6936,0.5045,LOCAL
1447,"Day 2, 00:07",0.93,24.56,31.13,2.42,2,-63.1,10.0,51.1,0.4407,0.3641,LOCAL
1448,"Day 2, 00:08",0.01,24.43,41.33,5.79,8,-62.1,10.0,50.05,0.688,0.437,LOCAL
1449,"Day 2, 00:09",0.03,24.34,28.29,1.31,2,-60.2,10.0,48.21,0.4324,0.3059,LOCAL
1450,"Day 2, 00:10",0.98,24.25,26.53,1.72,5,-62.6,10.0,52.76,0.53,0.3656,LOCAL
1451,"Day 2, 00:11",1.23,24.13,28.66,3.02,9,-60.8,10.0,56.5,0.6773,0.4451,LOCAL
1452,"Day 2, 00:12",0.49,24.02,33.73,7.35,5,-60.0,10.0,56.18,0.5563,0.5491,LOCAL
1453,"Day 2, 00:13",0.67,23.94,25.49,3.78,1,-58.6,10.0,55.69,0.3873,0.4533,LOCAL
1454,"Day 2, 00:14",0.36,23.82,39.76,8.66,7,-57.5,10.0,54.37,0.6479,0.5585,LOCAL
1455,"Day 2, 00:15",1.09,23.73,27.83,1.86,4,-60.2,10.0,55.12,0.5002,0.398,LOCAL
1456,"Day 2, 00:16",0.78,23.62,37.19,9.09,4,-61.0,10.0,50.59,0.5336,0.5253,LOCAL
1457,"Day 2, 00:17",0.85,23.5,44.23,9.57,5,-63.8,10.0,52.24,0.5933,0.5559,LOCAL
1458,"Day 2, 00:18",0.6,23.37,41.9,6.05,7,-65.6,10.0,56.49,0.6557,0.5207,LOCAL
1459,"Day 2, 00:19",0.61,23.21,60.57,8.88,8,-67.9,10.0,56.38,0.7563,0.59,LOCAL
1460,"Day 2, 00:20",0.83,23.06,54.46,4.12,8,-67.3,10.0,56.54,0.7348,0.4732,LOCAL
1461,"Day 2, 00:21",0.82,22.93,46.51,3.46,6,-65.3,10.0,54.01,0.6372,0.4242,LOCAL
1462,"Day 2, 00:22",0.51,22.75,64.45,9.1,10,-62.8,10.0,56.38,0.8407,0.5956,LOCAL
1463,"Day 2, 00:23",0.45,22.62,56.63,8.63,4,-60.8,10.0,58.16,0.6036,0.6084,LOCAL
1464,"Day 2, 00:24",1.4,22.48,54.74,7.36,6,-59.7,10.0,59.82,0.6658,0.6013,LOCAL
1465,"Day 2, 00:25",1.14,22.35,45.09,4.14,6,-60.1,10.0,55.61,0.6326,0.4614,LOCAL
1466,"Day 2, 00:26",0.87,22.21,47.18,6.21,8,-61.7,10.0,50.91,0.7105,0.4568,LOCAL
1467,"Day 2, 00:27",0.17,22.06,46.37,4.13,10,-61.6,10.0,50.29,0.779,0.3981,LOCAL
1468,"Day 2, 00:28",1.16,21.97,33.73,2.88,3,-62.3,10.0,50.12,0.4884,0.365,LOCAL
1469,"Day 2, 00:29",0.21,21.83,43.87,7.06,8,-63.2,10.0,51.39,0.7005,0.4834,LOCAL
1470,"Day 2, 00:30",0.82,21.73,35.26,3.08,4,-63.1,10.0,49.8,0.5296,0.3666,LOCAL
1471,"Day 2, 00:31",0.55,21.57,55.37,8.91,8,-65.6,10.0,50.89,0.7406,0.5242,LOCAL
1472,"Day 2, 00:32",0.73,21.46,44.46,1.95,4,-65.9,10.0,53.99,0.5623,0.3861,LOCAL
1473,"Day 2, 00:33",1.39,21.31,52.74,6.75,7,-67.1,10.0,57.8,0.6955,0.5563,LOCAL
1474,"Day 2, 00:34",0.88,21.18,46.0,3.8,8,-66.0,10.0,54.78,0.7079,0.4423,LOCAL
1475,"Day 2, 00:35",1.19,21.07,31.49,2.17,5,-67.2,10.0,55.24,0.5518,0.4073,LOCAL
1476,"Day 2, 00:36",0.76,20.98,31.82,9.92,3,-69.5,10.0,56.23,0.4838,0.614,LOCAL
1477,"Day 2, 00:37",0.82,20.85,36.04,3.98,9,-69.6,10.0,54.95,0.7086,0.4489,LOCAL
1478,"Day 2, 00:38",0.7,20.72,37.27,3.31,9,-71.1,10.0,51.33,0.7133,0.389,LOCAL
1479,"Day 2, 00:39",0.71,20.59,47.24,9.72,6,-68.6,10.0,51.24,0.6434,0.5482,LOCAL
1480,"Day 2, 00:40",0.12,20.48,41.65,6.55,3,-66.9,10.0,51.4,0.5199,0.4708,LOCAL
1481,"Day 2, 00:41",1.2,20.35,46.06,6.36,6,-64.3,10.0,50.3,0.6389,0.4539,LOCAL
1482,"Day 2, 00:42",1.15,20.25,35.06,1.9,4,-64.0,10.0,46.93,0.5306,0.308,LOCAL
1483,"Day 2, 00:43",1.26,20.12,48.65,9.65,6,-63.2,10.1,46.29,0.6482,0.4959,LOCAL
1484,"Day 2, 00:44",0.73,19.99,50.97,9.91,4,-64.2,10.0,45.64,0.5873,0.4959,LOCAL
1485,"Day 2, 00:45",1.33,19.87,42.99,4.64,5,-64.6,11.1,50.84,0.5937,0.42,LOCAL
1486,"Day 2, 00:46",0.31,19.75,38.22,3.81,6,-62.4,10.0,47.44,0.6137,0.3606,LOCAL
1487,"Day 2, 00:47",1.08,19.6,51.55,6.53,10,-62.8,10.0,42.94,0.7994,0.3874,LOCAL
1488,"Day 2, 00:48",0.6,19.46,49.43,5.14,7,-64.9,10.0,44.88,0.6879,0.3697,LOCAL
1489,"Day 2, 00:49",0.3,19.35,42.8,8.11,3,-63.0,10.0,50.21,0.5253,0.4967,LOCAL
1490,"Day 2, 00:50",0.51,19.22,34.19,1.95,8,-62.4,10.0,48.41,0.6701,0.3239,LOCAL
1491,"Day 2, 00:51",0.51,19.14,30.12,6.96,2,-64.8,10.0,45.59,0.446,0.4218,LOCAL
1492,"Day 2, 00:52",0.98,19.01,42.12,8.69,6,-65.4,10.0,46.09,0.6274,0.4696,LOCAL
1493,"Day 2, 00:53",1.19,18.86,52.03,5.3,10,-67.6,10.0,47.76,0.802,0.4011,LOCAL
1494,"Day 2, 00:54",0.23,18.69,62.53,8.48,9,-65.1,10.0,51.78,0.8055,0.5233,LOCAL
1495,"Day 2, 00:55",1.3,18.55,56.6,7.24,5,-65.1,10.0,51.41,0.6433,0.4881,LOCAL
1496,"Day 2, 00:56",0.68,18.46,39.02,2.85,1,-64.9,10.0,55.81,0.4429,0.4317,LOCAL
1497,"Day 2, 00:57",0.18,18.3,56.52,7.64,9,-66.6,10.0,55.29,0.7851,0.5447,LOCAL
1498,"Day 2, 00:58",0.35,18.18,47.12,7.69,3,-68.0,10.0,51.37,0.5421,0.4989,LOCAL
1499,"Day 2, 00:59",0.86,18.04,53.19,7.17,7,-69.1,10.0,55.88,0.7028,0.5406,LOCAL
1500,"Day 2, 01:00",0.21,17.94,35.46,1.91,2,-66.3,10.2,54.34,0.4669,0.39,LOCAL
1501,"Day 2, 01:01",0.23,17.82,41.54,5.19,6,-67.4,10.0,55.15,0.6283,0.4817,LOCAL
1502,"Day 2, 01:02",1.48,17.73,27.67,1.44,4,-64.7,10.0,52.42,0.508,0.3546,LOCAL
1503,"Day 2, 01:03",0.4,17.64,22.36,2.16,4,-67.2,10.0,52.13,0.4912,0.3693,LOCAL
1504,"Day 2, 01:04",1.5,17.57,22.1,7.25,2,-66.7,10.9,54.73,0.4187,0.5304,LOCAL
1505,"Day 2, 01:05",0.84,17.51,14.77,4.22,1,-68.1,10.0,56.64,0.3592,0.477,LOCAL
1506,"Day 2, 01:06",1.49,17.41,27.82,8.0,6,-68.7,10.8,58.21,0.579,0.5957,LOCAL
1507,"Day 2, 01:07",0.68,17.34,17.75,2.91,2,-68.7,10.5,52.55,0.4051,0.3944,LOCAL
1508,"Day 2, 01:08",0.68,17.22,35.04,8.16,7,-68.8,10.1,47.81,0.6408,0.4733,LOCAL
1509,"Day 2, 01:09",0.34,17.12,32.86,8.14,3,-67.8,10.0,52.31,0.4938,0.5208,LOCAL
1510,"Day 2, 01:10",0.45,16.99,43.98,6.64,7,-65.4,10.0,49.21,0.6728,0.4493,LOCAL
1511,"Day 2, 01:11",0.7,16.9,30.66,3.25,3,-66.4,10.0,47.93,0.4859,0.3515,LOCAL
1512,"Day 2, 01:12",1.48,16.81,29.7,8.05,2,-67.0,10.0,47.89,0.4465,0.4711,LOCAL
1513,"Day 2, 01:13",1.34,16.74,22.31,3.45,2,-64.5,10.0,46.53,0.4209,0.3429,LOCAL
1514,"Day 2, 01:14",0.85,16.65,26.5,4.63,4,-65.8,10.0,42.95,0.5065,0.3399,LOCAL
1515,"Day 2, 01:15",0.12,16.54,29.32,4.84,6,-64.2,10.0,42.07,0.5876,0.3377,LOCAL
1516,"Day 2, 01:16",0.71,16.44,23.27,1.18,7,-63.5,10.0,44.39,0.6007,0.2663,LOCAL
1517,"Day 2, 01:17",0.8,16.3,44.92,7.15,9,-64.2,10.0,44.34,0.7466,0.4151,LOCAL
1518,"Day 2, 01:18",1.01,16.18,44.14,8.06,4,-66.2,10.0,46.79,0.5687,0.4605,LOCAL
1519,"Day 2, 01:19",0.82,16.04,43.68,5.45,8,-68.4,10.5,47.68,0.7076,0.4056,LOCAL
1520,"Day 2, 01:20",0.58,15.93,35.38,1.91,5,-66.0,10.0,43.75,0.574,0.2789,LOCAL
1521,"Day 2, 01:21",0.95,15.84,34.28,7.16,3,-65.2,10.0,43.57,0.4998,0.4085,LOCAL
1522,"Day 2, 01:22",0.64,15.71,32.88,1.68,9,-63.7,10.0,46.03,0.7055,0.2938,LOCAL
1523,"Day 2, 01:23",0.7,15.61,32.42,6.18,4,-63.3,10.0,50.58,0.529,0.4524,LOCAL
1524,"Day 2, 01:24",1.3,15.52,31.68,9.01,3,-61.4,10.0,51.98,0.4907,0.5388,LOCAL
1525,"Day 2, 01:25",0.12,15.41,30.17,2.22,7,-61.4,10.0,53.92,0.6273,0.392,LOCAL
1526,"Day 2, 01:26",0.63,15.29,26.55,1.87,9,-62.9,10.0,51.55,0.6841,0.3554,LOCAL
1527,"Day 2, 01:27",0.84,15.19,27.84,3.51,5,-63.5,10.0,53.78,0.5484,0.4226,LOCAL
1528,"Day 2, 01:28",0.61,15.06,41.52,7.11,8,-64.9,10.0,56.77,0.7018,0.551,LOCAL
1529,"Day 2, 01:29",0.87,14.95,29.07,1.63,7,-66.3,10.0,58.11,0.623,0.4327,LOCAL
1530,"Day 2, 01:30",0.01,14.85,31.29,5.85,4,-66.5,10.0,57.25,0.5272,0.5261,LOCAL
1531,"Day 2, 01:31",1.4,14.78,19.74,1.97,1,-65.8,10.0,56.75,0.3798,0.4222,LOCAL
1532,"Day 2, 01:32",0.57,14.7,24.06,8.77,2,-64.5,10.0,53.19,0.4313,0.547,LOCAL
1533,"Day 2, 01:33",1.09,14.58,37.89,7.73,7,-62.8,10.0,53.89,0.6541,0.5294,LOCAL
1534,"Day 2, 01:34",1.13,14.49,29.52,2.93,3,-62.1,10.0,49.49,0.4849,0.3595,LOCAL
1535,"Day 2, 01:35",0.38,14.38,28.07,2.26,8,-63.6,10.0,52.11,0.6561,0.3716,LOCAL
1536,"Day 2, 01:36",1.08,14.3,22.12,2.27,2,-64.2,10.0,49.96,0.4243,0.348,LOCAL
1537,"Day 2, 01:37",0.96,14.17,34.49,4.93,10,-62.6,10.0,51.1,0.748,0.4269,LOCAL
1538,"Day 2, 01:38",0.26,14.05,28.7,1.19,9,-63.8,10.0,48.11,0.694,0.3018,LOCAL
1539,"Day 2, 01:39",0.49,13.97,25.99,6.66,2,-62.7,10.0,52.9,0.4393,0.4908,LOCAL
1540,"Day 2, 01:40",0.13,13.87,19.0,1.05,7,-61.0,10.0,49.95,0.5905,0.3174,LOCAL
1541,"Day 2, 01:41",0.14,13.75,33.32,7.75,6,-59.7,10.0,52.98,0.6058,0.5189,LOCAL
1542,"Day 2, 01:42",1.09,13.64,38.89,8.14,5,-61.1,10.0,49.04,0.589,0.4851,LOCAL
1543,"Day 2, 01:43",0.93,13.53,34.36,4.78,5,-63.2,10.0,52.41,0.5736,0.4381,LOCAL
1544,"Day 2, 01:44",0.88,13.42,34.55,6.52,6,-65.0,10.0,56.3,0.6095,0.5299,LOCAL
1545,"Day 2, 01:45",1.14,13.28,45.15,5.33,10,-64.0,10.0,57.3,0.7864,0.5138,LOCAL
1546,"Day 2, 01:46",0.65,13.18,37.05,7.22,2,-61.9,10.0,55.34,0.4789,0.5349,LOCAL
1547,"Day 2, 01:47",1.43,13.04,48.14,8.41,7,-62.3,10.0,56.98,0.6918,0.5864,LOCAL
1548,"Day 2, 01:48",1.15,12.91,39.73,2.43,8,-61.3,10.0,57.05,0.6979,0.4379,LOCAL
1549,"Day 2, 01:49",0.15,12.81,33.74,4.57,5,-62.1,10.0,57.13,0.5737,0.4925,LOCAL
1550,"Day 2, 01:50",0.32,12.68,34.76,3.62,9,-60.9,10.0,57.07,0.7172,0.4678,LOCAL
1551,"Day 2, 01:51",0.15,12.58,32.09,9.52,3,-60.6,10.0,60.2,0.4982,0.661,LOCAL
1552,"Day 2, 01:52",0.6,12.45,33.81,2.73,10,-58.7,10.0,55.21,0.7488,0.4209,LOCAL
1553,"Day 2, 01:53",0.72,12.37,24.21,5.84,1,-60.1,10.0,52.82,0.4001,0.4693,LOCAL
1554,"Day 2, 01:54",0.85,12.31,19.74,3.62,1,-60.5,10.0,51.4,0.3843,0.3975,LOCAL
1555,"Day 2, 01:55",0.78,12.2,33.63,8.01,5,-61.3,10.0,46.81,0.5732,0.4595,LOCAL
1556,"Day 2, 01:56",0.84,12.1,29.57,2.54,5,-63.2,10.8,49.84,0.5591,0.3559,LOCAL
1557,"Day 2, 01:57",1.21,11.96,41.98,5.98,9,-64.3,10.0,54.4,0.7422,0.4919,LOCAL
1558,"Day 2, 01:58",1.18,11.8,55.93,6.94,10,-64.7,11.1,52.99,0.8263,0.502,LOCAL
1559,"Day 2, 01:59",1.31,11.69,43.38,4.56,4,-67.1,10.0,56.02,0.5723,0.4773,LOCAL
1560,"Day 2, 02:00",1.3,11.54,53.17,6.37,8,-67.7,10.0,55.86,0.7469,0.5204,LOCAL
1561,"Day 2, 02:01",0.44,11.39,46.85,4.62,9,-66.9,10.0,50.54,0.7612,0.413,LOCAL
1562,"Day 2, 02:02",0.76,11.26,52.2,8.84,6,-66.1,10.0,49.46,0.6747,0.507,LOCAL
1563,"Day 2, 02:03",0.02,11.14,40.56,2.13,4,-65.9,10.0,47.93,0.5652,0.3235,LOCAL
1564,"Day 2, 02:04",0.99,11.03,41.39,7.46,5,-66.9,10.0,49.97,0.6019,0.4779,LOCAL
1565,"Day 2, 02:05",0.03,10.86,57.45,7.8,9,-68.2,12.0,51.01,0.7997,0.5034,LOCAL
1566,"Day 2, 02:06",0.05,10.77,37.89,2.07,1,-65.4,10.0,45.9,0.4514,0.3023,LOCAL
1567,"Day 2, 02:07",0.04,10.68,33.18,8.41,2,-65.0,10.0,51.22,0.47,0.5152,LOCAL
1568,"Day 2, 02:08",1.33,10.52,56.23,9.51,9,-62.6,10.0,53.12,0.794,0.5647,LOCAL
1569,"Day 2, 02:09",0.09,10.42,38.33,1.32,3,-61.1,10.0,48.42,0.5234,0.3082,LOCAL
1570,"Day 2, 02:10",0.53,10.26,57.35,9.1,9,-63.4,10.0,47.49,0.7996,0.4934,LOCAL
1571,"Day 2, 02:11",1.41,10.13,54.56,7.24,4,-63.0,10.0,50.77,0.6137,0.481,LOCAL
1572,"Day 2, 02:12",1.22,9.98,47.79,2.75,10,-60.7,10.0,53.0,0.8005,0.3942,LOCAL
1573,"Day 2, 02:13",0.32,9.85,47.24,8.62,5,-60.9,10.0,55.67,0.6251,0.5741,LOCAL
1574,"Day 2, 02:14",1.12,9.74,40.12,6.04,4,-62.5,10.0,52.87,0.5641,0.4749,LOCAL
1575,"Day 2, 02:15",0.54,9.66,30.93,4.78,1,-63.4,10.0,54.7,0.4279,0.4657,LOCAL
1576,"Day 2, 02:16",0.68,9.56,28.82,5.93,4,-61.5,10.0,50.74,0.5255,0.448,LOCAL
1577,"Day 2, 02:17",1.25,9.47,24.12,2.35,5,-61.4,10.0,48.38,0.5434,0.3335,LOCAL
1578,"Day 2, 02:18",0.05,9.32,47.31,8.39,9,-60.7,10.0,53.37,0.7665,0.5396,LOCAL
1579,"Day 2, 02:19",0.35,9.18,51.2,7.96,6,-61.7,10.0,56.49,0.6749,0.5685,LOCAL
1580,"Day 2, 02:20",0.27,9.07,41.2,5.9,4,-62.7,10.0,52.43,0.5702,0.4662,LOCAL
1581,"Day 2, 02:21",1.28,8.97,39.73,8.94,3,-64.1,10.2,49.59,0.5287,0.5115,LOCAL
1582,"Day 2, 02:22",1.46,8.87,37.24,8.76,3,-64.4,10.0,46.7,0.5198,0.4772,LOCAL
1583,"Day 2, 02:23",0.45,8.8,24.05,2.81,1,-62.4,10.0,51.89,0.4053,0.3828,LOCAL
1584,"Day 2, 02:24",0.26,8.66,33.63,3.01,10,-62.5,10.0,49.92,0.7543,0.366,LOCAL
1585,"Day 2, 02:25",0.81,8.56,35.83,9.63,3,-60.7,10.0,49.95,0.5163,0.5318,LOCAL
1586,"Day 2, 02:26",0.54,8.48,29.02,2.54,2,-63.5,10.0,47.59,0.4581,0.3303,LOCAL
1587,"Day 2, 02:27",1.07,8.35,38.95,7.1,7,-65.6,10.0,50.22,0.6672,0.4715,LOCAL
1588,"Day 2, 02:28",1.42,8.22,43.6,6.5,7,-67.6,10.0,46.2,0.6831,0.416,LOCAL
1589,"Day 2, 02:29",0.71,8.1,43.44,5.77,6,-66.9,10.0,47.21,0.6488,0.4074,LOCAL
1590,"Day 2, 02:30",0.15,7.95,45.0,3.87,10,-66.4,10.0,49.23,0.7954,0.3803,LOCAL
1591,"Day 2, 02:31",1.25,7.79,59.09,7.53,9,-66.7,10.0,47.32,0.8083,0.4525,LOCAL
1592,"Day 2, 02:32",0.71,7.67,42.03,1.84,6,-66.9,10.0,46.67,0.6446,0.3039,LOCAL
1593,"Day 2, 02:33",1.48,7.52,48.37,4.88,9,-68.8,10.0,45.33,0.7708,0.3673,LOCAL
1594,"Day 2, 02:34",1.45,7.42,35.09,2.38,3,-68.1,10.0,49.28,0.5145,0.3436,LOCAL
1595,"Day 2, 02:35",0.76,7.31,40.49,9.25,4,-69.9,10.0,46.55,0.5696,0.4881,LOCAL
1596,"Day 2, 02:36",1.27,7.16,50.36,6.68,10,-68.6,10.0,50.47,0.8136,0.4637,LOCAL
1597,"Day 2, 02:37",0.54,7.02,45.92,4.84,8,-67.9,10.0,47.9,0.7294,0.391,LOCAL
1598,"Day 2, 02:38",0.47,6.89,49.03,8.65,5,-68.9,10.0,50.15,0.6356,0.5096,LOCAL
1599,"Day 2, 02:39",1.46,6.72,64.06,9.66,9,-68.8,10.0,51.46,0.8269,0.5491,LOCAL
1600,"Day 2, 02:40",0.18,6.59,47.41,3.45,7,-69.5,10.0,48.35,0.7008,0.3608,LOCAL
1601,"Day 2, 02:41",0.4,6.47,33.49,1.85,6,-70.6,10.0,46.48,0.6169,0.3023,LOCAL
1602,"Day 2, 02:42",0.37,6.31,51.58,7.16,10,-70.9,10.0,43.73,0.8205,0.41,LOCAL
1603,"Day 2, 02:43",0.9,6.17,52.79,7.41,7,-68.3,10.0,41.42,0.7192,0.3966,LOCAL
1604,"Day 2, 02:44",0.53,6.06,43.02,4.38,4,-66.1,10.0,41.75,0.5807,0.3236,LOCAL
1605,"Day 2, 02:45",0.44,5.97,32.43,3.11,2,-68.2,10.5,44.51,0.4739,0.3169,LOCAL
1606,"Day 2, 02:46",1.37,5.84,36.88,4.42,8,-69.3,10.0,45.7,0.6983,0.3592,LOCAL
1607,"Day 2, 02:47",1.25,5.74,31.91,6.54,4,-69.1,10.0,43.21,0.5412,0.3899,LOCAL
1608,"Day 2, 02:48",0.95,5.61,39.6,5.5,8,-67.5,10.0,46.06,0.7087,0.3896,LOCAL
1609,"Day 2, 02:49",0.42,5.45,54.38,7.06,10,-67.3,10.0,44.61,0.8315,0.4153,LOCAL
1610,"Day 2, 02:50",0.49,5.3,60.71,9.65,7,-67.6,10.0,40.97,0.7488,0.449,LOCAL
1611,"Day 2, 02:51",1.21,5.13,68.39,9.86,8,-67.7,10.0,42.34,0.8099,0.4656,LOCAL
1612,"Day 2, 02:52",1.35,5.0,50.16,3.35,5,-68.7,10.0,42.31,0.641,0.3025,LOCAL
1613,"Day 2, 02:53",0.53,5.0,42.81,4.35,4,-70.8,10.8,44.74,0.5815,0.3511,LOCAL
1614,"Day 2, 02:54",0.88,5.0,31.99,5.83,2,-69.9,13.4,49.53,0.4731,0.442,LOCAL
1615,"Day 2, 02:55",1.45,5.0,39.99,6.71,5,-71.5,10.4,49.54,0.6053,0.4556,LOCAL
1616,"Day 2, 02:56",0.54,5.0,60.32,8.85,10,-68.9,10.0,45.16,0.8528,0.465,LOCAL
1617,"Day 2, 02:57",0.26,5.0,42.93,5.94,2,-69.6,12.0,46.98,0.5124,0.4151,LOCAL
1618,"Day 2, 02:58",1.03,5.0,48.13,5.13,9,-69.9,10.0,51.95,0.7744,0.4414,LOCAL
1619,"Day 2, 02:59",0.96,5.0,35.15,8.09,1,-71.5,11.3,56.25,0.4491,0.5724,LOCAL
1620,"Day 2, 03:00",1.32,5.0,41.4,7.79,5,-69.4,10.0,53.78,0.6104,0.5296,LOCAL
1621,"Day 2, 03:01",1.16,5.0,40.17,3.36,9,-70.0,10.0,52.42,0.7463,0.4027,LOCAL
1622,"Day 2, 03:02",0.3,5.0,41.26,4.49,8,-70.1,11.2,54.54,0.7165,0.4599,LOCAL
1623,"Day 2, 03:03",1.37,5.0,55.45,7.79,8,-68.0,10.0,50.74,0.7645,0.4944,LOCAL
1624,"Day 2, 03:04",1.18,5.0,53.06,6.37,7,-66.7,10.0,51.07,0.7214,0.4625,LOCAL
1625,"Day 2, 03:05",0.79,5.0,45.68,3.63,8,-65.2,10.0,52.48,0.7312,0.4101,LOCAL
1626,"Day 2, 03:06",0.87,5.0,37.48,5.77,4,-64.7,10.0,49.62,0.5624,0.4318,LOCAL
1627,"Day 2, 03:07",0.5,5.0,34.8,5.24,5,-62.9,10.5,51.62,0.5885,0.4419,LOCAL
1628,"Day 2, 03:08",0.01,5.0,31.97,6.55,3,-62.2,10.0,48.75,0.5094,0.4423,LOCAL
1629,"Day 2, 03:09",0.66,5.0,41.3,8.7,5,-64.8,10.0,47.98,0.6111,0.4883,LOCAL
1630,"Day 2, 03:10",1.18,5.0,35.99,8.33,3,-67.1,10.0,44.49,0.5217,0.446,LOCAL
1631,"Day 2, 03:11",1.39,5.0,39.94,5.97,6,-68.4,10.0,41.94,0.6402,0.3649,LOCAL
1632,"Day 2, 03:12",0.31,5.0,34.06,5.58,2,-69.9,11.0,46.89,0.4813,0.4025,LOCAL
1633,"Day 2, 03:13",0.09,5.0,34.38,3.86,9,-69.6,10.0,44.87,0.7277,0.3377,LOCAL
1634,"Day 2, 03:14",0.56,5.0,45.06,8.2,6,-68.1,10.0,41.95,0.6594,0.4208,LOCAL
1635,"Day 2, 03:15",1.41,5.0,40.23,9.1,2,-69.2,10.0,46.19,0.5012,0.4809,LOCAL
1636,"Day 2, 03:16",0.6,5.0,29.1,2.7,3,-69.5,10.0,47.77,0.4985,0.3362,LOCAL
1637,"Day 2, 03:17",0.83,5.0,32.14,4.64,7,-66.8,10.0,47.07,0.6487,0.3778,LOCAL
1638,"Day 2, 03:18",1.08,5.0,33.29,6.51,3,-67.6,10.0,47.33,0.5124,0.427,LOCAL
1639,"Day 2, 03:19",1.45,5.0,48.62,7.05,8,-65.0,10.0,46.32,0.7405,0.4308,LOCAL
1640,"Day 2, 03:20",0.61,5.0,58.62,9.15,7,-64.4,10.0,45.46,0.7418,0.4753,LOCAL
1641,"Day 2, 03:21",0.09,5.0,39.11,6.76,1,-66.9,10.0,42.62,0.4643,0.3904,LOCAL
1642,"Day 2, 03:22",0.57,5.0,31.7,7.15,2,-65.5,10.0,48.63,0.4726,0.4561,LOCAL
1643,"Day 2, 03:23",1.5,5.0,23.92,5.8,1,-67.8,10.0,48.67,0.409,0.4227,LOCAL
1644,"Day 2, 03:24",0.45,5.0,39.51,8.61,6,-66.9,10.3,44.35,0.6401,0.4525,LOCAL
1645,"Day 2, 03:25",1.31,5.0,44.86,4.76,9,-65.9,10.0,48.68,0.7625,0.3968,LOCAL
1646,"Day 2, 03:26",1.13,5.0,48.92,5.05,10,-66.1,10.0,48.8,0.812,0.4054,LOCAL
1647,"Day 2, 03:27",0.57,5.0,38.79,2.67,2,-63.6,10.0,45.42,0.4974,0.3129,LOCAL
1648,"Day 2, 03:28",1.31,5.0,42.7,3.56,9,-64.4,10.0,44.3,0.755,0.325,LOCAL
1649,"Day 2, 03:29",1.28,5.0,35.38,2.98,6,-62.5,10.6,44.59,0.6244,0.3149,LOCAL
1650,"Day 2, 03:30",0.43,5.0,51.5,9.06,8,-62.2,10.0,40.96,0.7521,0.4342,LOCAL
1651,"Day 2, 03:31",1.33,5.0,36.33,5.34,1,-61.0,10.0,39.11,0.4526,0.3266,LOCAL
1652,"Day 2, 03:32",0.86,5.0,55.37,9.85,8,-60.1,10.0,37.43,0.765,0.4268,LOCAL
1653,"Day 2, 03:33",0.95,5.0,38.44,1.77,6,-59.3,10.0,35.05,0.6356,0.2079,LOCAL
1654,"Day 2, 03:34",1.3,5.0,38.25,4.87,6,-61.1,10.0,42.06,0.6344,0.3384,LOCAL
1655,"Day 2, 03:35",1.19,5.0,31.59,4.72,4,-62.4,10.0,40.39,0.5413,0.3211,LOCAL
1656,"Day 2, 03:36",1.36,5.0,57.94,9.09,10,-64.4,10.0,41.94,0.8432,0.4429,LOCAL
1657,"Day 2, 03:37",0.63,5.0,49.14,2.97,9,-63.0,10.0,45.39,0.7786,0.3201,LOCAL
1658,"Day 2, 03:38",0.28,5.0,61.33,9.19,8,-62.4,10.0,47.62,0.7867,0.4969,LOCAL
1659,"Day 2, 03:39",0.14,5.0,47.78,3.87,4,-61.8,10.0,50.61,0.5995,0.395,LOCAL
1660,"Day 2, 03:40",0.48,5.0,32.81,2.31,2,-62.3,10.0,45.65,0.4766,0.3061,LOCAL
1661,"Day 2, 03:41",0.72,5.0,24.9,1.5,1,-62.6,10.0,41.57,0.4136,0.2502,LOCAL
1662,"Day 2, 03:42",1.06,5.0,21.32,4.5,1,-60.9,10.0,47.21,0.4005,0.3757,LOCAL
1663,"Day 2, 03:43",0.61,5.0,21.61,6.12,3,-60.0,10.0,46.91,0.4722,0.4132,LOCAL
1664,"Day 2, 03:44",1.23,5.0,19.96,8.06,1,-62.0,10.0,45.0,0.3955,0.4438,LOCAL
1665,"Day 2, 03:45",1.12,5.0,25.87,9.8,2,-64.2,10.0,44.71,0.4514,0.4847,LOCAL
1666,"Day 2, 03:46",0.41,5.0,33.05,3.62,10,-64.6,10.0,49.0,0.7576,0.3716,LOCAL
1667,"Day 2, 03:47",0.47,5.0,34.74,8.36,4,-66.3,10.0,46.62,0.5534,0.4665,LOCAL
1668,"Day 2, 03:48",1.46,5.0,38.07,4.57,8,-64.2,10.0,42.2,0.7035,0.3321,LOCAL
1669,"Day 2, 03:49",1.23,5.0,49.63,5.65,9,-62.0,10.0,46.69,0.7794,0.3993,LOCAL
1670,"Day 2, 03:50",0.7,5.0,41.59,7.64,3,-61.1,10.0,50.49,0.542,0.488,LOCAL
1671,"Day 2, 03:51",0.19,5.0,31.32,2.22,3,-59.1,10.0,46.38,0.5068,0.3107,LOCAL
1672,"Day 2, 03:52",0.43,5.0,31.18,8.83,1,-58.1,11.0,49.45,0.436,0.5094,LOCAL
1673,"Day 2, 03:53",1.37,5.0,45.02,8.5,7,-56.8,10.0,44.98,0.693,0.4546,LOCAL
1674,"Day 2, 03:54",0.48,5.0,29.56,6.12,1,-59.1,10.0,49.81,0.4302,0.4426,LOCAL
1675,"Day 2, 03:55",0.4,5.0,29.36,3.53,3,-61.7,10.0,47.37,0.4997,0.353,LOCAL
1676,"Day 2, 03:56",1.38,5.0,37.61,7.03,6,-63.2,10.0,49.6,0.6321,0.4631,LOCAL
1677,"Day 2, 03:57",1.09,5.0,26.58,9.06,1,-64.0,10.0,46.26,0.4189,0.4805,LOCAL
1678,"Day 2, 03:58",0.15,5.0,32.67,5.69,8,-62.0,10.0,42.18,0.6866,0.36,LOCAL
1679,"Day 2, 03:59",1.28,5.0,33.42,3.08,6,-63.1,10.0,42.15,0.6175,0.2944,LOCAL
1680,"Day 2, 04:00",1.4,5.0,29.07,2.92,6,-63.0,10.0,40.17,0.6021,0.2744,LOCAL
1681,"Day 2, 04:01",0.06,5.0,21.49,1.32,6,-62.2,10.0,39.75,0.5776,0.231,LOCAL
1682,"Day 2, 04:02",1.31,5.0,33.33,4.03,9,-61.3,10.0,36.51,0.7222,0.2747,LOCAL
1683,"Day 2, 04:03",1.44,5.0,29.41,4.1,4,-60.9,10.0,37.04,0.5333,0.2802,LOCAL
1684,"Day 2, 04:04",0.41,5.0,40.44,6.2,9,-62.7,11.2,40.52,0.7484,0.3625,LOCAL
1685,"Day 2, 04:05",1.03,5.0,36.3,7.17,2,-61.0,10.0,44.84,0.488,0.4201,LOCAL
1686,"Day 2, 04:06",0.29,5.0,26.84,6.4,1,-61.9,10.0,41.65,0.421,0.3733,LOCAL
1687,"Day 2, 04:07",1.26,5.0,36.29,5.95,7,-63.8,10.0,41.52,0.6626,0.3609,LOCAL
1688,"Day 2, 04:08",1.29,5.0,33.24,4.82,5,-61.8,10.0,42.82,0.5819,0.3436,LOCAL
1689,"Day 2, 04:09",0.4,5.0,43.2,6.39,8,-61.7,10.0,43.9,0.7231,0.3922,LOCAL
1690,"Day 2, 04:10",1.47,5.0,61.54,8.48,10,-63.5,10.0,49.26,0.8557,0.4958,LOCAL
1691,"Day 2, 04:11",0.03,5.0,46.13,9.69,2,-65.0,10.0,50.22,0.5239,0.5363,LOCAL
1692,"Day 2, 04:12",0.52,5.0,33.15,6.92,1,-65.1,12.5,45.97,0.4427,0.4314,LOCAL
1693,"Day 2, 04:13",0.29,5.0,23.25,3.89,1,-64.9,10.0,42.92,0.4085,0.3212,LOCAL
1694,"Day 2, 04:14",0.04,5.0,28.59,2.38,9,-64.1,10.0,41.64,0.7075,0.2727,LOCAL
1695,"Day 2, 04:15",0.5,5.0,36.93,5.94,7,-62.5,10.0,41.95,0.666,0.3643,LOCAL
1696,"Day 2, 04:16",1.48,5.0,35.63,7.93,2,-60.8,10.0,41.16,0.485,0.4075,LOCAL
1697,"Day 2, 04:17",0.27,5.0,23.97,5.01,1,-62.0,10.0,46.8,0.411,0.3844,LOCAL
1698,"Day 2, 04:18",0.22,5.0,31.33,6.69,4,-62.6,10.0,48.56,0.5418,0.4439,LOCAL
1699,"Day 2, 04:19",0.22,5.0,62.06,9.73,10,-63.9,10.0,43.98,0.8594,0.4764,LOCAL
1700,"Day 2, 04:20",0.81,5.0,69.65,9.61,8,-64.1,10.0,45.13,0.8151,0.4838,LOCAL
1701,"Day 2, 04:21",1.05,5.0,82.14,9.73,9,-65.2,10.0,43.9,0.8934,0.4757,LOCAL
1702,"Day 2, 04:22",1.17,5.0,57.6,3.67,5,-66.2,10.0,44.67,0.6673,0.3311,LOCAL
1703,"Day 2, 04:23",0.63,5.0,40.17,1.95,6,-68.3,10.0,50.33,0.6422,0.344,LOCAL
1704,"Day 2, 04:24",0.05,5.0,38.41,6.96,3,-66.8,10.0,52.19,0.5319,0.49,LOCAL
1705,"Day 2, 04:25",0.17,5.0,33.65,6.91,4,-67.9,10.0,54.45,0.55,0.5158,LOCAL
1706,"Day 2, 04:26",0.18,5.0,29.94,4.33,6,-66.6,10.0,54.16,0.607,0.4477,LOCAL
1707,"Day 2, 04:27",0.7,5.0,27.82,5.6,3,-64.3,10.0,48.63,0.4938,0.4173,LOCAL
1708,"Day 2, 04:28",0.37,5.0,27.37,1.94,7,-66.8,10.0,44.91,0.6327,0.29,LOCAL
1709,"Day 2, 04:29",0.14,5.0,23.43,7.41,1,-69.0,10.0,44.16,0.4093,0.42,LOCAL
1710,"Day 2, 04:30",0.2,5.0,19.75,2.14,4,-68.5,10.0,48.33,0.5013,0.3278,LOCAL
1711,"Day 2, 04:31",0.06,5.0,30.29,9.96,4,-67.9,10.2,47.91,0.5384,0.5196,LOCAL
1712,"Day 2, 04:32",0.69,5.0,35.61,9.73,4,-67.6,10.0,51.36,0.5561,0.5498,LOCAL
1713,"Day 2, 04:33",0.15,5.0,25.71,1.63,1,-68.7,10.0,47.62,0.4173,0.308,LOCAL
1714,"Day 2, 04:34",0.86,5.0,53.69,9.8,10,-68.9,10.0,50.0,0.8291,0.5367,LOCAL
1715,"Day 2, 04:35",0.06,5.0,58.6,9.61,6,-70.3,11.2,50.65,0.7075,0.5425,LOCAL
1716,"Day 2, 04:36",0.94,5.0,66.2,8.72,8,-69.7,10.0,50.77,0.8028,0.518,LOCAL
1717,"Day 2, 04:37",0.81,5.0,63.5,5.66,10,-68.8,10.9,51.6,0.8635,0.4534,LOCAL
1718,"Day 2, 04:38",0.47,5.0,56.05,4.15,9,-68.4,10.0,48.11,0.803,0.3758,LOCAL
1719,"Day 2, 04:39",1.21,5.0,57.72,9.0,6,-70.3,10.0,50.93,0.7027,0.5267,LOCAL
1720,"Day 2, 04:40",0.64,5.0,76.99,9.96,10,-67.5,10.0,48.79,0.911,0.5279,LOCAL
1721,"Day 2, 04:41",0.43,5.0,81.93,8.2,10,-65.6,10.0,48.7,0.9286,0.4831,LOCAL
1722,"Day 2, 04:42",1.24,5.0,72.68,7.57,7,-65.8,10.0,44.18,0.79,0.4241,LOCAL
1723,"Day 2, 04:43",0.58,5.0,69.14,7.93,7,-65.5,11.6,47.48,0.7786,0.4686,LOCAL
1724,"Day 2, 04:44",0.37,5.0,51.8,3.08,4,-65.7,10.0,49.75,0.6132,0.3661,LOCAL
1725,"Day 2, 04:45",0.1,5.0,57.49,8.74,7,-67.2,10.0,45.51,0.7386,0.4655,LOCAL
1726,"Day 2, 04:46",0.34,5.0,43.04,5.8,3,-66.3,10.0,42.03,0.5476,0.3614,LOCAL
1727,"Day 2, 04:47",0.27,5.0,47.61,5.28,8,-65.3,10.0,46.41,0.7387,0.3875,LOCAL
1728,"Day 2, 04:48",0.85,5.0,50.94,5.73,8,-64.2,10.0,42.32,0.7495,0.3621,LOCAL
1729,"Day 2, 04:49",0.57,5.0,50.78,8.29,5,-62.3,10.0,42.58,0.6444,0.4283,LOCAL
1730,"Day 2, 04:50",0.56,5.0,46.77,3.67,10,-60.3,10.0,44.48,0.8054,0.3293,LOCAL
1731,"Day 2, 04:51",1.48,5.0,49.89,4.35,10,-59.9,10.0,46.18,0.8149,0.362,LOCAL
1732,"Day 2, 04:52",1.08,5.0,42.21,4.8,4,-62.4,10.0,42.31,0.5786,0.3387,LOCAL
1733,"Day 2, 04:53",1.2,5.0,33.0,3.33,2,-64.8,10.0,43.09,0.4762,0.3086,LOCAL
1734,"Day 2, 04:54",1.48,5.0,39.62,7.93,5,-63.5,10.0,44.36,0.604,0.4348,LOCAL
1735,"Day 2, 04:55",1.39,5.0,32.7,8.43,2,-65.2,10.0,46.81,0.4749,0.47,LOCAL
1736,"Day 2, 04:56",0.83,5.0,35.04,2.86,10,-64.5,10.0,45.95,0.7639,0.3226,LOCAL
1737,"Day 2, 04:57",0.46,5.0,26.46,1.08,7,-66.4,10.0,47.61,0.6294,0.2941,LOCAL
1738,"Day 2, 04:58",1.48,5.0,19.39,3.18,1,-68.6,10.0,49.1,0.3931,0.3617,LOCAL
1739,"Day 2, 04:59",1.21,5.0,33.71,4.94,9,-67.6,10.0,51.58,0.7237,0.4325,LOCAL
1740,"Day 2, 05:00",0.93,5.0,59.41,9.72,10,-67.4,10.0,52.67,0.849,0.5646,LOCAL
1741,"Day 2, 05:01",0.27,5.0,40.07,1.08,3,-67.9,10.0,51.82,0.5373,0.3388,LOCAL
1742,"Day 2, 05:02",0.52,5.0,50.31,6.66,9,-66.9,11.5,49.95,0.7828,0.4619,LOCAL
1743,"Day 2, 05:03",0.48,5.0,54.43,4.82,10,-66.7,10.0,50.4,0.8323,0.4165,LOCAL
1744,"Day 2, 05:04",1.43,5.0,54.28,8.98,5,-66.4,10.0,49.45,0.6553,0.5103,LOCAL
1745,"Day 2, 05:05",0.9,5.0,42.35,6.71,2,-65.8,10.0,46.68,0.5094,0.4258,LOCAL
1746,"Day 2, 05:06",1.33,5.0,69.31,9.94,10,-67.8,10.0,50.23,0.8831,0.5427,LOCAL
1747,"Day 2, 05:07",0.21,5.0,53.77,4.77,5,-68.0,10.0,45.93,0.6554,0.3702,LOCAL
1748,"Day 2, 05:08",0.61,5.0,34.61,1.36,1,-68.4,10.0,43.9,0.4477,0.2664,LOCAL
1749,"Day 2, 05:09",0.37,5.0,36.44,6.55,5,-68.8,11.7,44.32,0.5945,0.4048,LOCAL
1750,"Day 2, 05:10",1.12,5.0,28.64,9.12,1,-66.5,10.0,43.79,0.4261,0.4595,LOCAL
1751,"Day 2, 05:11",1.4,5.0,46.43,6.68,9,-67.8,10.0,41.26,0.7679,0.3771,LOCAL
1752,"Day 2, 05:12",1.36,5.0,49.92,9.45,5,-68.3,10.0,41.57,0.6402,0.4489,LOCAL
1753,"Day 2, 05:13",0.54,5.0,53.13,8.44,5,-69.7,10.0,43.95,0.6526,0.4439,LOCAL
1754,"Day 2, 05:14",0.36,5.0,64.21,8.81,9,-69.3,10.7,48.32,0.8317,0.4965,LOCAL
1755,"Day 2, 05:15",0.5,5.0,54.73,5.73,4,-69.9,10.6,44.84,0.6233,0.3859,LOCAL
1756,"Day 2, 05:16",1.14,5.0,74.33,8.66,10,-71.3,10.0,44.63,0.901,0.4555,LOCAL
1757,"Day 2, 05:17",0.69,5.0,80.03,8.64,10,-68.3,10.0,49.33,0.9216,0.5006,LOCAL
1758,"Day 2, 05:18",1.16,5.0,57.13,4.7,4,-69.7,10.0,46.11,0.6307,0.3701,LOCAL
1759,"Day 2, 05:19",0.25,5.0,39.13,2.18,2,-69.6,10.0,49.49,0.4991,0.3407,LOCAL
1760,"Day 2, 05:20",0.53,5.0,64.86,9.84,10,-67.3,10.0,51.33,0.8687,0.5523,LOCAL
1761,"Day 2, 05:21",0.99,5.0,49.51,2.92,5,-69.5,10.0,49.06,0.6393,0.3548,LOCAL
1762,"Day 2, 05:22",0.64,5.0,52.31,5.6,7,-69.6,10.0,52.61,0.7196,0.4609,LOCAL
1763,"Day 2, 05:23",1.02,5.0,47.83,7.28,4,-68.2,10.0,48.63,0.5984,0.4594,LOCAL
1764,"Day 2, 05:24",0.67,5.0,46.26,3.93,8,-69.8,10.0,52.63,0.7334,0.4193,LOCAL
1765,"Day 2, 05:25",1.17,5.0,35.22,2.72,5,-69.8,10.0,54.23,0.589,0.4083,LOCAL
1766,"Day 2, 05:26",0.96,5.0,49.27,5.79,10,-67.0,10.0,55.76,0.8135,0.5045,LOCAL
1767,"Day 2, 05:27",0.74,5.0,41.96,6.77,5,-65.9,10.0,54.65,0.6133,0.5148,LOCAL
1768,"Day 2, 05:28",1.25,5.0,34.1,7.1,4,-66.8,10.0,58.82,0.55,0.5798,LOCAL
1769,"Day 2, 05:29",0.41,5.0,45.64,5.41,10,-65.8,10.0,56.4,0.8016,0.5035,LOCAL
1770,"Day 2, 05:30",0.75,5.0,44.95,8.88,4,-64.4,10.0,51.61,0.5887,0.5313,LOCAL
1771,"Day 2, 05:31",0.61,5.0,36.1,1.38,10,-66.1,10.0,49.82,0.7679,0.3243,LOCAL
1772,"Day 2, 05:32",1.14,5.0,31.84,9.59,2,-64.3,10.0,52.92,0.4722,0.5642,LOCAL
1773,"Day 2, 05:33",0.94,5.0,28.9,3.42,4,-61.9,10.0,47.6,0.5323,0.3525,LOCAL
1774,"Day 2, 05:34",0.81,5.0,30.0,6.16,5,-62.7,10.0,51.04,0.5713,0.4569,LOCAL
1775,"Day 2, 05:35",1.45,5.0,40.49,6.72,8,-60.7,10.0,54.83,0.712,0.5158,LOCAL
1776,"Day 2, 05:36",0.28,5.0,40.87,4.09,10,-60.2,10.0,50.63,0.7851,0.4007,LOCAL
1777,"Day 2, 05:37",0.16,5.0,33.29,5.81,2,-63.1,10.9,46.16,0.4788,0.4008,LOCAL
1778,"Day 2, 05:38",1.33,5.0,32.78,8.82,2,-63.6,10.0,42.87,0.4752,0.444,LOCAL
1779,"Day 2, 05:39",0.65,5.0,37.82,5.12,7,-64.2,10.0,43.85,0.6689,0.36,LOCAL
1780,"Day 2, 05:40",1.31,5.0,36.68,3.71,4,-63.2,10.0,40.03,0.5589,0.293,LOCAL
1781,"Day 2, 05:41",0.86,5.0,47.31,8.96,6,-63.3,10.0,42.04,0.6668,0.4405,LOCAL
1782,"Day 2, 05:42",1.07,5.0,40.0,5.36,4,-63.4,10.0,46.6,0.5709,0.3912,LOCAL
1783,"Day 2, 05:43",1.11,5.0,25.64,3.39,1,-62.2,10.9,49.5,0.4156,0.3737,LOCAL
1784,"Day 2, 05:44",0.81,5.0,25.72,1.79,5,-63.0,10.0,46.46,0.5563,0.3007,LOCAL
1785,"Day 2, 05:45",0.81,5.0,32.63,3.03,9,-60.8,10.0,50.08,0.7205,0.3683,LOCAL
1786,"Day 2, 05:46",1.41,5.0,24.81,2.27,2,-63.1,10.0,48.5,0.4472,0.3328,LOCAL
1787,"Day 2, 05:47",1.01,5.0,19.79,1.88,3,-62.0,10.0,45.92,0.4652,0.2978,LOCAL
1788,"Day 2, 05:48",0.75,5.0,29.93,8.42,5,-62.3,10.0,48.45,0.5711,0.4861,LOCAL
1789,"Day 2, 05:49",0.95,5.0,22.05,8.23,1,-63.0,10.0,50.78,0.4032,0.5059,LOCAL
1790,"Day 2, 05:50",0.77,5.0,25.37,9.38,3,-63.9,10.0,47.97,0.4852,0.5052,LOCAL
1791,"Day 2, 05:51",0.87,5.0,35.97,8.18,6,-63.5,10.0,43.95,0.6271,0.4374,LOCAL
1792,"Day 2, 05:52",1.07,5.0,41.69,7.33,5,-63.7,10.0,46.69,0.6118,0.4414,LOCAL
1793,"Day 2, 05:53",0.88,5.0,36.78,8.58,3,-64.9,10.0,44.51,0.5249,0.4524,LOCAL
1794,"Day 2, 05:54",1.39,5.0,34.52,7.67,3,-66.1,10.0,41.48,0.5162,0.4036,LOCAL
1795,"Day 2, 05:55",1.33,5.0,24.96,2.79,4,-67.1,10.0,38.49,0.5179,0.2583,LOCAL
1796,"Day 2, 05:56",1.41,5.0,40.45,5.45,10,-67.1,10.0,36.15,0.7819,0.3076,LOCAL
1797,"Day 2, 05:57",1.19,5.0,35.73,1.68,10,-67.4,10.0,33.92,0.7658,0.198,LOCAL
1798,"Day 2, 05:58",0.52,5.0,31.81,2.71,7,-67.1,10.6,31.66,0.6481,0.211,LOCAL
1799,"Day 2, 05:59",0.1,5.0,28.44,3.32,7,-68.8,11.5,37.22,0.6369,0.2664,LOCAL
1800,"Day 2, 06:00",0.0,5.0,43.25,7.62,8,-69.7,10.0,39.85,0.7239,0.3893,LOCAL
1801,"Day 2, 06:01",0.0,5.0,36.54,3.26,6,-67.1,10.0,42.89,0.6304,0.3052,LOCAL
1802,"Day 2, 06:02",3.3,5.0,41.94,8.5,5,-68.4,11.8,40.2,0.6093,0.4192,LOCAL
1803,"Day 2, 06:03",0.31,5.0,25.8,2.24,1,-69.0,10.0,42.39,0.4173,0.2754,LOCAL
1804,"Day 2, 06:04",0.0,5.0,33.11,8.06,5,-67.1,10.0,45.27,0.5834,0.4463,LOCAL
1805,"Day 2, 06:05",0.52,5.0,41.23,5.83,8,-65.5,10.0,45.29,0.716,0.3908,LOCAL
1806,"Day 2, 06:06",1.48,5.0,37.93,4.7,5,-64.3,10.0,44.47,0.598,0.355,LOCAL
1807,"Day 2, 06:07",5.23,5.0,38.6,6.74,5,-64.6,10.0,45.63,0.5947,0.4166,LOCAL
1808,"Day 2, 06:08",3.38,5.0,49.06,5.91,9,-62.8,10.0,50.68,0.7741,0.4467,LOCAL
1809,"Day 2, 06:09",4.21,5.0,31.78,3.14,1,-65.3,10.0,52.41,0.4324,0.397,LOCAL
1810,"Day 2, 06:10",2.65,5.0,29.97,5.5,4,-66.5,10.0,52.7,0.5334,0.4594,LOCAL
1811,"Day 2, 06:11",4.58,5.0,23.98,2.83,1,-65.7,10.0,56.34,0.4046,0.4383,LOCAL
1812,"Day 2, 06:12",6.16,5.0,19.53,4.34,1,-66.5,10.0,53.11,0.3866,0.4352,LOCAL
1813,"Day 2, 06:13",6.26,5.0,21.46,3.08,5,-64.8,10.0,51.48,0.5332,0.3849,LOCAL
1814,"Day 2, 06:14",5.63,5.0,29.38,8.82,3,-64.4,10.0,47.69,0.4919,0.4884,LOCAL
1815,"Day 2, 06:15",5.89,5.0,33.91,4.2,7,-66.7,12.3,50.47,0.6474,0.4081,LOCAL
1816,"Day 2, 06:16",4.66,5.0,24.52,1.29,3,-66.2,10.0,47.33,0.4763,0.2965,LOCAL
1817,"Day 2, 06:17",8.85,5.0,20.36,7.78,1,-63.9,10.0,47.96,0.3855,0.465,LOCAL
1818,"Day 2, 06:18",4.71,5.0,29.38,4.08,9,-64.6,11.4,44.45,0.7033,0.3432,LOCAL
1819,"Day 2, 06:19",6.34,5.0,20.45,1.9,4,-66.0,10.0,46.68,0.4946,0.3055,LOCAL
1820,"Day 2, 06:20",8.02,5.0,31.28,4.6,8,-65.0,10.0,42.45,0.6699,0.3349,LOCAL
1821,"Day 2, 06:21",8.49,5.0,26.3,1.52,9,-64.9,10.0,39.86,0.6868,0.2369,LOCAL
1822,"Day 2, 06:22",8.95,5.0,27.54,6.02,6,-66.1,10.0,45.6,0.5855,0.3983,LOCAL
1823,"Day 2, 06:23",9.02,5.0,57.63,8.78,10,-68.3,12.5,46.39,0.8307,0.4819,LOCAL
1824,"Day 2, 06:24",10.59,5.0,40.86,2.72,1,-68.0,10.0,50.91,0.4546,0.3695,LOCAL
1825,"Day 2, 06:25",13.14,5.0,41.23,4.26,7,-66.6,10.0,55.59,0.6621,0.4641,LOCAL
1826,"Day 2, 06:26",12.02,5.0,45.14,4.76,8,-64.3,10.0,50.89,0.7125,0.4203,LOCAL
1827,"Day 2, 06:27",12.39,5.0,33.61,8.66,1,-64.7,10.9,49.82,0.4265,0.5089,LOCAL
1828,"Day 2, 06:28",11.16,5.0,52.82,9.71,8,-64.9,10.0,52.36,0.7406,0.5607,LOCAL
1829,"Day 2, 06:29",11.25,5.0,64.98,8.82,9,-62.6,10.0,54.15,0.818,0.5598,LOCAL
1830,"Day 2, 06:30",11.36,5.0,52.45,3.61,7,-65.3,10.5,55.26,0.704,0.4452,LOCAL
1831,"Day 2, 06:31",12.35,5.0,46.6,5.6,7,-63.7,10.0,57.32,0.6821,0.5209,LOCAL
1832,"Day 2, 06:32",15.57,5.0,40.77,6.07,4,-65.2,10.0,52.8,0.5519,0.4748,LOCAL
1833,"Day 2, 06:33",14.32,5.0,41.9,9.96,3,-67.3,10.0,52.64,0.5227,0.5702,LOCAL
1834,"Day 2, 06:34",14.28,5.0,43.21,8.75,4,-67.6,10.4,56.96,0.5623,0.5959,LOCAL
1835,"Day 2, 06:35",14.24,5.0,46.75,9.73,4,-65.4,10.0,52.79,0.5748,0.5662,LOCAL
1836,"Day 2, 06:36",15.58,5.0,45.13,9.26,3,-63.3,10.0,54.49,0.5321,0.5751,LOCAL
1837,"Day 2, 06:37",14.81,5.0,34.71,1.59,9,-65.8,10.0,53.99,0.7068,0.3771,LOCAL
1838,"Day 2, 06:38",13.86,5.0,37.39,7.82,5,-63.5,10.0,54.05,0.5776,0.5336,LOCAL
1839,"Day 2, 06:39",13.86,5.0,38.79,5.49,4,-64.7,10.0,50.27,0.5475,0.4318,LOCAL
1840,"Day 2, 06:40",17.2,5.0,31.23,3.1,3,-62.6,10.0,47.56,0.481,0.3441,LOCAL
1841,"Day 2, 06:41",18.59,5.0,27.87,6.6,2,-60.7,10.0,51.41,0.4322,0.4721,LOCAL
1842,"Day 2, 06:42",19.83,5.0,38.84,5.04,10,-61.2,10.0,55.94,0.7487,0.4881,LOCAL
1843,"Day 2, 06:43",16.79,5.0,40.71,6.83,6,-60.2,10.0,59.05,0.6198,0.5764,LOCAL
1844,"Day 2, 06:44",16.44,5.0,47.41,6.63,9,-61.0,10.0,56.05,0.7488,0.5293,LOCAL
1845,"Day 2, 06:45",17.55,5.0,40.22,5.88,3,-60.9,10.0,57.97,0.5119,0.5369,LOCAL
1846,"Day 2, 06:46",20.42,5.0,33.16,1.46,3,-63.0,10.0,61.53,0.4829,0.4809,LOCAL
1847,"Day 2, 06:47",19.27,5.0,23.56,1.52,1,-64.1,10.0,62.46,0.381,0.4978,LOCAL
1848,"Day 2, 06:48",16.85,5.0,28.02,4.89,7,-66.7,10.0,62.79,0.6103,0.5877,LOCAL
1849,"Day 2, 06:49",22.16,5.0,32.97,4.56,8,-68.6,12.7,62.57,0.6547,0.5834,LOCAL
1850,"Day 2, 06:50",18.39,5.0,40.98,7.04,6,-68.2,10.0,61.01,0.6184,0.6119,LOCAL
1851,"Day 2, 06:51",20.83,5.0,30.38,7.06,1,-68.3,10.0,56.23,0.4026,0.5425,LOCAL
1852,"Day 2, 06:52",22.12,5.0,37.59,7.11,5,-66.9,10.0,58.59,0.5659,0.5767,LOCAL
1853,"Day 2, 06:53",19.98,5.0,59.89,9.0,9,-65.1,10.0,59.47,0.7871,0.637,LOCAL
1854,"Day 2, 06:54",19.37,5.0,46.76,4.36,5,-63.5,10.0,62.25,0.6021,0.5654,LOCAL
1855,"Day 2, 06:55",22.15,5.0,48.7,4.29,9,-65.4,10.5,63.86,0.7447,0.5932,LOCAL
1856,"Day 2, 06:56",21.16,5.0,35.63,9.39,1,-65.2,10.0,60.35,0.4205,0.6601,LOCAL
1857,"Day 2, 06:57",21.13,5.0,28.48,1.45,8,-65.7,10.0,55.1,0.6405,0.3875,LOCAL
1858,"Day 2, 06:58",22.89,5.0,24.21,8.12,1,-65.3,10.0,55.45,0.3779,0.5588,LOCAL
1859,"Day 2, 06:59",21.6,5.0,20.65,8.78,1,-65.9,10.0,55.06,0.3674,0.5703,LOCAL
1860,"Day 2, 07:00",27.33,5.0,33.58,9.09,4,-64.2,10.0,49.65,0.509,0.5151,LOCAL
1861,"Day 2, 07:01",23.94,5.0,36.74,9.63,3,-65.6,10.0,54.58,0.4902,0.5855,LOCAL
1862,"Day 2, 07:02",25.39,5.0,24.93,2.75,2,-63.9,10.0,52.59,0.4117,0.3893,LOCAL
1863,"Day 2, 07:03",24.55,5.0,54.69,8.45,10,-62.4,10.0,47.75,0.7971,0.4797,LOCAL
1864,"Day 2, 07:04",27.84,5.0,62.5,6.52,10,-62.4,10.0,52.62,0.8195,0.484,LOCAL
1865,"Day 2, 07:05",24.68,5.0,64.82,6.45,9,-60.6,10.0,52.63,0.7974,0.4823,LOCAL
1866,"Day 2, 07:06",28.22,5.0,51.29,4.22,4,-61.5,10.0,47.5,0.5697,0.3715,LOCAL
1867,"Day 2, 07:07",24.73,5.0,37.76,8.71,1,-59.9,10.0,46.52,0.4226,0.4743,LOCAL
1868,"Day 2, 07:08",28.66,5.0,33.3,3.08,7,-59.0,10.0,50.98,0.6111,0.3794,LOCAL
1869,"Day 2, 07:09",29.52,5.0,37.38,5.19,6,-60.7,10.0,55.75,0.5891,0.4894,LOCAL
1870,"Day 2, 07:10",30.47,5.0,38.2,7.37,5,-59.6,10.0,56.99,0.5555,0.5605,LOCAL
1871,"Day 2, 07:11",29.13,5.0,42.79,5.63,7,-61.2,10.0,57.48,0.6436,0.5238,LOCAL
1872,"Day 2, 07:12",29.57,5.0,50.89,6.37,8,-60.9,10.0,53.79,0.7063,0.4942,LOCAL
1873,"Day 2, 07:13",26.88,5.0,56.52,8.28,6,-61.4,10.0,51.18,0.66,0.5115,LOCAL
1874,"Day 2, 07:14",31.58,5.0,50.74,8.18,5,-59.7,10.0,51.91,0.5977,0.5173,LOCAL
1875,"Day 2, 07:15",28.26,5.0,43.2,2.66,7,-59.8,10.0,55.41,0.6463,0.4218,LOCAL
1876,"Day 2, 07:16",29.1,5.01,28.83,2.5,1,-60.4,10.0,52.12,0.3848,0.3777,LOCAL
1877,"Day 2, 07:17",33.79,5.0,38.2,4.59,10,-62.3,10.0,50.77,0.7255,0.4147,LOCAL
1878,"Day 2, 07:18",29.38,5.0,29.11,1.29,2,-64.5,10.0,48.56,0.4203,0.3089,LOCAL
1879,"Day 2, 07:19",29.88,5.01,27.15,8.59,2,-66.6,10.0,44.22,0.4127,0.45,LOCAL
1880,"Day 2, 07:20",32.71,5.02,26.48,7.36,2,-66.1,11.6,47.45,0.4061,0.4541,LOCAL
1881,"Day 2, 07:21",31.5,5.01,24.64,4.17,6,-66.2,11.5,47.11,0.5415,0.3708,LOCAL
1882,"Day 2, 07:22",33.46,5.0,31.28,3.46,10,-67.0,11.4,48.63,0.7018,0.3678,LOCAL
1883,"Day 2, 07:23",35.91,5.0,47.8,8.95,8,-65.0,10.0,46.37,0.6859,0.4788,LOCAL
1884,"Day 2, 07:24",34.85,5.02,28.17,2.49,1,-63.0,10.0,44.8,0.3738,0.3028,LOCAL
1885,"Day 2, 07:25",32.93,5.0,43.87,9.45,7,-63.7,10.0,40.95,0.6416,0.4439,LOCAL
1886,"Day 2, 07:26",36.43,5.01,35.31,8.53,2,-63.9,10.0,40.23,0.4314,0.4151,LOCAL
1887,"Day 2, 07:27",35.79,5.0,51.61,7.46,9,-66.3,10.6,42.89,0.7344,0.4117,LOCAL
1888,"Day 2, 07:28",32.92,5.0,56.58,6.55,9,-65.8,10.0,48.1,0.7561,0.4357,LOCAL
1889,"Day 2, 07:29",34.9,5.0,51.91,8.38,3,-67.4,10.0,46.28,0.5268,0.4637,LOCAL
1890,"Day 2, 07:30",37.04,5.02,35.04,5.95,1,-68.2,10.0,47.04,0.3945,0.4103,LOCAL
1891,"Day 2, 07:31",38.85,5.0,48.71,7.37,7,-70.0,10.0,51.87,0.6497,0.4966,LOCAL
1892,"Day 2, 07:32",36.87,5.0,62.88,9.45,8,-69.3,10.0,47.37,0.7373,0.501,LOCAL
1893,"Day 2, 07:33",40.16,5.0,42.57,1.89,4,-67.7,10.6,46.78,0.5212,0.3081,LOCAL
1894,"Day 2, 07:34",35.31,5.0,56.34,7.91,9,-66.1,10.0,48.01,0.7517,0.4688,LOCAL
1895,"Day 2, 07:35",35.55,5.0,55.2,4.65,10,-66.0,10.0,46.94,0.7824,0.3768,LOCAL
1896,"Day 2, 07:36",37.18,5.0,45.71,7.76,2,-63.8,10.0,49.07,0.4667,0.4759,LOCAL
1897,"Day 2, 07:37",38.85,5.0,43.78,8.01,5,-66.0,10.0,48.37,0.5625,0.475,LOCAL
1898,"Day 2, 07:38",40.1,5.01,38.8,6.99,3,-67.1,10.0,44.79,0.4731,0.4152,LOCAL
1899,"Day 2, 07:39",36.87,5.0,35.25,1.96,10,-66.3,10.0,46.08,0.7106,0.3013,LOCAL
1900,"Day 2, 07:40",38.65,5.0,43.03,4.34,10,-65.4,10.0,42.0,0.7351,0.3247,LOCAL
1901,"Day 2, 07:41",43.5,5.04,33.77,1.89,2,-65.7,10.0,40.7,0.4154,0.2528,LOCAL
1902,"Day 2, 07:42",39.91,5.08,21.56,4.07,1,-63.5,10.0,44.01,0.343,0.3351,LOCAL
1903,"Day 2, 07:43",39.6,5.13,17.77,6.53,2,-63.3,10.0,44.42,0.3651,0.4003,LOCAL
1904,"Day 2, 07:44",41.26,5.14,24.26,2.01,9,-64.2,10.0,46.9,0.6303,0.3104,LOCAL
1905,"Day 2, 07:45",44.41,5.19,23.3,7.54,2,-65.8,10.0,46.01,0.3771,0.4401,LOCAL
1906,"Day 2, 07:46",43.29,5.2,39.83,8.76,7,-65.4,10.0,44.19,0.6117,0.454,LOCAL
1907,"Day 2, 07:47",40.2,5.15,59.03,7.58,10,-63.4,10.0,46.38,0.7886,0.4447,LOCAL
1908,"Day 2, 07:48",42.21,5.16,44.65,5.35,3,-64.2,10.0,42.38,0.4902,0.3531,LOCAL
1909,"Day 2, 07:49",44.03,5.11,65.03,7.5,10,-64.3,10.1,42.62,0.8039,0.4091,LOCAL
1910,"Day 2, 07:50",42.38,5.13,45.63,4.61,2,-66.8,10.3,43.67,0.4584,0.3465,LOCAL
1911,"Day 2, 07:51",41.74,5.09,60.6,9.87,8,-65.1,10.0,48.88,0.7219,0.5266,LOCAL
1912,"Day 2, 07:52",46.85,5.1,50.32,4.08,6,-65.3,11.7,53.12,0.6082,0.4337,LOCAL
1913,"Day 2, 07:53",42.97,5.09,37.72,1.09,9,-65.9,10.0,50.53,0.6749,0.3247,LOCAL
1914,"Day 2, 07:54",44.04,5.13,30.65,4.14,2,-68.1,10.0,50.46,0.4035,0.4001,LOCAL
1915,"Day 2, 07:55",47.82,5.17,35.58,6.29,5,-70.1,10.0,46.1,0.52,0.4098,LOCAL
1916,"Day 2, 07:56",45.01,5.21,27.19,3.1,4,-71.8,10.0,47.94,0.4598,0.3479,LOCAL
1917,"Day 2, 07:57",44.9,5.26,23.59,3.19,2,-73.1,11.4,51.62,0.3773,0.3931,LOCAL
1918,"Day 2, 07:58",46.23,5.29,29.74,3.37,7,-74.6,13.6,49.28,0.5718,0.3786,LOCAL
1919,"Day 2, 07:59",46.62,5.32,32.83,5.95,5,-75.4,10.0,45.74,0.512,0.3978,LOCAL
1920,"Day 2, 08:00",46.04,5.33,43.49,9.76,5,-74.7,10.4,44.11,0.5501,0.4794,LOCAL
1921,"Day 2, 08:01",48.39,5.39,32.63,2.28,2,-73.8,10.0,47.72,0.4035,0.3251,LOCAL
1922,"Day 2, 08:02",50.91,5.44,27.31,2.04,5,-73.3,10.9,44.96,0.4861,0.2955,LOCAL
1923,"Day 2, 08:03",46.9,5.46,35.28,4.99,7,-73.7,10.0,46.56,0.5899,0.3816,LOCAL
1924,"Day 2, 08:04",48.25,5.5,26.01,1.31,7,-75.0,10.0,48.23,0.5554,0.306,LOCAL
1925,"Day 2, 08:05",51.38,5.53,31.28,4.18,7,-74.9,15.2,53.29,0.5691,0.4483,LOCAL
1926,"Day 2, 08:06",48.56,5.58,33.85,7.7,3,-71.7,10.0,48.86,0.4423,0.4723,LOCAL
1927,"Day 2, 08:07",50.78,5.59,45.24,6.12,9,-73.2,10.0,49.26,0.6888,0.4368,LOCAL
1928,"Day 2, 08:08",49.62,5.6,35.97,1.4,9,-70.9,10.0,54.3,0.6581,0.3762,LOCAL
1929,"Day 2, 08:09",53.5,5.61,48.92,5.41,10,-72.0,12.3,51.21,0.7326,0.4468,LOCAL
1930,"Day 2, 08:10",49.53,5.6,60.23,9.64,7,-69.7,10.0,55.75,0.6731,0.6008,LOCAL
1931,"Day 2, 08:11",50.72,5.61,49.23,3.79,7,-68.5,10.3,59.11,0.6328,0.5021,LOCAL
1932,"Day 2, 08:12",49.65,5.65,41.32,6.1,4,-66.2,10.0,53.26,0.5017,0.4811,LOCAL
1933,"Day 2, 08:13",53.44,5.68,34.54,1.21,9,-66.7,10.0,56.17,0.6472,0.3955,LOCAL
1934,"Day 2, 08:14",55.23,5.7,42.64,4.92,9,-64.2,10.0,59.0,0.6729,0.5279,LOCAL
1935,"Day 2, 08:15",55.03,5.74,33.87,2.58,8,-65.5,10.0,62.56,0.6074,0.526,LOCAL
1936,"Day 2, 08:16",54.66,5.82,31.3,8.53,2,-66.6,10.0,61.63,0.3888,0.6591,LOCAL
1937,"Day 2, 08:17",54.61,5.89,25.89,4.54,3,-66.3,10.0,60.83,0.4048,0.5464,LOCAL
1938,"Day 2, 08:18",54.22,5.95,23.1,2.05,7,-66.3,10.0,62.19,0.5356,0.5065,LOCAL
1939,"Day 2, 08:19",51.43,6.02,21.31,2.43,4,-66.3,10.0,60.06,0.4284,0.4816,LOCAL
1940,"Day 2, 08:20",53.76,6.11,20.99,9.36,1,-65.3,10.0,55.91,0.3187,0.5958,LOCAL
1941,"Day 2, 08:21",54.09,6.17,28.26,5.56,4,-66.7,10.0,51.61,0.4485,0.4484,LOCAL
1942,"Day 2, 08:22",56.08,6.21,29.36,3.62,10,-65.9,10.0,55.82,0.6593,0.4511,LOCAL
1943,"Day 2, 08:23",53.18,6.3,22.31,5.07,1,-67.6,10.0,58.44,0.3239,0.5235,LOCAL
1944,"Day 2, 08:24",58.71,6.38,21.67,2.42,6,-65.2,10.0,59.23,0.4882,0.4689,LOCAL
1945,"Day 2, 08:25",54.09,6.45,23.74,4.54,5,-65.0,10.0,58.86,0.4673,0.5164,LOCAL
1946,"Day 2, 08:26",57.16,6.48,32.88,4.49,10,-65.4,10.0,60.55,0.6696,0.5408,LOCAL
1947,"Day 2, 08:27",57.07,6.53,35.92,3.7,8,-65.6,10.0,59.6,0.6103,0.5065,LOCAL
1948,"Day 2, 08:28",55.12,6.58,39.3,8.71,4,-64.6,10.0,55.84,0.485,0.5787,LOCAL
1949,"Day 2, 08:29",55.24,6.61,41.59,4.44,9,-62.5,10.0,56.25,0.6678,0.4772,LOCAL
1950,"Day 2, 08:30",60.8,6.67,39.01,5.84,5,-62.3,10.0,59.02,0.5103,0.5511,LOCAL
1951,"Day 2, 08:31",56.77,6.74,31.97,2.09,4,-63.4,10.0,62.34,0.4566,0.5101,LOCAL
1952,"Day 2, 08:32",56.1,6.78,38.13,5.48,8,-62.5,10.0,65.3,0.6191,0.6482,LOCAL
1953,"Day 2, 08:33",60.64,6.83,46.52,8.74,6,-63.5,10.0,67.53,0.5716,0.7751,LOCAL
1954,"Day 2, 08:34",57.59,6.9,35.45,5.24,3,-62.6,10.0,65.45,0.4323,0.6453,LOCAL
1955,"Day 2, 08:35",57.12,6.9,61.62,9.39,10,-61.4,10.0,67.95,0.7696,0.8004,LOCAL
1956,"Day 2, 08:36",59.03,6.97,42.95,2.53,3,-62.2,10.0,61.23,0.4563,0.5027,LOCAL
1957,"Day 2, 08:37",58.52,7.03,30.1,1.46,6,-61.2,10.0,57.69,0.517,0.4225,LOCAL
1958,"Day 2, 08:38",61.23,7.15,20.54,7.2,1,-61.3,10.0,52.17,0.3043,0.4958,LOCAL
1959,"Day 2, 08:39",63.0,7.26,22.66,8.43,2,-60.2,10.0,48.56,0.3439,0.4874,LOCAL
1960,"Day 2, 08:40",59.34,7.31,36.89,5.79,8,-59.6,10.0,50.74,0.6091,0.4444,LOCAL
1961,"Day 2, 08:41",61.9,7.37,40.63,6.7,6,-62.6,10.0,48.83,0.5483,0.4469,LOCAL
1962,"Day 2, 08:42",59.87,7.46,32.51,8.32,1,-61.9,10.0,47.14,0.3478,0.4705,LOCAL
1963,"Day 2, 08:43",63.22,7.53,37.66,4.49,7,-63.3,10.5,44.06,0.5707,0.3475,LOCAL
1964,"Day 2, 08:44",61.54,7.58,38.13,4.74,7,-63.4,10.0,46.45,0.5748,0.3744,LOCAL
1965,"Day 2, 08:45",61.57,7.64,32.89,1.37,9,-61.5,10.0,51.57,0.6263,0.3432,LOCAL
1966,"Day 2, 08:46",64.59,7.69,50.75,9.15,7,-60.9,10.0,46.57,0.6142,0.4857,LOCAL
1967,"Day 2, 08:47",62.03,7.76,43.74,6.02,4,-62.0,10.0,45.58,0.4884,0.3982,LOCAL
1968,"Day 2, 08:48",63.83,7.83,37.46,4.45,6,-63.3,10.4,51.1,0.5336,0.4161,LOCAL
1969,"Day 2, 08:49",63.67,7.91,38.12,7.75,4,-61.0,10.0,46.51,0.466,0.4502,LOCAL
1970,"Day 2, 08:50",64.68,7.99,38.6,4.14,6,-59.2,10.0,45.82,0.5361,0.3533,LOCAL
1971,"Day 2, 08:51",66.72,8.09,34.77,4.54,3,-60.2,10.0,45.65,0.4145,0.3617,LOCAL
1972,"Day 2, 08:52",62.32,8.2,24.9,2.82,1,-61.0,10.0,42.52,0.3164,0.291,LOCAL
1973,"Day 2, 08:53",64.83,8.28,22.83,2.2,8,-63.8,10.0,41.16,0.5502,0.2642,LOCAL
1974,"Day 2, 08:54",64.25,8.41,20.49,6.55,1,-64.4,10.0,41.34,0.2977,0.3745,LOCAL
1975,"Day 2, 08:55",66.9,8.53,15.8,1.09,4,-64.5,10.0,46.64,0.3822,0.2849,LOCAL
1976,"Day 2, 08:56",64.93,8.58,40.37,6.87,10,-63.8,10.0,51.71,0.6811,0.4822,LOCAL
1977,"Day 2, 08:57",67.88,8.66,37.08,4.65,6,-61.9,10.0,48.92,0.525,0.3965,LOCAL
1978,"Day 2, 08:58",63.97,8.77,29.83,5.83,1,-60.7,10.0,46.68,0.3303,0.4038,LOCAL
1979,"Day 2, 08:59",65.69,8.81,47.98,6.95,10,-61.2,10.0,50.92,0.7062,0.4754,LOCAL
1980,"Day 2, 09:00",66.14,8.89,39.25,2.15,6,-62.1,10.0,51.88,0.5348,0.3661,LOCAL
1981,"Day 2, 09:01",67.48,8.93,53.98,7.47,10,-64.3,10.0,48.09,0.7243,0.4587,LOCAL
1982,"Day 2, 09:02",69.45,9.0,50.63,6.29,7,-63.2,10.0,45.75,0.6045,0.4065,LOCAL
1983,"Day 2, 09:03",67.1,9.1,37.54,6.11,2,-65.5,10.0,44.68,0.3871,0.3921,LOCAL
1984,"Day 2, 09:04",67.88,9.15,47.35,5.88,10,-67.9,10.5,44.27,0.7002,0.3841,LOCAL
1985,"Day 2, 09:05",70.05,9.26,32.15,2.35,4,-69.6,10.0,44.46,0.4336,0.2962,LOCAL
1986,"Day 2, 09:06",67.94,9.33,33.05,2.1,10,-68.6,10.0,44.56,0.6498,0.2908,LOCAL
1987,"Day 2, 09:07",67.63,9.43,28.48,4.32,4,-68.0,10.0,46.13,0.4241,0.3608,LOCAL
1988,"Day 2, 09:08",67.76,9.55,27.64,5.24,3,-69.0,10.0,46.18,0.3858,0.3842,LOCAL
1989,"Day 2, 09:09",67.5,9.66,26.07,1.34,4,-68.9,10.1,48.55,0.4155,0.3104,LOCAL
1990,"Day 2, 09:10",67.69,9.76,32.49,9.65,4,-69.0,10.0,50.39,0.4375,0.5371,LOCAL
1991,"Day 2, 09:11",71.12,9.88,25.3,4.44,3,-69.9,10.0,48.6,0.372,0.3881,LOCAL
1992,"Day 2, 09:12",73.51,9.97,33.82,4.31,10,-71.1,10.0,47.64,0.6432,0.3752,LOCAL
1993,"Day 2, 09:13",68.81,10.05,42.51,9.67,5,-72.9,10.0,48.11,0.5055,0.5138,LOCAL
1994,"Day 2, 09:14",69.31,10.08,68.74,8.81,10,-69.7,10.1,46.38,0.7715,0.4757,LOCAL
1995,"Day 2, 09:15",70.37,10.12,56.4,2.64,10,-71.5,10.3,46.97,0.7267,0.3277,LOCAL
1996,"Day 2, 09:16",72.89,10.17,58.95,5.89,10,-71.0,10.0,46.79,0.7317,0.4063,LOCAL
1997,"Day 2, 09:17",74.08,10.26,52.94,6.63,5,-70.7,11.5,48.79,0.5338,0.449,LOCAL
1998,"Day 2, 09:18",69.56,10.36,37.57,2.62,3,-72.4,10.0,46.02,0.4166,0.3173,LOCAL
1999,"Day 2, 09:19",70.9,10.43,44.92,4.74,10,-72.4,10.0,46.88,0.6852,0.3784,LOCAL
2000,"Day 2, 09:20",71.17,10.53,34.29,1.43,6,-70.7,10.0,49.08,0.5075,0.3178,LOCAL
2001,"Day 2, 09:21",71.57,10.6,46.16,8.02,7,-69.8,10.9,49.14,0.5833,0.4856,LOCAL
2002,"Day 2, 09:22",74.7,10.72,36.93,6.1,3,-71.7,10.0,53.81,0.4061,0.4876,LOCAL
2003,"Day 2, 09:23",73.06,10.86,30.71,8.1,1,-70.3,10.0,51.13,0.3166,0.5065,LOCAL
2004,"Day 2, 09:24",75.9,11.01,23.08,5.44,1,-71.4,10.4,48.5,0.2854,0.4131,LOCAL
2005,"Day 2, 09:25",76.44,11.1,47.42,9.47,8,-70.4,11.5,43.78,0.6147,0.4725,LOCAL
2006,"Day 2, 09:26",72.64,11.22,33.82,1.22,3,-71.2,11.0,41.29,0.3976,0.2437,LOCAL
2007,"Day 2, 09:27",75.37,11.3,51.04,9.11,7,-69.6,12.0,45.45,0.5936,0.48,LOCAL
2008,"Day 2, 09:28",74.94,11.38,56.83,8.32,7,-69.6,10.0,50.44,0.6144,0.5044,LOCAL
2009,"Day 2, 09:29",75.87,11.5,39.51,1.76,2,-67.5,10.0,52.67,0.3772,0.3655,LOCAL
2010,"Day 2, 09:30",74.58,11.63,31.24,6.88,2,-65.8,10.0,53.9,0.35,0.5083,LOCAL
2011,"Day 2, 09:31",76.72,11.75,32.88,5.33,6,-65.9,10.0,53.46,0.4924,0.4642,LOCAL
2012,"Day 2, 09:32",74.12,11.82,49.0,6.48,10,-65.9,10.0,55.36,0.6926,0.5166,LOCAL
2013,"Day 2, 09:33",75.09,11.93,41.14,5.44,4,-67.0,10.0,53.63,0.4535,0.469,LOCAL
2014,"Day 2, 09:34",77.52,12.04,44.35,8.61,4,-65.6,10.0,56.23,0.4609,0.5813,LOCAL
2015,"Day 2, 09:35",73.81,12.17,33.93,1.43,2,-63.5,10.0,53.5,0.3598,0.3672,LOCAL
2016,"Day 2, 09:36",76.62,12.3,30.95,3.06,4,-63.5,10.0,53.14,0.4149,0.4037,LOCAL
2017,"Day 2, 09:37",79.53,12.41,43.68,8.11,6,-65.6,10.0,55.62,0.525,0.5607,LOCAL
2018,"Day 2, 09:38",75.44,12.53,43.29,8.27,3,-64.9,10.0,54.05,0.4246,0.5449,LOCAL
2019,"Day 2, 09:39",79.98,12.61,51.16,5.67,9,-65.2,10.0,51.98,0.6552,0.4553,LOCAL
2020,"Day 2, 09:40",79.35,12.76,33.27,3.91,2,-66.6,10.1,53.79,0.3483,0.4328,LOCAL
2021,"Day 2, 09:41",75.6,12.84,51.82,9.73,7,-66.9,10.0,51.36,0.5937,0.5498,LOCAL
2022,"Day 2, 09:42",77.62,12.94,45.28,4.92,7,-66.2,10.0,47.79,0.5676,0.3918,LOCAL
2023,"Day 2, 09:43",78.82,13.06,42.5,8.72,4,-67.8,10.0,44.8,0.4509,0.4585,LOCAL
2024,"Day 2, 09:44",76.03,13.19,36.38,9.12,2,-67.6,10.0,45.95,0.3635,0.4791,LOCAL
2025,"Day 2, 09:45",80.99,13.34,30.34,4.08,3,-66.4,10.0,50.61,0.3697,0.4003,LOCAL
2026,"Day 2, 09:46",78.46,13.5,25.45,6.26,1,-65.2,14.0,49.62,0.2861,0.4556,LOCAL
2027,"Day 2, 09:47",77.05,13.59,42.73,8.1,8,-64.8,10.0,44.99,0.5936,0.4447,LOCAL
2028,"Day 2, 09:48",77.31,13.71,39.27,5.95,4,-66.2,10.0,46.7,0.4409,0.407,LOCAL
2029,"Day 2, 09:49",77.46,13.81,38.01,2.82,9,-65.4,10.0,48.98,0.6111,0.3514,LOCAL
2030,"Day 2, 09:50",81.96,13.97,29.11,6.96,1,-64.4,10.0,54.07,0.293,0.5124,LOCAL
2031,"Day 2, 09:51",81.47,14.09,27.75,1.31,10,-62.0,10.0,52.39,0.6038,0.351,LOCAL
2032,"Day 2, 09:52",82.88,14.19,43.5,5.59,10,-61.5,10.0,56.04,0.6566,0.5033,LOCAL
2033,"Day 2, 09:53",77.88,14.32,38.89,8.68,3,-62.4,10.0,56.82,0.4028,0.591,LOCAL
2034,"Day 2, 09:54",83.63,14.45,40.73,9.89,4,-63.7,10.0,57.34,0.4354,0.6284,LOCAL
2035,"Day 2, 09:55",83.45,14.53,63.96,9.73,10,-62.2,10.0,58.28,0.7269,0.6377,LOCAL
2036,"Day 2, 09:56",82.4,14.68,41.65,1.62,1,-63.1,10.0,57.9,0.3352,0.4295,LOCAL
2037,"Day 2, 09:57",80.34,14.83,30.99,9.8,1,-61.3,10.0,52.09,0.3007,0.5599,LOCAL
2038,"Day 2, 09:58",84.57,14.94,45.79,6.98,10,-59.4,10.0,55.01,0.661,0.5246,LOCAL
2039,"Day 2, 09:59",83.03,15.06,37.63,2.47,7,-59.0,10.0,59.05,0.5296,0.4673,LOCAL
2040,"Day 2, 10:00",80.69,15.19,30.02,2.52,6,-61.9,10.0,54.36,0.4713,0.4049,LOCAL
2041,"Day 2, 10:01",82.2,15.35,27.31,3.22,2,-64.6,10.0,52.35,0.3192,0.3984,LOCAL
2042,"Day 2, 10:02",82.56,15.52,23.56,2.68,3,-62.3,10.0,53.27,0.3403,0.3957,LOCAL
2043,"Day 2, 10:03",84.59,15.69,24.41,8.9,2,-64.2,10.0,49.8,0.305,0.512,LOCAL
2044,"Day 2, 10:04",85.43,15.84,34.23,9.21,4,-62.7,10.0,51.68,0.4079,0.5405,LOCAL
2045,"Day 2, 10:05",83.49,15.99,34.13,3.13,3,-65.2,10.0,54.69,0.3752,0.4243,LOCAL
2046,"Day 2, 10:06",83.46,16.1,39.27,4.12,10,-64.6,10.0,57.1,0.6381,0.4807,LOCAL
2047,"Day 2, 10:07",82.67,16.26,29.83,2.56,2,-66.6,10.0,51.36,0.326,0.3705,LOCAL
2048,"Day 2, 10:08",81.41,16.36,46.42,8.61,8,-66.1,10.0,51.53,0.5958,0.5237,LOCAL
2049,"Day 2, 10:09",84.62,16.49,42.25,4.13,7,-66.6,10.0,55.63,0.5412,0.4614,LOCAL
2050,"Day 2, 10:10",85.56,16.64,39.79,9.35,3,-65.8,10.0,56.49,0.391,0.6033,LOCAL
2051,"Day 2, 10:11",83.63,16.75,46.73,7.73,7,-65.9,10.0,50.74,0.558,0.4929,LOCAL
2052,"Day 2, 10:12",86.38,16.9,36.4,3.85,5,-65.7,10.0,50.07,0.4475,0.3887,LOCAL
2053,"Day 2, 10:13",83.87,17.07,28.62,8.63,1,-65.6,10.0,50.29,0.2838,0.5106,LOCAL
2054,"Day 2, 10:14",83.31,17.22,30.63,7.47,4,-64.8,10.0,46.86,0.3964,0.4465,LOCAL
2055,"Day 2, 10:15",87.78,17.38,31.04,5.99,4,-62.6,10.0,49.53,0.3909,0.4364,LOCAL
2056,"Day 2, 10:16",82.85,17.55,23.09,3.02,1,-60.6,10.0,46.97,0.2652,0.3364,LOCAL
2057,"Day 2, 10:17",84.09,17.72,19.42,1.0,4,-59.9,10.0,45.96,0.3552,0.2762,LOCAL
2058,"Day 2, 10:18",87.67,17.88,30.79,5.86,5,-62.4,10.0,50.61,0.4244,0.4447,LOCAL
2059,"Day 2, 10:19",86.33,17.98,53.18,8.02,9,-64.9,10.0,55.08,0.6447,0.5515,LOCAL
2060,"Day 2, 10:20",85.64,18.14,38.08,3.61,2,-66.3,10.0,52.66,0.3476,0.4116,LOCAL
2061,"Day 2, 10:21",83.49,18.24,51.21,8.48,8,-65.6,10.0,51.82,0.6067,0.5237,LOCAL
2062,"Day 2, 10:22",83.68,18.4,36.41,1.31,2,-65.9,10.2,55.57,0.3443,0.3907,LOCAL
2063,"Day 2, 10:23",87.52,18.51,44.08,4.59,10,-67.2,10.0,59.67,0.6452,0.5298,LOCAL
2064,"Day 2, 10:24",84.79,18.66,37.61,8.1,3,-65.4,10.0,60.92,0.3814,0.637,LOCAL
2065,"Day 2, 10:25",85.29,18.76,49.66,6.55,9,-67.6,10.0,57.22,0.6327,0.5431,LOCAL
2066,"Day 2, 10:26",84.42,18.87,56.75,8.47,6,-65.6,10.2,57.83,0.5537,0.6002,LOCAL
2067,"Day 2, 10:27",88.68,19.01,44.89,3.11,6,-66.5,10.0,55.44,0.5056,0.4334,LOCAL
2068,"Day 2, 10:28",88.74,19.15,38.86,4.3,6,-68.5,10.0,53.9,0.4842,0.4437,LOCAL
2069,"Day 2, 10:29",84.85,19.24,61.89,9.68,9,-68.9,10.0,56.06,0.6755,0.6057,LOCAL
2070,"Day 2, 10:30",88.04,19.35,57.4,4.9,7,-66.9,10.0,56.41,0.5848,0.4909,LOCAL
2071,"Day 2, 10:31",89.12,19.49,46.95,4.36,6,-67.7,12.5,52.67,0.5114,0.4376,LOCAL
2072,"Day 2, 10:32",86.36,19.62,41.99,4.68,6,-69.6,10.0,47.8,0.498,0.3859,LOCAL
2073,"Day 2, 10:33",86.99,19.76,36.73,3.66,6,-70.8,10.0,48.6,0.4784,0.3685,LOCAL
2074,"Day 2, 10:34",89.17,19.94,32.46,9.62,1,-68.6,10.0,51.32,0.2849,0.5466,LOCAL
2075,"Day 2, 10:35",86.4,20.07,40.84,6.6,7,-69.5,11.0,48.75,0.5282,0.4464,LOCAL
2076,"Day 2, 10:36",87.13,20.25,28.33,2.75,2,-66.8,10.0,49.97,0.3081,0.3601,LOCAL
2077,"Day 2, 10:37",91.26,20.39,36.67,4.58,8,-65.3,10.0,51.61,0.5409,0.4238,LOCAL
2078,"Day 2, 10:38",87.28,20.57,29.05,4.64,2,-66.2,10.0,48.62,0.3099,0.3933,LOCAL
2079,"Day 2, 10:39",89.16,20.74,30.41,6.45,3,-67.4,10.0,48.34,0.3466,0.4356,LOCAL
2080,"Day 2, 10:40",86.85,20.89,32.73,4.02,6,-67.7,10.0,51.1,0.463,0.4042,LOCAL
2081,"Day 2, 10:41",88.73,21.06,29.94,9.09,3,-67.8,10.0,50.86,0.3451,0.5283,LOCAL
2082,"Day 2, 10:42",91.69,21.19,43.57,5.71,10,-69.1,10.0,55.34,0.6332,0.4971,LOCAL
2083,"Day 2, 10:43",90.98,21.32,50.48,7.74,6,-69.6,10.0,54.56,0.5182,0.5379,LOCAL
2084,"Day 2, 10:44",90.57,21.46,45.12,3.09,8,-70.4,10.0,53.54,0.5699,0.4092,LOCAL
2085,"Day 2, 10:45",88.16,21.6,43.09,6.02,5,-68.6,11.0,52.34,0.4612,0.471,LOCAL
2086,"Day 2, 10:46",90.38,21.73,36.89,1.56,10,-68.8,10.0,54.17,0.611,0.3786,LOCAL
2087,"Day 2, 10:47",92.86,21.92,30.8,6.86,2,-67.9,11.9,57.52,0.3056,0.5606,LOCAL
2088,"Day 2, 10:48",89.76,22.08,33.44,4.47,5,-67.3,10.0,54.09,0.4243,0.4503,LOCAL
2089,"Day 2, 10:49",92.19,22.21,39.6,3.43,10,-68.5,10.0,51.12,0.617,0.3896,LOCAL
2090,"Day 2, 10:50",92.1,22.39,32.07,2.6,3,-69.4,10.0,50.39,0.3455,0.3609,LOCAL
2091,"Day 2, 10:51",91.68,22.52,44.78,4.96,9,-70.5,10.0,50.74,0.6004,0.4237,LOCAL
2092,"Day 2, 10:52",90.55,22.67,43.76,5.15,6,-69.3,10.0,51.28,0.4933,0.4344,LOCAL
2093,"Day 2, 10:53",89.32,22.76,64.45,9.26,10,-69.5,10.7,54.32,0.7075,0.5749,LOCAL
2094,"Day 2, 10:54",88.78,22.91,48.06,8.52,2,-66.7,10.0,51.09,0.3707,0.5166,LOCAL
2095,"Day 2, 10:55",92.53,23.05,51.61,7.8,6,-68.0,10.0,53.91,0.5173,0.5314,LOCAL
2096,"Day 2, 10:56",89.46,23.15,61.12,7.49,9,-69.4,10.0,53.19,0.66,0.5149,LOCAL
2097,"Day 2, 10:57",89.28,23.26,57.15,4.93,8,-68.1,10.0,50.63,0.6112,0.4217,LOCAL
2098,"Day 2, 10:58",91.48,23.39,40.86,1.99,10,-68.4,10.0,51.09,0.6207,0.3533,LOCAL
2099,"Day 2, 10:59",89.5,23.54,41.14,4.49,5,-65.9,10.0,47.71,0.4494,0.3803,LOCAL
2100,"Day 2, 11:00",90.54,23.73,29.54,9.78,1,-64.8,10.0,43.76,0.267,0.4757,LOCAL
2101,"Day 2, 11:01",93.41,23.94,18.24,5.92,1,-64.3,10.0,44.08,0.2228,0.3821,LOCAL
2102,"Day 2, 11:02",94.58,24.11,28.16,5.81,8,-65.3,10.0,47.78,0.5005,0.414,LOCAL
2103,"Day 2, 11:03",93.19,24.27,32.42,5.06,7,-66.2,10.0,48.39,0.4823,0.4014,LOCAL
2104,"Day 2, 11:04",94.86,24.41,41.9,4.52,10,-68.2,10.0,48.28,0.6177,0.3867,LOCAL
2105,"Day 2, 11:05",92.93,24.57,39.24,4.8,6,-66.0,10.0,48.75,0.4711,0.3986,LOCAL
2106,"Day 2, 11:06",90.19,24.75,27.36,2.82,2,-65.4,10.0,52.86,0.2933,0.3943,LOCAL
2107,"Day 2, 11:07",93.67,24.97,18.67,2.34,1,-63.8,10.0,48.32,0.2224,0.3327,LOCAL
2108,"Day 2, 11:08",91.88,25.15,14.52,1.77,8,-63.4,11.0,48.37,0.4553,0.3219,LOCAL
2109,"Day 2, 11:09",95.26,25.37,13.47,3.16,2,-63.1,10.0,49.43,0.2362,0.3647,LOCAL
2110,"Day 2, 11:10",92.92,25.52,30.97,5.33,9,-64.5,10.0,47.31,0.5457,0.3974,LOCAL
2111,"Day 2, 11:11",93.5,25.7,32.77,4.66,3,-64.0,10.0,46.81,0.3409,0.3758,LOCAL
2112,"Day 2, 11:12",94.95,25.85,33.63,2.67,10,-63.1,10.0,44.64,0.5865,0.3058,LOCAL
2113,"Day 2, 11:13",93.81,26.03,33.94,6.79,4,-63.2,10.0,48.24,0.379,0.4431,LOCAL
2114,"Day 2, 11:14",93.47,26.18,47.36,9.94,6,-61.6,10.0,48.96,0.4963,0.5293,LOCAL
2115,"Day 2, 11:15",92.64,26.34,35.77,1.97,6,-60.6,10.0,44.53,0.4567,0.2873,LOCAL
2116,"Day 2, 11:16",95.23,26.52,35.99,5.87,4,-63.1,11.2,47.64,0.3833,0.4176,LOCAL
2117,"Day 2, 11:17",93.95,26.65,51.08,6.95,9,-61.3,10.0,43.53,0.6129,0.403,LOCAL
2118,"Day 2, 11:18",94.07,26.78,42.59,2.12,10,-61.6,10.0,43.19,0.6178,0.2793,LOCAL
2119,"Day 2, 11:19",91.12,26.93,45.46,7.59,5,-62.7,10.9,45.63,0.457,0.4403,LOCAL
2120,"Day 2, 11:20",92.18,27.03,64.49,8.15,10,-64.5,10.0,42.44,0.6969,0.4236,LOCAL
2121,"Day 2, 11:21",95.66,27.16,62.72,7.99,7,-63.1,10.0,41.03,0.5803,0.408,LOCAL
2122,"Day 2, 11:22",95.12,27.32,49.54,5.1,3,-64.0,10.0,44.53,0.3947,0.3655,LOCAL
2123,"Day 2, 11:23",92.98,27.44,51.02,4.81,10,-61.9,10.0,49.62,0.648,0.4079,LOCAL
2124,"Day 2, 11:24",92.03,27.56,50.06,3.37,9,-60.3,10.0,52.14,0.6108,0.3997,LOCAL
2125,"Day 2, 11:25",93.88,27.72,43.28,5.16,5,-62.9,10.0,47.31,0.4441,0.3931,LOCAL
2126,"Day 2, 11:26",96.1,27.9,33.36,2.85,5,-60.8,10.0,51.26,0.4057,0.3767,LOCAL
2127,"Day 2, 11:27",91.49,28.04,46.12,7.48,7,-63.0,10.0,48.44,0.5271,0.4625,LOCAL
2128,"Day 2, 11:28",94.51,28.19,48.73,9.9,6,-60.8,10.0,53.58,0.4965,0.5799,LOCAL
2129,"Day 2, 11:29",95.03,28.37,36.75,2.14,4,-60.3,10.0,53.47,0.3835,0.3846,LOCAL
2130,"Day 2, 11:30",96.05,28.54,39.82,6.83,4,-62.9,10.0,54.22,0.3925,0.5109,LOCAL
2131,"Day 2, 11:31",92.92,28.71,38.41,5.56,5,-63.0,10.0,50.41,0.427,0.4351,LOCAL
2132,"Day 2, 11:32",92.03,28.85,31.29,1.54,10,-62.7,10.0,46.6,0.5782,0.2957,LOCAL
2133,"Day 2, 11:33",96.12,29.0,43.14,6.78,8,-61.6,10.0,46.28,0.5433,0.4237,LOCAL
2134,"Day 2, 11:34",97.22,29.17,45.59,7.62,5,-61.7,10.0,44.73,0.445,0.4304,LOCAL
2135,"Day 2, 11:35",93.54,29.31,44.42,4.09,9,-63.9,10.0,48.45,0.5862,0.3777,LOCAL
2136,"Day 2, 11:36",94.09,29.46,36.77,2.19,7,-65.6,10.0,45.27,0.4884,0.2995,LOCAL
2137,"Day 2, 11:37",94.0,29.62,30.36,1.68,10,-64.7,11.0,45.49,0.5709,0.2917,LOCAL
2138,"Day 2, 11:38",93.56,29.79,28.48,3.73,6,-66.9,10.0,50.2,0.4246,0.3871,LOCAL
2139,"Day 2, 11:39",97.28,30.0,26.04,7.54,1,-67.8,10.0,50.92,0.2352,0.4901,LOCAL
2140,"Day 2, 11:40",94.13,30.21,22.48,2.06,1,-69.9,10.0,53.41,0.2272,0.3819,LOCAL
2141,"Day 2, 11:41",96.11,30.4,29.2,8.47,4,-71.8,10.0,55.58,0.3524,0.5693,LOCAL
2142,"Day 2, 11:42",94.11,30.57,41.52,8.35,5,-72.5,10.0,55.3,0.4333,0.5626,LOCAL
2143,"Day 2, 11:43",96.59,30.76,31.52,3.31,3,-71.4,10.0,53.8,0.3243,0.4178,LOCAL
2144,"Day 2, 11:44",91.87,30.93,29.06,3.12,6,-72.2,10.2,53.1,0.4275,0.4053,LOCAL
2145,"Day 2, 11:45",96.91,31.12,29.38,2.78,4,-72.3,10.0,55.36,0.3508,0.4241,LOCAL
2146,"Day 2, 11:46",97.65,31.28,47.92,9.49,6,-71.2,10.0,50.96,0.4843,0.5393,LOCAL
2147,"Day 2, 11:47",92.82,31.42,50.23,7.04,6,-72.5,10.0,50.53,0.4995,0.4734,LOCAL
2148,"Day 2, 11:48",95.63,31.54,65.93,8.64,9,-72.1,10.0,46.6,0.655,0.4732,OFFLOAD
2149,"Day 2, 11:49",96.18,31.73,41.23,2.96,1,-70.2,10.0,46.67,0.2874,0.3319,LOCAL
2150,"Day 2, 11:50",92.08,31.87,47.28,9.28,6,-71.1,10.2,47.63,0.4895,0.4997,LOCAL
2151,"Day 2, 11:51",94.27,32.03,42.03,6.16,6,-71.2,10.0,51.41,0.4676,0.4611,LOCAL
2152,"Day 2, 11:52",96.42,32.18,52.12,9.93,6,-70.4,10.0,47.78,0.4995,0.5171,LOCAL
2153,"Day 2, 11:53",94.94,32.37,34.88,1.81,2,-71.6,10.0,51.04,0.3011,0.3482,LOCAL
2154,"Day 2, 11:54",92.34,32.55,26.53,1.73,5,-68.7,10.0,55.41,0.3805,0.3985,LOCAL
2155,"Day 2, 11:55",93.65,32.74,27.43,7.58,3,-70.0,10.0,57.41,0.3114,0.5716,LOCAL
2156,"Day 2, 11:56",96.56,32.96,21.95,8.11,1,-67.4,10.0,59.06,0.2176,0.6085,LOCAL
2157,"Day 2, 11:57",93.94,33.13,22.42,1.79,8,-68.9,10.0,59.5,0.4679,0.4571,LOCAL
2158,"Day 2, 11:58",92.63,33.3,34.35,8.85,4,-67.5,11.0,61.89,0.3713,0.6744,LOCAL
2159,"Day 2, 11:59",92.53,33.47,31.45,4.03,6,-69.5,10.0,57.86,0.4311,0.4892,LOCAL
2160,"Day 2, 12:00",96.16,33.66,30.63,4.83,4,-70.3,10.1,54.93,0.3525,0.4701,LOCAL
2161,"Day 2, 12:01",93.86,33.86,24.53,6.83,1,-69.4,12.1,50.49,0.2293,0.4737,LOCAL
2162,"Day 2, 12:02",97.04,34.0,49.03,8.08,9,-70.9,11.2,52.35,0.59,0.5233,OFFLOAD
2163,"Day 2, 12:03",93.08,34.2,34.03,1.88,4,-70.0,10.0,51.28,0.3682,0.3526,LOCAL
2164,"Day 2, 12:04",93.57,34.4,28.53,7.85,1,-68.4,12.4,49.29,0.2429,0.4872,LOCAL
2165,"Day 2, 12:05",97.52,34.61,18.86,2.04,3,-67.9,10.0,52.36,0.2728,0.369,LOCAL
2166,"Day 2, 12:06",97.02,34.81,21.83,4.61,5,-67.9,11.1,48.58,0.3537,0.3952,LOCAL
2167,"Day 2, 12:07",96.05,34.97,38.79,7.76,8,-66.5,10.0,45.66,0.5192,0.4424,OFFLOAD
2168,"Day 2, 12:08",96.37,35.17,40.53,5.31,5,-65.7,10.0,48.92,0.4195,0.413,LOCAL
2169,"Day 2, 12:09",96.28,35.36,32.93,7.23,2,-65.4,10.0,53.41,0.2878,0.511,LOCAL
2170,"Day 2, 12:10",93.92,35.53,39.88,9.71,5,-64.5,10.0,57.8,0.4204,0.6303,LOCAL
2171,"Day 2, 12:11",96.83,35.7,40.66,7.71,4,-65.5,10.0,52.59,0.3835,0.5134,LOCAL
2172,"Day 2, 12:12",93.36,35.87,34.28,3.46,5,-64.1,10.0,55.64,0.4011,0.4447,LOCAL
2173,"Day 2, 12:13",96.11,36.02,43.1,5.57,8,-61.9,10.0,54.44,0.5326,0.4822,OFFLOAD
2174,"Day 2, 12:14",96.03,36.19,58.45,7.63,10,-60.0,10.0,58.71,0.6562,0.5914,OFFLOAD
2175,"Day 2, 12:15",97.29,36.39,41.75,1.76,4,-58.9,10.0,59.49,0.3856,0.4563,LOCAL
2176,"Day 2, 12:16",92.56,36.53,48.8,7.01,6,-61.3,10.0,55.52,0.4872,0.5319,LOCAL
2177,"Day 2, 12:17",92.9,36.68,43.67,2.98,8,-62.4,10.0,57.36,0.5385,0.4559,OFFLOAD
2178,"Day 2, 12:18",97.58,36.87,41.74,7.29,4,-63.2,10.0,51.82,0.3844,0.494,LOCAL
2179,"Day 2, 12:19",95.74,37.02,42.07,3.95,9,-64.0,10.0,48.95,0.5631,0.3793,OFFLOAD
2180,"Day 2, 12:20",93.87,37.22,31.75,2.0,5,-63.8,10.0,49.43,0.3895,0.3357,OFFLOAD
2181,"Day 2, 12:21",91.81,37.38,53.8,9.56,9,-62.9,10.0,49.88,0.6095,0.5294,OFFLOAD
2182,"Day 2, 12:22",96.95,37.57,50.56,8.3,5,-64.8,10.0,49.96,0.4502,0.4987,LOCAL
2183,"Day 2, 12:23",92.03,37.75,33.64,1.42,2,-63.0,10.0,53.21,0.2931,0.3635,LOCAL
2184,"Day 2, 12:24",91.95,37.92,32.65,6.24,5,-64.8,10.0,54.6,0.3945,0.501,LOCAL
2185,"Day 2, 12:25",97.41,38.13,28.34,5.21,2,-66.2,10.0,53.27,0.2659,0.4589,LOCAL
2186,"Day 2, 12:26",92.28,38.29,24.03,1.38,8,-67.0,10.0,55.04,0.4682,0.3851,OFFLOAD
2187,"Day 2, 12:27",93.17,38.5,25.14,1.48,9,-66.0,10.0,56.62,0.5055,0.4083,OFFLOAD
2188,"Day 2, 12:28",96.67,38.71,32.6,4.89,8,-64.6,10.8,58.05,0.491,0.5154,LOCAL
2189,"Day 2, 12:29",91.48,38.88,34.19,7.09,4,-66.2,10.0,54.77,0.3641,0.5243,LOCAL
2190,"Day 2, 12:30",95.35,39.06,34.95,9.32,4,-64.4,11.0,57.0,0.3607,0.6122,LOCAL
2191,"Day 2, 12:31",95.52,39.27,23.5,1.69,1,-66.4,10.0,51.6,0.215,0.3515,LOCAL
2192,"Day 2, 12:32",95.61,39.46,21.75,2.48,7,-65.1,10.0,56.1,0.4185,0.4263,LOCAL
2193,"Day 2, 12:33",93.83,39.62,33.82,6.69,7,-63.2,10.9,56.41,0.4632,0.5383,LOCAL
2194,"Day 2, 12:34",96.9,39.75,52.67,8.37,9,-64.9,10.0,54.1,0.5944,0.548,LOCAL
2195,"Day 2, 12:35",92.18,39.91,47.44,5.68,4,-65.8,10.0,54.62,0.4079,0.4872,LOCAL
2196,"Day 2, 12:36",91.14,40.07,32.49,1.89,6,-67.7,10.6,52.93,0.4269,0.3736,OFFLOAD
2197,"Day 2, 12:37",92.02,40.25,40.23,7.12,7,-66.0,10.0,57.32,0.4874,0.5588,LOCAL
2198,"Day 2, 12:38",90.85,40.42,34.28,7.21,3,-67.6,10.0,54.37,0.3281,0.5223,LOCAL
2199,"Day 2, 12:39",94.18,40.59,33.99,4.23,7,-69.5,11.2,50.73,0.4618,0.4087,OFFLOAD
2200,"Day 2, 12:40",93.24,40.76,53.04,9.61,7,-71.1,10.0,47.07,0.5296,0.502,LOCAL
2201,"Day 2, 12:41",92.32,40.9,50.77,7.89,5,-72.1,10.1,47.23,0.4529,0.4608,LOCAL
2202,"Day 2, 12:42",91.82,41.02,53.52,6.05,8,-73.1,10.0,46.79,0.568,0.4103,OFFLOAD
2203,"Day 2, 12:43",94.11,41.21,44.24,8.04,3,-71.2,10.0,51.79,0.3569,0.5124,LOCAL
2204,"Day 2, 12:44",91.84,41.4,29.97,1.79,2,-68.2,10.0,54.81,0.275,0.3924,LOCAL
2205,"Day 2, 12:45",90.96,41.55,40.06,9.3,5,-65.9,10.0,49.91,0.4164,0.5232,LOCAL
2206,"Day 2, 12:46",94.1,41.72,28.58,1.13,8,-67.4,10.0,53.63,0.4763,0.3612,OFFLOAD
2207,"Day 2, 12:47",92.53,41.89,51.33,6.89,10,-68.2,10.0,52.56,0.6281,0.4925,OFFLOAD
2208,"Day 2, 12:48",91.87,42.06,42.82,1.98,8,-68.8,10.0,55.15,0.529,0.4015,OFFLOAD
2209,"Day 2, 12:49",91.87,42.26,29.66,3.3,1,-70.5,10.0,52.52,0.2376,0.4023,LOCAL
2210,"Day 2, 12:50",93.7,42.46,22.22,4.32,3,-67.6,10.0,54.82,0.2785,0.4557,LOCAL
2211,"Day 2, 12:51",90.91,42.63,29.07,4.46,6,-68.1,10.0,58.41,0.4114,0.5077,LOCAL
2212,"Day 2, 12:52",90.28,42.78,23.83,1.27,9,-69.0,12.2,52.74,0.4988,0.3604,OFFLOAD
2213,"Day 2, 12:53",91.5,42.99,23.69,5.14,3,-70.4,10.0,48.61,0.2862,0.4056,LOCAL
2214,"Day 2, 12:54",89.45,43.16,27.17,6.67,4,-71.8,10.0,51.35,0.3362,0.4732,LOCAL
2215,"Day 2, 12:55",93.57,43.33,27.97,2.38,7,-68.8,11.2,48.22,0.4376,0.3362,OFFLOAD
2216,"Day 2, 12:56",95.11,43.5,53.3,8.48,10,-68.4,10.0,44.48,0.6286,0.4496,OFFLOAD
2217,"Day 2, 12:57",93.03,43.67,58.9,6.09,10,-66.9,10.0,47.63,0.6511,0.4195,OFFLOAD
2218,"Day 2, 12:58",89.96,43.82,58.63,9.61,6,-65.0,10.0,43.08,0.5145,0.4656,LOCAL
2219,"Day 2, 12:59",93.66,44.0,43.2,6.14,1,-65.1,10.0,48.79,0.2797,0.4325,LOCAL
2220,"Day 2, 13:00",94.46,44.19,34.19,9.85,1,-64.0,10.0,53.6,0.2467,0.5789,LOCAL
2221,"Day 2, 13:01",92.08,44.35,30.12,1.77,8,-62.1,10.0,52.4,0.4808,0.3627,OFFLOAD
2222,"Day 2, 13:02",89.11,44.53,37.9,7.54,5,-64.8,10.0,50.74,0.4072,0.4882,LOCAL
2223,"Day 2, 13:03",92.07,44.68,39.21,5.07,6,-62.8,10.0,48.87,0.4421,0.4065,LOCAL
2224,"Day 2, 13:04",93.72,44.84,40.42,5.55,5,-61.7,10.0,44.83,0.4086,0.3795,LOCAL
2225,"Day 2, 13:05",93.91,45.01,39.93,7.33,5,-60.5,10.0,46.78,0.4064,0.4422,LOCAL
2226,"Day 2, 13:06",88.9,45.16,35.35,4.37,5,-62.3,10.0,47.44,0.3976,0.3746,LOCAL
2227,"Day 2, 13:07",93.03,45.34,35.62,4.93,4,-63.7,10.9,48.9,0.3571,0.406,LOCAL
2228,"Day 2, 13:08",91.3,45.47,38.59,4.57,10,-65.4,11.7,47.12,0.5799,0.3815,OFFLOAD
2229,"Day 2, 13:09",92.37,45.66,34.09,5.08,5,-66.9,10.0,47.81,0.3873,0.3961,LOCAL
2230,"Day 2, 13:10",87.99,45.84,24.63,4.59,2,-65.1,10.0,50.58,0.2555,0.4127,LOCAL
2231,"Day 2, 13:11",92.64,46.06,17.42,2.93,1,-65.5,10.0,50.95,0.1879,0.3753,LOCAL
2232,"Day 2, 13:12",90.12,46.23,31.11,9.11,4,-66.0,10.0,48.14,0.3444,0.5001,LOCAL
2233,"Day 2, 13:13",89.28,46.39,25.61,1.64,6,-63.9,10.0,45.7,0.3961,0.2898,OFFLOAD
2234,"Day 2, 13:14",88.24,46.59,20.26,5.67,1,-61.8,10.0,43.3,0.2037,0.3689,LOCAL
2235,"Day 2, 13:15",92.02,46.73,43.37,8.36,8,-63.5,10.0,44.78,0.5237,0.4493,OFFLOAD
2236,"Day 2, 13:16",91.07,46.91,38.37,3.45,5,-65.9,10.0,49.39,0.4023,0.3714,LOCAL
2237,"Day 2, 13:17",91.8,47.06,42.97,5.56,6,-63.6,10.0,52.28,0.4521,0.456,LOCAL
2238,"Day 2, 13:18",90.41,47.22,33.92,2.05,5,-64.5,10.0,50.94,0.3873,0.3531,LOCAL
2239,"Day 2, 13:19",91.74,47.36,42.69,5.72,8,-66.2,10.0,52.82,0.5208,0.4663,OFFLOAD
2240,"Day 2, 13:20",90.42,47.53,46.35,5.13,9,-65.4,10.0,47.91,0.5703,0.3983,OFFLOAD
2241,"Day 2, 13:21",89.01,47.71,40.43,3.41,8,-67.1,10.0,45.59,0.5164,0.333,OFFLOAD
2242,"Day 2, 13:22",88.18,47.88,37.13,8.14,3,-65.4,10.0,44.04,0.3309,0.4372,LOCAL
2243,"Day 2, 13:23",86.7,48.06,25.9,3.98,2,-64.7,10.0,48.27,0.2585,0.3732,LOCAL
2244,"Day 2, 13:24",86.72,48.23,27.58,9.38,3,-66.0,10.0,48.17,0.2991,0.5072,LOCAL
2245,"Day 2, 13:25",89.94,48.39,25.93,1.84,7,-65.3,10.0,47.84,0.4283,0.3154,OFFLOAD
2246,"Day 2, 13:26",88.31,48.58,29.41,9.64,3,-65.9,10.0,44.17,0.3026,0.4758,LOCAL
2247,"Day 2, 13:27",90.33,48.71,38.18,3.91,10,-65.7,10.0,46.62,0.5751,0.3552,OFFLOAD
2248,"Day 2, 13:28",88.15,48.89,30.78,1.26,8,-68.0,10.0,45.81,0.4822,0.2812,OFFLOAD
2249,"Day 2, 13:29",86.27,49.06,40.13,8.34,6,-68.0,10.0,47.64,0.4474,0.4759,LOCAL
2250,"Day 2, 13:30",84.92,49.22,34.24,4.64,3,-69.6,10.0,48.39,0.3236,0.3909,LOCAL
2251,"Day 2, 13:31",88.28,49.38,37.81,9.98,3,-70.3,10.0,51.26,0.3309,0.555,LOCAL
2252,"Day 2, 13:32",85.17,49.49,49.01,7.86,7,-69.2,10.0,46.99,0.5145,0.4575,OFFLOAD
2253,"Day 2, 13:33",84.96,49.66,37.65,1.98,4,-66.6,10.0,42.73,0.3698,0.2718,OFFLOAD
2254,"Day 2, 13:34",84.12,49.82,35.79,3.31,6,-67.3,10.0,41.41,0.4343,0.2941,OFFLOAD
2255,"Day 2, 13:35",88.41,50.01,30.77,4.24,6,-65.7,10.0,40.35,0.41,0.3088,OFFLOAD
2256,"Day 2, 13:36",89.14,50.21,24.23,1.64,3,-68.1,11.8,39.31,0.2808,0.2408,LOCAL
2257,"Day 2, 13:37",89.15,50.33,47.34,9.33,8,-67.7,10.0,44.39,0.5365,0.4701,OFFLOAD
2258,"Day 2, 13:38",88.62,50.5,42.77,6.55,4,-69.6,10.0,46.64,0.381,0.4214,LOCAL
2259,"Day 2, 13:39",87.94,50.65,38.24,5.22,4,-71.4,10.0,47.68,0.366,0.3983,LOCAL
2260,"Day 2, 13:40",84.87,50.78,32.6,2.2,9,-70.3,10.0,49.63,0.5256,0.3427,OFFLOAD
2261,"Day 2, 13:41",83.03,50.96,25.2,3.18,1,-72.1,10.0,46.66,0.2222,0.3373,LOCAL
2262,"Day 2, 13:42",84.78,51.1,34.25,8.15,5,-69.6,11.5,43.05,0.391,0.433,LOCAL
2263,"Day 2, 13:43",87.5,51.24,33.55,2.44,9,-68.3,10.0,40.54,0.5243,0.2652,LOCAL
2264,"Day 2, 13:44",87.99,51.39,40.63,9.9,4,-65.7,10.0,38.1,0.3731,0.433,LOCAL
2265,"Day 2, 13:45",85.69,51.55,31.63,7.23,2,-64.9,10.0,35.44,0.2749,0.3471,LOCAL
2266,"Day 2, 13:46",82.5,51.69,30.61,2.7,7,-66.1,10.0,33.33,0.4509,0.2197,OFFLOAD
2267,"Day 2, 13:47",84.79,51.87,25.83,1.77,6,-66.2,10.0,32.58,0.3954,0.1915,OFFLOAD
2268,"Day 2, 13:48",85.61,52.04,37.85,5.14,9,-64.2,10.0,35.55,0.541,0.2956,OFFLOAD
2269,"Day 2, 13:49",83.12,52.18,47.11,8.92,6,-62.0,10.0,35.21,0.4719,0.3878,OFFLOAD
2270,"Day 2, 13:50",86.92,52.32,60.09,9.59,7,-60.9,10.0,38.73,0.5465,0.43,OFFLOAD
2271,"Day 2, 13:51",86.97,52.47,59.92,7.17,8,-60.9,10.0,43.36,0.5806,0.407,OFFLOAD
2272,"Day 2, 13:52",81.08,52.61,47.79,7.46,4,-60.9,10.0,39.94,0.4067,0.386,LOCAL
2273,"Day 2, 13:53",81.58,52.7,55.9,7.71,8,-62.9,10.0,41.97,0.5742,0.4087,OFFLOAD
2274,"Day 2, 13:54",82.9,52.85,42.24,2.71,6,-65.6,10.0,42.26,0.4542,0.2861,OFFLOAD
2275,"Day 2, 13:55",84.07,53.0,43.4,3.99,10,-67.5,10.0,41.1,0.5963,0.3085,OFFLOAD
2276,"Day 2, 13:56",82.55,53.17,29.33,1.58,6,-66.4,10.0,43.88,0.4091,0.2718,OFFLOAD
2277,"Day 2, 13:57",83.35,53.35,29.47,2.02,7,-66.3,10.0,40.92,0.4431,0.2578,OFFLOAD
2278,"Day 2, 13:58",80.38,53.5,35.3,9.54,4,-65.4,10.0,38.87,0.3627,0.4297,LOCAL
2279,"Day 2, 13:59",83.9,53.65,35.24,7.21,3,-65.4,10.0,45.48,0.322,0.427,LOCAL
2280,"Day 2, 14:00",82.02,53.78,28.64,1.61,9,-64.2,10.0,46.1,0.5116,0.2928,LOCAL
2281,"Day 2, 14:01",79.24,53.91,28.59,6.55,5,-65.3,10.0,49.4,0.3754,0.4491,LOCAL
2282,"Day 2, 14:02",84.25,54.07,33.6,7.86,3,-67.3,10.0,48.6,0.3151,0.4735,LOCAL
2283,"Day 2, 14:03",84.3,54.22,32.01,4.92,3,-68.7,11.2,46.19,0.3092,0.3798,LOCAL
2284,"Day 2, 14:04",81.2,54.36,28.97,2.69,6,-70.6,10.0,50.58,0.408,0.3652,LOCAL
2285,"Day 2, 14:05",80.28,54.46,47.72,8.71,8,-71.7,10.0,45.71,0.5449,0.4666,OFFLOAD
2286,"Day 2, 14:06",79.27,54.6,40.8,5.83,4,-70.2,10.0,44.06,0.382,0.3796,LOCAL
2287,"Day 2, 14:07",79.25,54.71,38.69,3.31,8,-71.6,10.0,43.7,0.5145,0.3134,OFFLOAD
2288,"Day 2, 14:08",81.53,54.87,31.8,6.87,2,-73.0,10.0,39.87,0.2767,0.3707,LOCAL
2289,"Day 2, 14:09",82.88,55.01,37.37,8.29,5,-72.8,10.0,44.42,0.3989,0.4443,LOCAL
2290,"Day 2, 14:10",79.44,55.15,28.79,2.84,3,-70.2,10.0,43.37,0.3039,0.2988,LOCAL
2291,"Day 2, 14:11",78.86,55.29,26.7,1.67,5,-70.7,11.7,49.22,0.3672,0.3299,LOCAL
2292,"Day 2, 14:12",77.06,55.44,25.12,6.47,2,-72.1,10.2,46.28,0.2592,0.4166,LOCAL
2293,"Day 2, 14:13",82.36,55.6,20.28,1.14,4,-69.3,10.0,45.17,0.304,0.2724,LOCAL
2294,"Day 2, 14:14",78.19,55.75,20.25,4.61,4,-66.6,10.0,48.63,0.31,0.3926,LOCAL
2295,"Day 2, 14:15",81.76,55.89,26.49,3.31,7,-64.1,10.0,44.23,0.4312,0.3181,OFFLOAD
2296,"Day 2, 14:16",79.16,56.05,28.67,7.61,3,-62.4,10.0,49.08,0.3025,0.4722,LOCAL
2297,"Day 2, 14:17",78.21,56.2,19.16,1.44,4,-61.9,10.0,47.86,0.3055,0.3056,LOCAL
2298,"Day 2, 14:18",79.51,56.37,18.56,7.14,1,-62.5,10.0,50.39,0.1961,0.4744,LOCAL
2299,"Day 2, 14:19",78.99,56.53,15.71,2.49,3,-60.8,10.0,53.26,0.2567,0.3908,LOCAL
2300,"Day 2, 14:20",79.32,56.7,12.96,1.33,3,-62.3,10.0,50.82,0.2463,0.3338,LOCAL
2301,"Day 2, 14:21",78.59,56.84,27.84,9.59,4,-62.5,10.0,49.17,0.3343,0.5227,LOCAL
2302,"Day 2, 14:22",80.17,56.97,31.52,4.83,6,-63.4,11.7,49.69,0.4146,0.414,LOCAL
2303,"Day 2, 14:23",76.38,57.12,25.51,4.24,2,-65.8,11.0,45.51,0.259,0.3558,LOCAL
2304,"Day 2, 14:24",78.59,57.28,22.96,8.41,1,-67.5,10.0,45.06,0.2116,0.4531,LOCAL
2305,"Day 2, 14:25",76.4,57.42,24.34,3.68,3,-68.2,10.0,46.98,0.2895,0.3529,LOCAL
2306,"Day 2, 14:26",75.02,57.53,24.41,1.46,9,-67.2,10.0,45.76,0.5016,0.2858,OFFLOAD
2307,"Day 2, 14:27",73.18,57.67,33.66,9.83,4,-65.9,10.0,42.5,0.3615,0.4661,LOCAL
2308,"Day 2, 14:28",74.48,57.8,31.41,9.63,2,-67.2,10.0,41.67,0.2815,0.4542,LOCAL
2309,"Day 2, 14:29",73.4,57.93,28.14,3.24,4,-68.3,10.0,42.48,0.3415,0.3012,LOCAL
2310,"Day 2, 14:30",73.48,58.05,27.74,4.34,4,-66.3,11.3,41.33,0.3398,0.3229,LOCAL
2311,"Day 2, 14:31",77.54,58.17,38.83,9.99,5,-66.1,11.7,43.24,0.4074,0.4813,LOCAL
2312,"Day 2, 14:32",76.25,58.27,44.91,8.48,6,-63.7,10.0,43.87,0.4654,0.4442,LOCAL
2313,"Day 2, 14:33",75.0,58.37,45.49,7.76,5,-62.5,10.0,49.33,0.4342,0.4785,LOCAL
2314,"Day 2, 14:34",77.26,58.49,37.76,4.8,3,-64.0,10.0,49.5,0.3335,0.4064,LOCAL
2315,"Day 2, 14:35",71.87,58.58,46.23,8.84,6,-61.6,10.0,52.11,0.4761,0.536,LOCAL
2316,"Day 2, 14:36",76.6,58.69,41.16,3.66,5,-60.9,10.0,55.53,0.4161,0.4483,LOCAL
2317,"Day 2, 14:37",76.26,58.8,29.24,1.29,7,-59.2,10.0,58.99,0.4447,0.4369,LOCAL
2318,"Day 2, 14:38",74.4,58.9,25.72,1.16,10,-58.7,10.1,55.9,0.54,0.3909,LOCAL
2319,"Day 2, 14:39",73.8,59.06,20.55,7.47,1,-57.4,10.0,53.14,0.2076,0.5138,LOCAL
2320,"Day 2, 14:40",70.03,59.12,41.71,6.85,9,-56.8,10.0,52.61,0.5673,0.4921,OFFLOAD
2321,"Day 2, 14:41",75.46,59.28,27.61,1.39,5,-57.9,10.0,51.38,0.3695,0.3416,LOCAL
2322,"Day 2, 14:42",71.2,59.39,28.86,3.58,4,-57.5,10.0,53.88,0.3451,0.4255,LOCAL
2323,"Day 2, 14:43",72.78,59.51,27.98,3.13,6,-59.9,10.0,53.29,0.4095,0.4071,LOCAL
2324,"Day 2, 14:44",73.05,59.65,22.56,1.75,1,-59.1,10.0,55.01,0.2149,0.3938,LOCAL
2325,"Day 2, 14:45",74.41,59.75,28.65,3.33,9,-58.6,10.0,59.03,0.514,0.4886,LOCAL
2326,"Day 2, 14:46",72.85,59.86,32.82,6.22,5,-56.9,10.0,56.63,0.3908,0.5269,LOCAL
2327,"Day 2, 14:47",68.03,59.99,23.39,3.02,1,-57.7,10.0,51.27,0.2248,0.3811,LOCAL
2328,"Day 2, 14:48",69.25,60.1,33.09,7.09,4,-58.1,10.0,50.92,0.3618,0.4789,LOCAL
2329,"Day 2, 14:49",72.4,60.17,45.88,6.8,8,-60.3,10.0,51.62,0.5417,0.4794,OFFLOAD
2330,"Day 2, 14:50",71.11,60.28,47.81,9.98,4,-62.1,10.0,49.28,0.4103,0.5336,LOCAL
2331,"Day 2, 14:51",72.28,60.35,58.97,9.2,7,-60.5,10.0,45.58,0.5525,0.4776,OFFLOAD
2332,"Day 2, 14:52",68.97,60.45,49.89,3.45,9,-62.7,10.0,42.69,0.5955,0.3082,OFFLOAD
2333,"Day 2, 14:53",68.98,60.56,44.27,3.22,8,-64.0,10.0,46.13,0.5406,0.3332,OFFLOAD
2334,"Day 2, 14:54",69.45,60.68,33.05,1.11,7,-65.0,10.0,44.9,0.4655,0.2692,LOCAL
2335,"Day 2, 14:55",70.79,60.74,54.95,9.13,8,-63.6,10.0,44.17,0.575,0.4631,OFFLOAD
2336,"Day 2, 14:56",67.57,60.82,65.76,7.52,10,-63.9,10.0,41.82,0.6876,0.4027,OFFLOAD
2337,"Day 2, 14:57",70.31,60.93,45.98,5.73,2,-64.0,10.0,41.73,0.3341,0.3572,LOCAL
2338,"Day 2, 14:58",67.97,61.0,43.43,4.8,6,-61.9,10.0,43.36,0.4686,0.3477,OFFLOAD
2339,"Day 2, 14:59",69.73,61.12,36.7,2.12,10,-62.4,10.0,43.95,0.5822,0.2859,OFFLOAD
2340,"Day 2, 15:00",70.15,61.21,61.85,9.54,10,-64.1,10.0,43.35,0.6694,0.4661,OFFLOAD
2341,"Day 2, 15:01",69.44,61.32,43.95,5.53,2,-62.0,10.0,44.56,0.3277,0.3766,LOCAL
2342,"Day 2, 15:02",64.74,61.38,41.26,3.39,9,-63.1,10.0,47.2,0.5702,0.3478,OFFLOAD
2343,"Day 2, 15:03",66.73,61.48,42.02,9.8,3,-62.2,10.0,48.73,0.3598,0.5234,LOCAL
2344,"Day 2, 15:04",68.11,61.61,28.01,3.54,1,-61.9,10.0,53.58,0.2385,0.4209,LOCAL
2345,"Day 2, 15:05",64.92,61.68,25.93,1.29,9,-59.8,10.0,55.87,0.5159,0.3936,OFFLOAD
2346,"Day 2, 15:06",64.19,61.81,23.59,6.77,2,-62.1,10.0,55.88,0.2636,0.5307,LOCAL
2347,"Day 2, 15:07",62.9,61.92,21.74,6.9,2,-62.9,10.0,52.42,0.2588,0.4912,LOCAL
2348,"Day 2, 15:08",67.13,62.03,24.85,9.23,3,-63.9,10.3,56.38,0.2982,0.5995,LOCAL
2349,"Day 2, 15:09",66.72,62.11,33.45,5.25,8,-65.0,10.0,54.76,0.5038,0.4782,LOCAL
2350,"Day 2, 15:10",62.71,62.17,35.22,2.95,9,-63.0,10.0,55.9,0.551,0.4354,OFFLOAD
2351,"Day 2, 15:11",63.36,62.28,28.04,4.25,4,-61.1,10.0,55.54,0.3497,0.4631,LOCAL
2352,"Day 2, 15:12",65.31,62.4,22.4,2.93,2,-61.6,10.0,57.22,0.2568,0.4527,LOCAL
2353,"Day 2, 15:13",61.95,62.5,20.83,2.97,4,-64.1,10.0,52.47,0.3262,0.3935,LOCAL
2354,"Day 2, 15:14",61.34,62.54,36.49,4.87,10,-63.5,10.0,47.54,0.5919,0.3881,LOCAL
2355,"Day 2, 15:15",62.28,62.64,30.97,6.94,3,-65.5,10.0,44.37,0.326,0.4102,LOCAL
2356,"Day 2, 15:16",60.44,62.73,28.53,3.95,2,-63.1,10.0,48.84,0.2851,0.3782,LOCAL
2357,"Day 2, 15:17",60.24,62.83,24.99,7.48,2,-63.0,10.0,44.76,0.2729,0.4271,LOCAL
2358,"Day 2, 15:18",60.79,62.9,27.55,3.03,8,-61.3,10.0,43.87,0.4909,0.308,LOCAL
2359,"Day 2, 15:19",59.53,62.95,39.22,7.44,6,-63.4,10.0,41.43,0.4635,0.3975,OFFLOAD
2360,"Day 2, 15:20",58.49,63.03,42.57,3.88,9,-65.0,10.0,38.3,0.5817,0.284,OFFLOAD
2361,"Day 2, 15:21",61.02,63.12,42.84,7.3,5,-64.1,10.0,41.04,0.4387,0.3908,LOCAL
2362,"Day 2, 15:22",57.75,63.21,28.15,1.71,2,-64.2,10.0,46.57,0.2871,0.2997,LOCAL
2363,"Day 2, 15:23",59.62,63.3,21.28,3.01,4,-62.8,10.0,43.95,0.3301,0.3081,LOCAL
2364,"Day 2, 15:24",58.52,63.35,24.62,2.66,10,-65.0,10.9,48.97,0.5533,0.35,OFFLOAD
2365,"Day 2, 15:25",59.51,63.45,33.81,4.66,10,-66.3,10.0,53.05,0.5839,0.4425,LOCAL
2366,"Day 2, 15:26",59.32,63.53,29.51,5.35,3,-64.6,10.0,51.89,0.324,0.4463,LOCAL
2367,"Day 2, 15:27",60.02,63.63,23.62,4.88,3,-65.9,10.3,47.01,0.3022,0.3841,LOCAL
2368,"Day 2, 15:28",59.73,63.69,31.6,4.35,7,-65.3,10.0,44.86,0.4705,0.3498,OFFLOAD
2369,"Day 2, 15:29",58.57,63.8,25.35,1.04,2,-64.8,10.0,42.66,0.2752,0.2477,LOCAL
2370,"Day 2, 15:30",57.4,63.85,35.07,7.26,6,-66.6,10.0,47.12,0.4509,0.4438,LOCAL
2371,"Day 2, 15:31",58.6,63.91,32.54,5.36,6,-64.7,10.0,46.36,0.4401,0.3889,OFFLOAD
2372,"Day 2, 15:32",54.55,64.01,26.24,1.59,6,-62.3,10.0,42.26,0.424,0.2581,OFFLOAD
2373,"Day 2, 15:33",57.81,64.12,17.56,3.4,2,-62.0,10.0,48.2,0.2486,0.358,LOCAL
2374,"Day 2, 15:34",56.07,64.17,29.68,4.53,7,-62.2,10.0,47.35,0.4685,0.3778,OFFLOAD
2375,"Day 2, 15:35",55.92,64.25,37.25,9.91,4,-63.6,10.0,47.69,0.3901,0.5156,LOCAL
2376,"Day 2, 15:36",55.46,64.32,29.97,3.42,4,-63.9,10.0,51.01,0.3652,0.3881,LOCAL
2377,"Day 2, 15:37",56.89,64.37,30.42,2.57,9,-63.9,10.0,52.77,0.5396,0.387,OFFLOAD
2378,"Day 2, 15:38",56.43,64.46,27.48,4.4,5,-66.1,10.0,53.22,0.3898,0.438,LOCAL
2379,"Day 2, 15:39",55.34,64.53,25.7,5.44,4,-64.9,10.0,57.48,0.3501,0.5191,LOCAL
2380,"Day 2, 15:40",56.87,64.63,21.51,3.62,2,-66.1,10.0,51.92,0.263,0.4034,LOCAL
2381,"Day 2, 15:41",56.62,64.67,26.9,3.9,10,-65.9,10.0,49.88,0.5622,0.3879,LOCAL
2382,"Day 2, 15:42",54.54,64.76,18.16,1.84,3,-68.0,11.8,53.83,0.2896,0.3865,LOCAL
2383,"Day 2, 15:43",54.14,64.8,27.18,2.04,10,-67.0,10.0,55.71,0.5667,0.4102,LOCAL
2384,"Day 2, 15:44",51.89,64.84,37.76,6.6,5,-68.1,10.0,57.57,0.4321,0.5493,LOCAL
2385,"Day 2, 15:45",53.54,64.87,28.88,1.16,9,-69.0,12.0,58.2,0.5385,0.4281,LOCAL
2386,"Day 2, 15:46",50.19,64.94,27.49,8.72,2,-69.1,11.6,61.35,0.2935,0.6641,LOCAL
2387,"Day 2, 15:47",52.15,65.01,24.89,5.21,4,-66.9,10.0,61.86,0.3514,0.58,LOCAL
2388,"Day 2, 15:48",53.55,65.08,28.0,9.49,3,-66.1,10.0,63.06,0.3251,0.7074,LOCAL
2389,"Day 2, 15:49",50.49,65.12,30.3,5.26,5,-67.7,10.0,56.81,0.4076,0.5053,LOCAL
2390,"Day 2, 15:50",48.1,65.19,23.54,3.75,2,-68.3,10.0,56.58,0.2825,0.4644,LOCAL
2391,"Day 2, 15:51",51.31,65.2,40.82,6.29,10,-67.7,11.0,57.13,0.6181,0.5383,OFFLOAD
2392,"Day 2, 15:52",51.06,65.24,53.09,7.34,9,-69.9,10.0,58.17,0.6264,0.5763,OFFLOAD
2393,"Day 2, 15:53",49.9,65.26,69.45,9.55,9,-67.3,10.0,54.42,0.6853,0.5814,LOCAL
2394,"Day 2, 15:54",51.59,65.3,47.56,3.81,2,-69.5,10.0,55.66,0.3611,0.4537,LOCAL
2395,"Day 2, 15:55",46.87,65.3,39.1,2.04,9,-70.2,10.0,55.87,0.5836,0.4123,OFFLOAD
2396,"Day 2, 15:56",49.01,65.37,32.82,2.3,7,-70.6,10.0,57.06,0.4883,0.4347,OFFLOAD
2397,"Day 2, 15:57",50.79,65.44,32.09,8.06,3,-72.1,10.0,53.73,0.343,0.5357,LOCAL
2398,"Day 2, 15:58",45.77,65.49,24.46,5.57,2,-71.0,10.0,55.51,0.2887,0.4958,LOCAL
2399,"Day 2, 15:59",45.24,65.53,30.44,6.34,4,-68.3,10.0,51.42,0.3804,0.4657,LOCAL
2400,"Day 2, 16:00",49.85,65.55,30.38,2.08,10,-70.0,10.1,51.44,0.5832,0.3597,OFFLOAD
2401,"Day 2, 16:01",47.58,65.62,29.42,3.54,6,-69.3,11.2,49.02,0.4432,0.3732,OFFLOAD
2402,"Day 2, 16:02",44.76,65.68,25.37,5.34,2,-68.3,10.0,45.45,0.2931,0.3799,LOCAL
2403,"Day 2, 16:03",49.4,65.69,45.01,7.96,8,-70.1,10.0,41.56,0.5649,0.4115,OFFLOAD
2404,"Day 2, 16:04",44.74,65.72,43.45,9.74,3,-68.6,10.0,41.04,0.3914,0.4518,LOCAL
2405,"Day 2, 16:05",47.58,65.75,40.55,5.95,5,-68.5,10.0,46.29,0.4469,0.403,LOCAL
2406,"Day 2, 16:06",45.14,65.77,43.79,8.65,4,-65.9,10.0,46.09,0.4269,0.4687,LOCAL
2407,"Day 2, 16:07",44.02,65.78,40.96,7.15,4,-68.1,10.0,51.65,0.4186,0.4885,LOCAL
2408,"Day 2, 16:08",46.07,65.77,55.11,8.54,7,-65.5,10.0,47.57,0.5701,0.4802,OFFLOAD
2409,"Day 2, 16:09",45.49,65.81,47.2,3.07,10,-66.9,10.0,50.87,0.6483,0.3779,OFFLOAD
2410,"Day 2, 16:10",46.24,65.86,38.51,3.55,6,-67.6,10.0,49.01,0.4766,0.37,OFFLOAD
2411,"Day 2, 16:11",44.54,65.9,40.58,5.78,6,-69.3,10.0,51.4,0.4864,0.4515,LOCAL
2412,"Day 2, 16:12",42.44,65.94,29.87,1.66,2,-68.9,10.0,46.8,0.312,0.3006,LOCAL
2413,"Day 2, 16:13",41.43,65.93,43.14,10.0,6,-68.4,10.0,51.38,0.5,0.5568,LOCAL
2414,"Day 2, 16:14",39.65,65.88,61.78,7.89,10,-66.1,10.0,55.23,0.7079,0.5503,OFFLOAD
2415,"Day 2, 16:15",44.86,65.9,55.81,7.99,5,-67.9,10.0,58.94,0.5042,0.6038,LOCAL
2416,"Day 2, 16:16",40.68,65.89,48.47,7.42,5,-69.3,12.5,57.3,0.4848,0.573,LOCAL
2417,"Day 2, 16:17",42.42,65.84,67.8,8.19,10,-69.3,10.0,58.17,0.7249,0.5975,LOCAL
2418,"Day 2, 16:18",40.94,65.82,49.91,3.17,7,-71.3,10.0,54.84,0.5596,0.4272,OFFLOAD
2419,"Day 2, 16:19",39.74,65.82,57.82,6.08,10,-73.0,10.0,55.59,0.694,0.5096,OFFLOAD
2420,"Day 2, 16:20",37.85,65.84,39.48,9.52,1,-71.6,10.0,51.07,0.3176,0.5413,LOCAL
2421,"Day 2, 16:21",42.07,65.81,58.04,8.46,9,-68.5,10.0,47.07,0.6563,0.4733,OFFLOAD
2422,"Day 2, 16:22",38.99,65.82,45.15,1.56,7,-65.9,10.0,52.14,0.5458,0.3544,OFFLOAD
2423,"Day 2, 16:23",39.35,65.84,47.86,6.46,5,-63.6,10.0,56.33,0.4847,0.5289,LOCAL
2424,"Day 2, 16:24",40.63,65.85,35.91,2.72,5,-62.4,10.0,53.6,0.441,0.4006,LOCAL
2425,"Day 2, 16:25",40.09,65.86,28.43,2.56,6,-64.5,10.0,56.99,0.4506,0.4403,LOCAL
2426,"Day 2, 16:26",38.72,65.9,21.38,3.19,3,-66.1,10.0,55.53,0.3229,0.4365,LOCAL
2427,"Day 2, 16:27",38.18,65.88,28.3,3.24,10,-65.3,10.0,53.64,0.5929,0.4141,OFFLOAD
2428,"Day 2, 16:28",37.27,65.92,25.92,5.99,2,-64.0,10.0,52.39,0.3059,0.468,LOCAL
2429,"Day 2, 16:29",39.6,65.94,23.21,1.52,7,-64.4,10.0,51.19,0.4679,0.3426,OFFLOAD
2430,"Day 2, 16:30",38.68,65.97,32.02,4.3,10,-62.8,10.0,53.37,0.6051,0.4373,OFFLOAD
2431,"Day 2, 16:31",36.15,66.01,25.17,1.23,5,-65.0,10.1,55.83,0.4099,0.3917,LOCAL
2432,"Day 2, 16:32",38.31,66.04,22.01,1.54,3,-64.2,10.0,55.94,0.3255,0.4007,LOCAL
2433,"Day 2, 16:33",33.36,66.06,17.47,2.99,4,-62.9,10.0,52.87,0.352,0.3987,LOCAL
2434,"Day 2, 16:34",32.91,66.07,24.77,6.24,4,-62.5,10.0,55.61,0.3782,0.5139,LOCAL
2435,"Day 2, 16:35",35.34,66.1,20.51,4.82,1,-61.5,10.0,53.04,0.2546,0.4465,LOCAL
2436,"Day 2, 16:36",36.01,66.12,25.85,7.92,3,-61.3,10.0,56.86,0.3423,0.5725,LOCAL
2437,"Day 2, 16:37",32.96,66.09,29.21,2.37,10,-62.9,10.0,56.09,0.6037,0.4234,OFFLOAD
2438,"Day 2, 16:38",31.67,66.09,45.16,8.27,8,-62.1,10.0,58.71,0.5914,0.6074,LOCAL
2439,"Day 2, 16:39",33.67,66.07,38.77,3.29,6,-60.7,11.8,61.06,0.4961,0.5242,LOCAL
2440,"Day 2, 16:40",32.63,66.02,52.97,9.35,8,-61.3,10.0,57.68,0.6174,0.6197,LOCAL
2441,"Day 2, 16:41",31.53,65.93,69.19,8.4,10,-61.2,10.0,56.26,0.746,0.5764,OFFLOAD
2442,"Day 2, 16:42",30.38,65.91,49.36,4.64,2,-59.6,10.0,52.88,0.3983,0.44,LOCAL
2443,"Day 2, 16:43",30.84,65.87,51.59,8.51,5,-61.0,10.0,49.02,0.5105,0.4941,LOCAL
2444,"Day 2, 16:44",32.18,65.84,45.14,5.85,5,-58.9,10.7,48.63,0.4859,0.4258,OFFLOAD
2445,"Day 2, 16:45",33.04,65.85,37.98,7.86,2,-61.4,10.0,53.69,0.3546,0.5302,LOCAL
2446,"Day 2, 16:46",30.79,65.79,46.4,5.51,10,-63.6,10.0,55.73,0.6675,0.4971,OFFLOAD
2447,"Day 2, 16:47",30.32,65.78,48.48,6.48,7,-66.3,11.9,53.27,0.5705,0.4962,OFFLOAD
2448,"Day 2, 16:48",31.24,65.79,32.68,4.49,1,-64.3,10.0,53.47,0.3038,0.4433,LOCAL
2449,"Day 2, 16:49",28.27,65.8,24.76,2.01,2,-65.7,10.0,50.59,0.3156,0.3483,LOCAL
2450,"Day 2, 16:50",30.81,65.81,19.16,2.03,4,-63.2,10.0,46.84,0.3622,0.3103,OFFLOAD
2451,"Day 2, 16:51",29.73,65.81,36.6,9.42,6,-62.5,10.0,45.03,0.4948,0.4781,LOCAL
2452,"Day 2, 16:52",24.82,65.76,38.68,4.05,7,-63.7,10.0,49.0,0.5445,0.3824,OFFLOAD
2453,"Day 2, 16:53",27.77,65.76,33.32,3.7,4,-62.1,10.0,47.27,0.4163,0.3563,OFFLOAD
2454,"Day 2, 16:54",27.45,65.76,33.32,7.57,4,-62.8,10.0,51.07,0.4168,0.4926,LOCAL
2455,"Day 2, 16:55",27.32,65.68,54.24,7.63,10,-65.0,10.0,49.52,0.7003,0.4774,OFFLOAD
2456,"Day 2, 16:56",27.14,65.65,50.1,3.97,9,-64.3,12.2,46.68,0.6511,0.3635,OFFLOAD
2457,"Day 2, 16:57",27.55,65.62,56.57,9.53,7,-62.0,10.0,44.11,0.6033,0.4725,OFFLOAD
2458,"Day 2, 16:58",27.0,65.59,54.58,5.97,8,-60.5,10.0,46.08,0.6322,0.4016,OFFLOAD
2459,"Day 2, 16:59",25.64,65.58,34.81,3.67,2,-62.5,10.0,49.42,0.355,0.3772,LOCAL
2460,"Day 2, 17:00",26.39,65.58,25.31,2.92,1,-60.6,10.0,53.1,0.2856,0.3996,LOCAL
2461,"Day 2, 17:01",27.0,65.53,41.01,6.85,8,-61.3,10.0,50.85,0.5847,0.4721,OFFLOAD
2462,"Day 2, 17:02",26.08,65.5,48.8,6.91,8,-59.2,10.0,46.91,0.6134,0.433,OFFLOAD
2463,"Day 2, 17:03",21.94,65.46,48.72,9.02,5,-61.3,10.0,42.89,0.5144,0.4492,OFFLOAD
2464,"Day 2, 17:04",22.61,65.44,41.04,8.26,3,-60.2,10.0,43.47,0.4165,0.4352,LOCAL
2465,"Day 2, 17:05",20.28,65.37,40.87,4.43,6,-59.3,10.0,41.74,0.5246,0.3248,OFFLOAD
2466,"Day 2, 17:06",25.01,65.37,33.93,1.76,7,-61.7,10.0,44.6,0.5282,0.2827,OFFLOAD
2467,"Day 2, 17:07",21.49,65.34,36.63,9.1,4,-62.1,10.0,44.68,0.438,0.4669,LOCAL
2468,"Day 2, 17:08",22.65,65.26,47.19,6.81,10,-63.4,10.9,49.21,0.6833,0.4563,OFFLOAD
2469,"Day 2, 17:09",22.46,65.2,60.62,8.72,9,-61.0,10.0,49.61,0.6957,0.5056,OFFLOAD
2470,"Day 2, 17:10",22.6,65.17,43.41,2.34,8,-63.3,10.0,47.63,0.6003,0.3258,OFFLOAD
2471,"Day 2, 17:11",19.29,65.15,33.52,7.39,2,-62.8,10.0,50.06,0.3607,0.4771,LOCAL
2472,"Day 2, 17:12",22.09,65.13,27.76,3.6,3,-61.7,10.0,52.93,0.3713,0.4146,LOCAL
2473,"Day 2, 17:13",16.55,65.02,52.59,9.16,8,-59.7,10.0,49.97,0.6417,0.5204,OFFLOAD
2474,"Day 2, 17:14",17.42,64.99,37.04,2.68,4,-59.8,10.0,47.92,0.446,0.3372,OFFLOAD
2475,"Day 2, 17:15",20.97,64.95,43.68,4.97,9,-62.5,10.0,49.3,0.639,0.4086,OFFLOAD
2476,"Day 2, 17:16",18.31,64.9,49.83,5.69,9,-61.7,10.8,52.65,0.6646,0.4658,OFFLOAD
2477,"Day 2, 17:17",16.07,64.86,42.13,4.03,6,-62.7,10.0,55.86,0.5361,0.4618,OFFLOAD
2478,"Day 2, 17:18",17.4,64.83,34.02,5.82,2,-63.0,10.0,56.82,0.3657,0.5195,LOCAL
2479,"Day 2, 17:19",19.41,64.78,31.92,4.68,4,-61.1,10.0,57.54,0.4254,0.501,LOCAL
2480,"Day 2, 17:20",14.67,64.72,28.02,2.37,5,-62.2,10.0,56.42,0.454,0.4278,LOCAL
2481,"Day 2, 17:21",18.52,64.71,19.08,6.68,1,-63.7,10.0,56.53,0.2769,0.537,LOCAL
2482,"Day 2, 17:22",17.59,64.65,20.22,1.84,10,-66.2,10.7,59.86,0.5974,0.466,OFFLOAD
2483,"Day 2, 17:23",17.97,64.6,49.42,9.54,9,-66.0,10.0,60.96,0.6641,0.6735,LOCAL
2484,"Day 2, 17:24",13.59,64.5,42.62,3.38,9,-68.2,10.0,55.5,0.647,0.441,OFFLOAD
2485,"Day 2, 17:25",12.61,64.42,55.72,8.54,7,-68.5,11.1,51.76,0.6245,0.5278,OFFLOAD
2486,"Day 2, 17:26",15.36,64.37,44.33,8.3,2,-67.9,10.0,48.66,0.4055,0.4851,LOCAL
2487,"Day 2, 17:27",12.49,64.27,50.47,9.7,5,-66.8,13.2,44.6,0.5365,0.4903,LOCAL
2488,"Day 2, 17:28",15.11,64.2,44.05,6.82,4,-67.3,10.0,41.66,0.4752,0.3838,OFFLOAD
2489,"Day 2, 17:29",12.24,64.15,38.62,1.36,9,-64.8,10.0,44.51,0.6356,0.2719,OFFLOAD
2490,"Day 2, 17:30",12.89,64.09,43.12,8.63,6,-62.5,10.0,48.79,0.5454,0.4947,OFFLOAD
2491,"Day 2, 17:31",14.88,64.02,56.69,7.23,9,-63.9,10.0,45.52,0.6951,0.4278,LOCAL
2492,"Day 2, 17:32",10.68,63.92,52.91,8.13,5,-63.8,10.2,50.2,0.5483,0.4977,OFFLOAD
2493,"Day 2, 17:33",11.48,63.85,42.66,3.3,6,-64.9,10.0,49.99,0.5463,0.3741,OFFLOAD
2494,"Day 2, 17:34",10.85,63.81,28.23,1.01,4,-64.7,11.5,50.43,0.4268,0.3259,OFFLOAD
2495,"Day 2, 17:35",8.4,63.75,37.21,7.93,7,-65.6,10.0,50.71,0.567,0.4976,OFFLOAD
2496,"Day 2, 17:36",9.65,63.7,31.15,1.33,7,-63.6,10.0,54.61,0.544,0.3784,OFFLOAD
2497,"Day 2, 17:37",9.86,63.63,43.86,7.16,7,-63.5,10.0,51.84,0.5883,0.491,OFFLOAD
2498,"Day 2, 17:38",10.56,63.57,37.63,5.55,4,-64.7,10.0,49.52,0.4605,0.4253,LOCAL
2499,"Day 2, 17:39",10.89,63.46,39.92,4.17,10,-62.6,10.0,52.8,0.6782,0.4274,OFFLOAD
2500,"Day 2, 17:40",9.11,63.41,33.16,2.23,7,-60.4,10.0,49.21,0.5523,0.339,OFFLOAD
2501,"Day 2, 17:41",8.03,63.36,26.6,1.08,9,-62.3,10.0,49.78,0.601,0.3163,OFFLOAD
2502,"Day 2, 17:42",9.22,63.32,21.63,1.17,3,-63.5,10.0,52.02,0.3719,0.3433,LOCAL
2503,"Day 2, 17:43",8.73,63.19,51.09,9.41,9,-64.3,11.3,48.07,0.6859,0.5107,OFFLOAD
2504,"Day 2, 17:44",7.87,63.09,60.99,8.32,8,-64.5,10.0,51.51,0.687,0.5162,OFFLOAD
2505,"Day 2, 17:45",5.92,63.0,50.23,6.03,4,-66.6,10.0,53.69,0.5124,0.4845,LOCAL
2506,"Day 2, 17:46",6.85,62.91,43.76,3.54,4,-67.4,10.0,57.8,0.4885,0.4761,LOCAL
2507,"Day 2, 17:47",4.08,62.82,37.22,6.3,3,-68.0,10.0,54.93,0.4349,0.5066,LOCAL
2508,"Day 2, 17:48",6.1,62.71,47.04,8.65,5,-69.2,10.0,58.31,0.5364,0.6111,LOCAL
2509,"Day 2, 17:49",5.48,62.61,40.17,6.63,4,-67.8,11.8,54.36,0.4785,0.5128,LOCAL
2510,"Day 2, 17:50",7.13,62.5,41.68,4.88,7,-68.7,10.0,53.17,0.5864,0.4495,OFFLOAD
2511,"Day 2, 17:51",3.3,62.41,43.68,9.63,4,-67.5,10.5,53.33,0.4943,0.5716,LOCAL
2512,"Day 2, 17:52",0.73,62.32,32.97,6.36,2,-68.3,11.1,54.72,0.3908,0.5088,LOCAL
2513,"Day 2, 17:53",2.45,62.22,29.95,3.06,6,-65.6,10.0,49.16,0.5178,0.3594,OFFLOAD
2514,"Day 2, 17:54",4.83,62.16,29.69,4.37,6,-63.5,10.0,46.75,0.5134,0.3679,OFFLOAD
2515,"Day 2, 17:55",0.54,62.07,41.26,8.33,6,-61.4,10.0,42.29,0.5605,0.4268,OFFLOAD
2516,"Day 2, 17:56",0.0,61.97,42.31,3.64,9,-62.1,10.0,39.57,0.6701,0.2876,OFFLOAD
2517,"Day 2, 17:57",2.5,61.87,52.34,9.93,7,-62.7,10.0,45.71,0.6316,0.4971,OFFLOAD
2518,"Day 2, 17:58",0.14,61.78,35.63,1.93,4,-63.1,10.0,44.37,0.4718,0.2849,OFFLOAD
2519,"Day 2, 17:59",1.42,61.67,61.57,9.5,9,-65.7,10.0,41.27,0.7359,0.4476,OFFLOAD
2520,"Day 2, 18:00",0.0,61.56,46.99,2.39,7,-63.2,10.0,45.28,0.6171,0.3046,OFFLOAD
2521,"Day 2, 18:01",0.78,61.48,33.92,4.5,2,-64.4,10.0,50.74,0.3953,0.4122,LOCAL
2522,"Day 2, 18:02",1.48,61.41,28.44,8.15,1,-66.2,10.0,49.6,0.3402,0.4912,LOCAL
2523,"Day 2, 18:03",0.15,61.31,27.37,3.54,5,-64.0,10.0,48.03,0.4786,0.3598,OFFLOAD
2524,"Day 2, 18:04",1.07,61.23,32.94,5.35,7,-65.9,11.3,50.56,0.5668,0.435,OFFLOAD
2525,"Day 2, 18:05",0.84,61.14,37.02,7.4,5,-64.4,10.0,54.6,0.5116,0.53,LOCAL
2526,"Day 2, 18:06",0.12,60.99,53.5,8.43,8,-63.8,10.0,54.14,0.6756,0.55,OFFLOAD
2527,"Day 2, 18:07",0.78,60.9,42.88,4.33,5,-64.1,10.0,52.81,0.5326,0.4314,OFFLOAD
2528,"Day 2, 18:08",1.16,60.81,39.57,5.33,4,-62.2,10.0,49.94,0.4855,0.4243,OFFLOAD
2529,"Day 2, 18:09",1.15,60.74,26.05,7.39,1,-61.1,10.0,54.21,0.3333,0.5248,LOCAL
2530,"Day 2, 18:10",1.07,60.62,43.33,9.76,6,-59.9,10.0,52.54,0.5691,0.564,LOCAL
2531,"Day 2, 18:11",0.88,60.51,34.98,3.32,5,-62.8,10.0,49.84,0.5053,0.373,OFFLOAD
2532,"Day 2, 18:12",0.29,60.42,39.79,5.57,5,-61.1,10.0,44.88,0.5232,0.3804,OFFLOAD
2533,"Day 2, 18:13",1.46,60.33,40.03,4.23,6,-59.2,10.0,40.88,0.5574,0.3127,OFFLOAD
2534,"Day 2, 18:14",0.81,60.24,38.42,2.96,7,-57.5,10.0,42.77,0.5879,0.2967,OFFLOAD
2535,"Day 2, 18:15",1.27,60.15,39.51,3.88,8,-59.4,10.0,45.96,0.6262,0.3482,OFFLOAD
2536,"Day 2, 18:16",0.94,60.08,30.35,1.11,8,-62.3,10.0,44.02,0.5947,0.2612,LOCAL
2537,"Day 2, 18:17",0.98,59.96,24.04,1.55,9,-60.9,10.0,41.55,0.6077,0.2512,OFFLOAD
2538,"Day 2, 18:18",0.03,59.88,33.76,9.17,5,-63.7,10.0,38.98,0.5033,0.4214,OFFLOAD
2539,"Day 2, 18:19",1.16,59.8,31.64,7.8,3,-63.8,10.3,44.61,0.4243,0.4346,LOCAL
2540,"Day 2, 18:20",0.69,59.7,32.98,6.64,5,-63.7,10.0,49.54,0.4998,0.4528,LOCAL
2541,"Day 2, 18:21",0.02,59.59,34.04,6.78,5,-64.9,10.0,50.79,0.5047,0.4697,LOCAL
2542,"Day 2, 18:22",0.21,59.48,29.72,1.34,6,-63.3,10.0,54.14,0.5245,0.3727,OFFLOAD
2543,"Day 2, 18:23",0.51,59.4,34.87,8.14,4,-64.6,10.0,51.88,0.4722,0.5159,LOCAL
2544,"Day 2, 18:24",0.49,59.31,28.83,5.32,2,-64.1,10.0,53.46,0.3812,0.464,LOCAL
2545,"Day 2, 18:25",0.59,59.16,49.61,7.97,9,-63.3,10.0,50.18,0.699,0.4929,OFFLOAD
2546,"Day 2, 18:26",0.8,59.06,51.54,6.06,8,-63.0,10.0,47.32,0.6706,0.4157,OFFLOAD
2547,"Day 2, 18:27",0.57,58.96,43.7,6.26,5,-61.4,10.0,48.58,0.5387,0.4334,OFFLOAD
2548,"Day 2, 18:28",1.42,58.87,43.15,6.17,5,-62.8,10.0,52.47,0.5356,0.4735,OFFLOAD
2549,"Day 2, 18:29",0.76,58.78,41.42,8.97,4,-64.7,10.0,52.18,0.4957,0.5401,LOCAL
2550,"Day 2, 18:30",0.02,58.65,39.07,3.71,8,-64.4,10.0,54.94,0.6288,0.442,OFFLOAD
2551,"Day 2, 18:31",0.29,58.55,41.13,8.85,4,-65.8,10.0,50.39,0.4957,0.5171,LOCAL
2552,"Day 2, 18:32",0.61,58.45,36.24,5.19,3,-67.3,10.0,45.61,0.4433,0.3778,OFFLOAD
2553,"Day 2, 18:33",0.61,58.37,32.35,6.24,4,-68.5,10.0,50.87,0.4648,0.4571,LOCAL
2554,"Day 2, 18:34",0.68,58.24,43.87,6.13,8,-70.0,12.3,47.4,0.6452,0.4249,OFFLOAD
2555,"Day 2, 18:35",0.99,58.15,34.96,3.81,3,-67.9,10.0,47.45,0.4387,0.3608,OFFLOAD
2556,"Day 2, 18:36",0.8,58.08,28.53,3.18,4,-70.0,11.1,46.36,0.4515,0.3377,OFFLOAD
2557,"Day 2, 18:37",0.75,57.99,42.38,9.54,6,-68.1,10.0,41.96,0.5702,0.4544,OFFLOAD
2558,"Day 2, 18:38",0.19,57.88,49.29,5.84,10,-67.7,10.0,47.96,0.7354,0.4166,LOCAL
2559,"Day 2, 18:39",0.19,57.79,36.41,4.35,2,-69.2,13.2,50.78,0.4105,0.4179,LOCAL
2560,"Day 2, 18:40",0.87,57.7,29.08,2.07,2,-68.1,11.7,45.93,0.3839,0.3075,OFFLOAD
2561,"Day 2, 18:41",0.82,57.63,27.03,6.35,2,-66.3,10.0,45.15,0.3769,0.4024,LOCAL
2562,"Day 2, 18:42",1.32,57.56,18.7,1.12,3,-64.7,10.0,43.63,0.3821,0.2581,OFFLOAD
2563,"Day 2, 18:43",0.5,57.49,22.82,4.73,3,-63.1,10.0,47.57,0.3979,0.385,LOCAL
2564,"Day 2, 18:44",0.15,57.39,32.1,8.2,4,-60.9,10.0,49.04,0.466,0.4866,LOCAL
2565,"Day 2, 18:45",0.92,57.25,47.38,7.79,8,-59.0,10.0,47.62,0.6586,0.4619,OFFLOAD
2566,"Day 2, 18:46",1.46,57.16,40.82,6.25,4,-61.9,10.0,50.07,0.495,0.4486,LOCAL
2567,"Day 2, 18:47",1.43,57.05,38.31,6.62,4,-61.4,10.9,51.92,0.4864,0.4808,LOCAL
2568,"Day 2, 18:48",0.03,56.94,28.56,1.49,8,-62.0,10.0,55.65,0.5945,0.3956,OFFLOAD
2569,"Day 2, 18:49",1.03,56.86,27.76,1.56,10,-60.1,10.0,51.92,0.6603,0.3519,OFFLOAD
2570,"Day 2, 18:50",0.38,56.8,20.69,2.34,5,-61.4,10.0,49.54,0.4617,0.3453,OFFLOAD
2571,"Day 2, 18:51",0.68,56.73,24.44,4.03,6,-62.2,10.0,53.23,0.5094,0.429,OFFLOAD
2572,"Day 2, 18:52",0.43,56.64,41.57,9.24,6,-60.3,10.0,49.44,0.5699,0.5167,OFFLOAD
2573,"Day 2, 18:53",1.13,56.56,30.38,1.75,6,-60.4,10.0,44.65,0.5298,0.2829,OFFLOAD
2574,"Day 2, 18:54",0.71,56.49,25.63,1.77,5,-59.2,10.0,41.98,0.4789,0.2603,OFFLOAD
2575,"Day 2, 18:55",0.95,56.42,25.21,1.13,7,-61.8,10.0,43.47,0.5472,0.2569,OFFLOAD
2576,"Day 2, 18:56",0.44,56.35,27.87,9.75,3,-61.8,10.0,47.48,0.4174,0.5095,LOCAL
2577,"Day 2, 18:57",1.14,56.2,48.43,7.54,9,-63.9,10.0,45.09,0.6985,0.4316,OFFLOAD
2578,"Day 2, 18:58",0.64,56.12,37.42,1.65,10,-65.4,10.0,46.41,0.6958,0.2966,LOCAL
2579,"Day 2, 18:59",0.62,55.98,49.45,9.28,6,-65.0,10.0,49.07,0.5982,0.5139,OFFLOAD
2580,"Day 2, 19:00",0.62,55.85,70.05,9.23,10,-64.9,10.0,49.17,0.8105,0.5137,OFFLOAD
2581,"Day 2, 19:01",0.45,55.74,54.34,9.14,2,-63.7,10.0,45.34,0.4759,0.4739,LOCAL
2582,"Day 2, 19:02",1.25,55.61,50.16,7.14,5,-66.0,10.0,50.27,0.5653,0.4731,OFFLOAD
2583,"Day 2, 19:03",0.44,55.53,35.5,8.98,1,-64.2,10.0,47.36,0.3753,0.4891,LOCAL
2584,"Day 2, 19:04",1.12,55.39,39.4,4.1,9,-62.4,10.0,43.21,0.6681,0.3289,OFFLOAD
2585,"Day 2, 19:05",0.86,55.32,28.39,2.63,1,-60.7,10.0,48.59,0.3501,0.3427,LOCAL
2586,"Day 2, 19:06",0.93,55.2,27.3,1.47,9,-59.9,10.0,47.03,0.6263,0.2982,OFFLOAD
2587,"Day 2, 19:07",1.09,55.13,28.93,3.1,8,-62.2,10.0,50.74,0.5969,0.3772,OFFLOAD
2588,"Day 2, 19:08",0.0,55.02,55.2,8.49,10,-63.2,10.0,53.25,0.7607,0.5407,OFFLOAD
2589,"Day 2, 19:09",0.29,54.92,40.95,3.84,4,-61.0,10.0,49.23,0.5005,0.3796,OFFLOAD
2590,"Day 2, 19:10",1.15,54.84,33.06,1.31,6,-63.7,10.0,52.35,0.5417,0.3505,OFFLOAD
2591,"Day 2, 19:11",0.59,54.76,35.66,2.44,10,-64.5,10.0,52.04,0.6918,0.3753,OFFLOAD
2592,"Day 2, 19:12",0.88,54.68,34.27,9.9,2,-64.4,10.0,53.49,0.4066,0.5788,LOCAL
2593,"Day 2, 19:13",0.84,54.57,32.89,4.2,5,-66.4,10.0,55.06,0.507,0.4558,OFFLOAD
2594,"Day 2, 19:14",0.33,54.49,34.28,3.7,9,-68.3,10.0,52.7,0.6528,0.4144,OFFLOAD
2595,"Day 2, 19:15",0.94,54.42,25.44,3.23,2,-65.6,10.0,53.39,0.376,0.4108,LOCAL
2596,"Day 2, 19:16",0.71,54.3,34.42,4.87,8,-67.1,10.0,53.51,0.618,0.4532,LOCAL
2597,"Day 2, 19:17",0.2,54.22,22.26,1.16,2,-66.4,10.0,48.54,0.3663,0.3055,OFFLOAD
2598,"Day 2, 19:18",0.91,54.15,25.46,5.99,4,-68.5,10.0,52.14,0.4465,0.4651,LOCAL
2599,"Day 2, 19:19",0.73,54.0,49.49,8.33,9,-70.2,10.0,55.43,0.7061,0.5638,OFFLOAD
2600,"Day 2, 19:20",1.19,53.91,41.24,3.84,7,-68.4,10.0,56.27,0.6067,0.4626,OFFLOAD
2601,"Day 2, 19:21",0.45,53.83,35.47,2.05,9,-66.0,10.0,58.78,0.6577,0.4529,OFFLOAD
2602,"Day 2, 19:22",1.1,53.73,49.44,7.61,8,-67.5,10.0,58.69,0.6708,0.5906,OFFLOAD
2603,"Day 2, 19:23",0.28,53.63,42.51,2.89,10,-69.0,10.0,58.55,0.7179,0.4705,OFFLOAD
2604,"Day 2, 19:24",0.89,53.54,38.27,4.98,6,-67.3,10.0,53.14,0.5623,0.4516,OFFLOAD
2605,"Day 2, 19:25",0.73,53.47,27.15,1.09,1,-67.8,10.0,53.18,0.3487,0.3549,LOCAL
2606,"Day 2, 19:26",0.42,53.4,21.3,9.88,1,-68.2,10.0,52.48,0.3288,0.5663,LOCAL
2607,"Day 2, 19:27",0.91,53.31,26.49,7.02,4,-69.0,10.0,52.46,0.4514,0.4946,LOCAL
2608,"Day 2, 19:28",1.25,53.19,29.18,3.51,9,-67.9,10.0,48.25,0.6355,0.3612,OFFLOAD
2609,"Day 2, 19:29",1.1,53.12,28.42,2.6,9,-69.1,10.0,53.22,0.6331,0.3931,OFFLOAD
2610,"Day 2, 19:30",0.78,53.05,23.18,9.06,1,-70.7,10.0,53.75,0.3354,0.561,LOCAL
2611,"Day 2, 19:31",0.08,52.91,48.52,8.74,8,-70.6,10.0,48.52,0.6703,0.4947,OFFLOAD
2612,"Day 2, 19:32",0.41,52.81,42.96,5.2,8,-69.9,10.0,49.19,0.6505,0.4131,OFFLOAD
2613,"Day 2, 19:33",0.5,52.73,32.78,2.58,5,-69.8,10.2,54.06,0.5099,0.4034,OFFLOAD
2614,"Day 2, 19:34",1.15,52.67,20.66,3.84,1,-70.1,13.3,55.03,0.3266,0.4559,LOCAL
2615,"Day 2, 19:35",0.34,52.56,23.6,1.94,8,-67.8,10.0,53.37,0.5833,0.3783,LOCAL
2616,"Day 2, 19:36",0.03,52.48,25.91,6.73,2,-69.1,10.0,51.54,0.3819,0.4768,LOCAL
2617,"Day 2, 19:37",0.02,52.37,36.74,8.56,5,-69.2,10.0,51.57,0.525,0.5229,LOCAL
2618,"Day 2, 19:38",0.53,52.23,43.68,6.37,8,-66.4,10.0,52.79,0.6537,0.4822,OFFLOAD
2619,"Day 2, 19:39",0.55,52.14,42.23,6.4,5,-63.8,10.0,52.6,0.5438,0.4807,OFFLOAD
2620,"Day 2, 19:40",0.27,52.06,29.0,1.2,7,-62.9,10.0,49.73,0.568,0.3188,OFFLOAD
2621,"Day 2, 19:41",1.37,51.97,40.3,5.76,7,-65.0,10.0,47.43,0.606,0.4093,OFFLOAD
2622,"Day 2, 19:42",1.25,51.88,43.83,9.13,4,-64.4,10.9,45.37,0.5137,0.4766,LOCAL
2623,"Day 2, 19:43",0.36,51.78,38.43,8.47,2,-62.5,10.0,41.12,0.4263,0.4207,LOCAL
2624,"Day 2, 19:44",1.22,51.67,36.16,4.15,4,-63.2,10.0,42.58,0.4872,0.3248,OFFLOAD
2625,"Day 2, 19:45",1.09,51.59,35.23,5.29,4,-62.0,10.0,41.8,0.4843,0.3467,OFFLOAD
2626,"Day 2, 19:46",0.71,51.51,31.38,3.11,7,-63.2,10.0,41.11,0.5765,0.2866,OFFLOAD
2627,"Day 2, 19:47",0.54,51.43,34.44,10.0,3,-63.2,10.0,45.72,0.4476,0.4989,LOCAL
2628,"Day 2, 19:48",0.33,51.32,31.53,2.76,6,-63.8,10.0,48.04,0.5429,0.3404,OFFLOAD
2629,"Day 2, 19:49",0.09,51.24,30.57,5.77,5,-62.7,10.0,52.3,0.505,0.4614,LOCAL
2630,"Day 2, 19:50",0.21,51.16,29.21,7.52,2,-64.8,10.0,56.13,0.3952,0.5527,LOCAL
2631,"Day 2, 19:51",0.52,51.03,36.96,4.84,8,-63.8,10.0,54.9,0.632,0.4697,OFFLOAD
2632,"Day 2, 19:52",0.15,50.94,36.03,5.22,5,-63.6,10.0,58.39,0.5245,0.5264,LOCAL
2633,"Day 2, 19:53",0.94,50.82,32.03,2.31,8,-65.3,10.0,57.26,0.6145,0.4378,OFFLOAD
2634,"Day 2, 19:54",0.05,50.73,40.69,5.64,7,-67.4,10.0,51.59,0.6113,0.4501,OFFLOAD
2635,"Day 2, 19:55",0.15,50.65,30.9,1.79,9,-67.4,10.0,55.85,0.6469,0.4058,OFFLOAD
2636,"Day 2, 19:56",0.32,50.58,22.87,2.61,4,-65.6,10.0,50.52,0.4437,0.3626,OFFLOAD
2637,"Day 2, 19:57",1.05,50.52,20.14,4.95,2,-67.3,11.3,53.51,0.3631,0.4589,LOCAL
2638,"Day 2, 19:58",0.69,50.46,15.63,1.68,1,-68.7,10.0,57.73,0.313,0.4286,LOCAL
2639,"Day 2, 19:59",0.32,50.39,17.25,2.52,3,-69.1,10.0,53.84,0.3893,0.3985,LOCAL
2640,"Day 2, 20:00",0.74,50.29,27.74,6.54,5,-69.5,10.2,55.17,0.4956,0.516,LOCAL
2641,"Day 2, 20:01",0.0,50.2,26.97,9.39,2,-71.2,11.0,53.57,0.3891,0.5698,LOCAL
2642,"Day 2, 20:02",1.0,50.14,19.72,6.34,1,-72.3,10.7,53.51,0.3273,0.4921,LOCAL
2643,"Day 2, 20:03",0.99,50.06,25.68,9.66,2,-69.5,10.0,54.81,0.3833,0.5891,LOCAL
2644,"Day 2, 20:04",0.36,49.91,42.16,6.47,10,-70.2,12.9,53.5,0.7221,0.5013,LOCAL
2645,"Day 2, 20:05",1.27,49.77,54.84,9.34,7,-68.4,10.0,52.9,0.6604,0.5577,OFFLOAD
2646,"Day 2, 20:06",0.45,49.68,40.97,6.24,3,-68.9,10.0,49.82,0.4732,0.4457,LOCAL
2647,"Day 2, 20:07",0.69,49.52,51.66,7.18,10,-66.5,10.0,45.71,0.7555,0.4284,OFFLOAD
2648,"Day 2, 20:08",1.17,49.41,52.68,8.52,5,-66.0,10.0,49.35,0.5835,0.4978,OFFLOAD
2649,"Day 2, 20:09",1.47,49.31,52.12,7.35,5,-68.4,10.7,52.46,0.5813,0.5048,OFFLOAD
2650,"Day 2, 20:10",0.74,49.2,51.76,5.69,8,-66.5,10.0,50.05,0.6863,0.4345,OFFLOAD
2651,"Day 2, 20:11",0.15,49.1,49.02,5.68,6,-66.5,10.0,53.52,0.6077,0.4737,OFFLOAD
2652,"Day 2, 20:12",0.71,49.02,32.53,6.01,1,-66.9,10.0,53.84,0.3743,0.4858,LOCAL
2653,"Day 2, 20:13",1.09,48.89,42.2,6.72,7,-65.2,10.0,51.95,0.6177,0.4813,OFFLOAD
2654,"Day 2, 20:14",0.99,48.79,49.71,5.39,10,-63.1,10.0,52.52,0.7493,0.4546,OFFLOAD
2655,"Day 2, 20:15",0.32,48.7,34.33,3.56,4,-65.2,10.0,48.82,0.4866,0.3683,OFFLOAD
2656,"Day 2, 20:16",1.38,48.62,39.67,5.11,7,-66.7,10.0,44.03,0.6088,0.3614,OFFLOAD
2657,"Day 2, 20:17",1.31,48.54,32.39,3.94,3,-64.2,10.0,40.13,0.4436,0.2995,OFFLOAD
2658,"Day 2, 20:18",0.63,48.46,31.62,1.94,9,-66.0,10.0,41.34,0.652,0.2593,OFFLOAD
2659,"Day 2, 20:19",1.38,48.39,25.05,9.99,1,-64.0,10.0,45.5,0.348,0.4967,LOCAL
2660,"Day 2, 20:20",1.29,48.3,30.79,8.2,4,-63.0,10.0,42.0,0.4734,0.4212,OFFLOAD
2661,"Day 2, 20:21",0.56,48.22,30.4,1.57,8,-62.6,10.0,48.04,0.6132,0.3106,OFFLOAD
2662,"Day 2, 20:22",0.29,48.15,26.88,5.04,3,-60.6,10.0,51.46,0.4264,0.4336,LOCAL
2663,"Day 2, 20:23",1.26,48.04,23.53,1.14,9,-62.7,10.0,48.11,0.6234,0.3006,OFFLOAD
2664,"Day 2, 20:24",0.65,47.96,26.95,4.98,5,-63.6,10.0,46.89,0.4964,0.3846,OFFLOAD
2665,"Day 2, 20:25",0.46,47.89,29.67,2.89,10,-65.6,10.8,46.07,0.6813,0.3268,LOCAL
2666,"Day 2, 20:26",0.88,47.81,26.38,7.34,2,-64.9,10.5,48.83,0.3893,0.4643,LOCAL
2667,"Day 2, 20:27",1.44,47.72,23.4,2.49,5,-62.6,10.0,50.25,0.4832,0.3566,OFFLOAD
2668,"Day 2, 20:28",0.26,47.65,19.91,2.05,6,-62.6,10.0,48.29,0.5078,0.3251,OFFLOAD
2669,"Day 2, 20:29",0.73,47.6,16.08,3.02,1,-64.5,11.0,52.84,0.3188,0.4019,LOCAL
2670,"Day 2, 20:30",0.49,47.44,47.68,8.09,10,-62.7,10.0,51.12,0.745,0.5062,OFFLOAD
2671,"Day 2, 20:31",0.61,47.34,48.86,4.9,10,-65.0,10.0,49.85,0.7491,0.4126,OFFLOAD
2672,"Day 2, 20:32",0.58,47.24,46.67,3.07,9,-66.1,10.0,45.53,0.7066,0.3239,LOCAL
2673,"Day 2, 20:33",0.12,47.13,36.09,2.13,6,-66.2,10.0,50.74,0.5655,0.3529,OFFLOAD
2674,"Day 2, 20:34",0.71,47.04,35.81,7.75,4,-66.2,10.0,54.89,0.4937,0.5424,LOCAL
2675,"Day 2, 20:35",0.08,46.91,34.07,2.77,10,-66.7,10.0,53.66,0.6988,0.4026,OFFLOAD
2676,"Day 2, 20:36",1.23,46.84,26.43,1.12,6,-65.8,10.0,48.56,0.5304,0.3046,OFFLOAD
2677,"Day 2, 20:37",1.07,46.76,33.67,7.85,5,-64.1,10.0,46.54,0.5211,0.4529,OFFLOAD
2678,"Day 2, 20:38",1.38,46.67,40.64,7.38,5,-62.4,10.0,42.35,0.5452,0.4036,OFFLOAD
2679,"Day 2, 20:39",1.41,46.6,28.68,1.39,5,-62.6,10.0,38.99,0.5034,0.227,OFFLOAD
2680,"Day 2, 20:40",0.43,46.52,28.11,5.01,5,-65.2,10.0,42.65,0.503,0.3469,OFFLOAD
2681,"Day 2, 20:41",0.83,46.45,27.21,6.86,1,-63.0,10.0,48.07,0.3593,0.4432,LOCAL
2682,"Day 2, 20:42",0.86,46.32,32.06,3.68,9,-64.2,10.6,51.92,0.6564,0.4065,OFFLOAD
2683,"Day 2, 20:43",0.85,46.24,35.09,8.32,4,-66.2,10.0,55.06,0.4922,0.5587,LOCAL
2684,"Day 2, 20:44",0.75,46.11,35.25,2.15,10,-65.3,10.0,51.08,0.7031,0.3572,OFFLOAD
2685,"Day 2, 20:45",1.45,46.03,32.93,4.19,6,-66.1,10.6,54.33,0.554,0.448,OFFLOAD
2686,"Day 2, 20:46",0.05,45.96,25.33,9.77,1,-63.6,10.0,54.91,0.3546,0.5931,LOCAL
2687,"Day 2, 20:47",0.01,45.86,25.61,4.74,5,-63.9,10.0,58.97,0.4958,0.523,LOCAL
2688,"Day 2, 20:48",0.29,45.79,20.7,6.73,1,-62.8,10.0,60.95,0.3383,0.6032,LOCAL
2689,"Day 2, 20:49",0.02,45.7,22.95,3.96,5,-63.5,10.0,58.91,0.4867,0.5026,LOCAL
2690,"Day 2, 20:50",0.98,45.6,25.54,3.35,6,-61.8,10.0,53.5,0.5295,0.4152,OFFLOAD
2691,"Day 2, 20:51",1.36,45.52,30.24,3.46,10,-59.7,10.0,51.31,0.6855,0.3925,LOCAL
2692,"Day 2, 20:52",0.88,45.45,23.77,8.01,1,-59.7,10.3,47.05,0.3487,0.4627,LOCAL
2693,"Day 2, 20:53",1.33,45.32,36.72,5.89,9,-62.0,10.0,46.14,0.6735,0.4001,OFFLOAD
2694,"Day 2, 20:54",1.02,45.24,34.25,7.68,3,-62.6,10.0,43.47,0.4555,0.4207,LOCAL
2695,"Day 2, 20:55",1.45,45.12,33.98,2.92,8,-61.7,10.0,40.76,0.6291,0.279,OFFLOAD
2696,"Day 2, 20:56",1.2,45.05,28.88,2.88,3,-64.4,10.0,46.9,0.4367,0.3322,OFFLOAD
2697,"Day 2, 20:57",0.94,44.97,27.52,2.37,9,-65.8,10.0,48.87,0.6425,0.3391,OFFLOAD
2698,"Day 2, 20:58",0.83,44.9,25.91,1.7,9,-63.7,10.3,49.8,0.6371,0.3329,LOCAL
2699,"Day 2, 20:59",0.67,44.82,28.38,6.99,3,-66.2,13.3,54.23,0.4361,0.5246,LOCAL
2700,"Day 2, 21:00",0.97,44.7,26.14,1.82,9,-67.0,12.1,52.2,0.638,0.3675,OFFLOAD
2701,"Day 2, 21:01",0.5,44.62,34.88,3.92,8,-65.8,10.0,53.0,0.6344,0.4235,OFFLOAD
2702,"Day 2, 21:02",0.47,44.53,35.03,8.18,3,-63.3,10.0,55.05,0.4601,0.5552,LOCAL
2703,"Day 2, 21:03",0.43,44.39,40.75,4.78,10,-62.5,10.0,50.2,0.7254,0.4133,OFFLOAD
2704,"Day 2, 21:04",0.12,44.3,35.7,2.23,8,-63.5,10.0,54.81,0.6383,0.4033,OFFLOAD
2705,"Day 2, 21:05",0.03,44.22,35.78,7.92,3,-62.4,10.8,57.75,0.4638,0.5872,LOCAL
2706,"Day 2, 21:06",0.9,44.06,56.75,8.34,9,-62.2,10.0,52.2,0.7462,0.5246,OFFLOAD
2707,"Day 2, 21:07",0.71,43.96,46.6,2.18,8,-60.3,10.0,54.01,0.6761,0.3921,LOCAL
2708,"Day 2, 21:08",1.19,43.83,50.61,9.14,6,-59.8,10.0,57.27,0.6196,0.6087,LOCAL
2709,"Day 2, 21:09",0.35,43.71,44.07,7.36,4,-61.6,10.0,59.01,0.5282,0.5891,LOCAL
2710,"Day 2, 21:10",1.11,43.57,40.28,3.29,9,-62.9,10.0,57.14,0.6889,0.4606,OFFLOAD
2711,"Day 2, 21:11",0.55,43.49,36.46,9.85,3,-61.8,10.0,53.38,0.4665,0.5762,LOCAL
2712,"Day 2, 21:12",0.88,43.4,27.04,2.75,3,-60.9,10.0,48.6,0.4332,0.3458,OFFLOAD
2713,"Day 2, 21:13",0.99,43.32,36.56,7.44,5,-61.7,10.0,49.13,0.5365,0.4685,OFFLOAD
2714,"Day 2, 21:14",1.49,43.22,43.65,5.79,8,-61.4,10.0,49.07,0.6657,0.4266,OFFLOAD
2715,"Day 2, 21:15",1.08,43.15,30.6,9.45,1,-60.2,10.0,48.48,0.3757,0.5121,LOCAL
2716,"Day 2, 21:16",0.18,43.06,32.24,9.94,2,-59.5,10.0,43.91,0.418,0.4811,LOCAL
2717,"Day 2, 21:17",0.95,42.94,39.15,4.93,6,-61.1,10.0,47.76,0.5812,0.3918,OFFLOAD
2718,"Day 2, 21:18",0.9,42.84,45.1,7.25,7,-62.3,10.0,50.08,0.6372,0.4738,OFFLOAD
2719,"Day 2, 21:19",0.71,42.76,35.46,5.66,2,-61.7,10.0,48.34,0.4289,0.4159,LOCAL
2720,"Day 2, 21:20",0.61,42.65,30.63,3.08,5,-63.5,10.0,48.67,0.5173,0.3547,OFFLOAD
2721,"Day 2, 21:21",0.06,42.57,31.57,9.14,2,-61.1,10.3,46.65,0.4166,0.4871,LOCAL
2722,"Day 2, 21:22",1.17,42.48,31.38,6.23,4,-63.6,10.0,44.73,0.4844,0.3956,OFFLOAD
2723,"Day 2, 21:23",0.83,42.39,39.82,7.91,5,-63.9,10.0,43.51,0.5496,0.4268,OFFLOAD
2724,"Day 2, 21:24",0.94,42.29,49.57,7.23,8,-66.2,10.0,44.53,0.6886,0.4188,OFFLOAD
2725,"Day 2, 21:25",0.96,42.19,47.12,3.95,9,-64.6,11.7,40.96,0.7152,0.3112,OFFLOAD
2726,"Day 2, 21:26",1.33,42.07,59.15,9.97,7,-64.4,10.0,39.43,0.6869,0.4448,OFFLOAD
2727,"Day 2, 21:27",0.04,41.98,42.1,7.47,1,-62.0,11.8,45.42,0.4193,0.4381,LOCAL
2728,"Day 2, 21:28",1.43,41.85,49.19,8.93,6,-63.8,10.0,44.22,0.6173,0.4586,OFFLOAD
2729,"Day 2, 21:29",0.17,41.75,41.66,5.11,5,-63.5,10.0,48.28,0.5579,0.4016,OFFLOAD
2730,"Day 2, 21:30",1.15,41.67,34.26,2.36,6,-62.3,10.0,46.37,0.5657,0.314,OFFLOAD
2731,"Day 2, 21:31",0.85,41.59,31.1,4.64,3,-63.3,10.0,47.65,0.4502,0.3835,OFFLOAD
2732,"Day 2, 21:32",0.58,41.52,31.09,3.73,5,-63.7,10.0,44.97,0.5207,0.3353,OFFLOAD
2733,"Day 2, 21:33",0.24,41.42,43.63,5.26,10,-62.6,10.0,49.68,0.7402,0.4198,OFFLOAD
2734,"Day 2, 21:34",0.11,41.29,66.15,9.37,9,-63.5,10.0,50.53,0.7844,0.5316,OFFLOAD
2735,"Day 2, 21:35",0.89,41.19,46.67,6.28,2,-65.0,10.0,50.94,0.4702,0.4589,LOCAL
2736,"Day 2, 21:36",1.36,41.04,57.12,9.21,7,-67.2,10.0,54.75,0.6813,0.577,OFFLOAD
2737,"Day 2, 21:37",1.47,40.95,43.0,2.32,7,-69.1,10.6,52.0,0.6319,0.3735,OFFLOAD
2738,"Day 2, 21:38",0.21,40.85,47.28,5.21,7,-68.6,10.4,48.52,0.6489,0.4077,OFFLOAD
2739,"Day 2, 21:39",1.19,40.73,65.67,9.98,8,-68.4,11.8,47.94,0.747,0.525,OFFLOAD
2740,"Day 2, 21:40",1.33,40.62,50.57,3.21,6,-66.3,10.0,51.22,0.624,0.3853,OFFLOAD
2741,"Day 2, 21:41",1.48,40.51,56.54,7.27,8,-66.0,10.0,46.79,0.7149,0.4409,OFFLOAD
2742,"Day 2, 21:42",1.28,40.41,53.69,4.72,9,-68.4,10.0,47.72,0.7404,0.3862,OFFLOAD
2743,"Day 2, 21:43",0.65,40.3,51.61,5.06,8,-66.6,10.0,46.2,0.6992,0.38,OFFLOAD
2744,"Day 2, 21:44",1.05,40.2,45.32,9.39,3,-66.9,10.0,45.31,0.5017,0.4799,LOCAL
2745,"Day 2, 21:45",0.63,40.07,46.14,7.06,6,-67.6,11.5,49.47,0.6104,0.4667,OFFLOAD
2746,"Day 2, 21:46",1.36,39.98,46.59,5.07,8,-65.6,10.6,50.3,0.6811,0.4233,OFFLOAD
2747,"Day 2, 21:47",0.93,39.86,63.22,9.41,8,-65.8,10.0,46.89,0.7401,0.4953,OFFLOAD
2748,"Day 2, 21:48",0.14,39.75,50.82,5.26,5,-65.8,10.0,48.0,0.593,0.4024,OFFLOAD
2749,"Day 2, 21:49",0.03,39.62,63.2,8.11,9,-64.0,10.0,45.76,0.7767,0.4521,OFFLOAD
2750,"Day 2, 21:50",1.11,39.51,60.23,8.03,6,-65.6,10.0,43.02,0.6599,0.4256,OFFLOAD
2751,"Day 2, 21:51",0.31,39.41,42.85,5.44,1,-67.1,10.0,43.2,0.4254,0.3624,OFFLOAD
2752,"Day 2, 21:52",0.84,39.33,37.05,7.43,2,-68.5,10.0,40.32,0.4394,0.3883,OFFLOAD
2753,"Day 2, 21:53",0.77,39.24,39.81,6.03,7,-69.0,10.0,39.8,0.6243,0.3492,OFFLOAD
2754,"Day 2, 21:54",0.16,39.14,46.47,5.92,7,-68.3,10.0,44.8,0.6487,0.3885,OFFLOAD
2755,"Day 2, 21:55",0.93,39.05,37.01,6.71,2,-66.8,10.0,50.51,0.4396,0.465,LOCAL
2756,"Day 2, 21:56",1.04,38.96,31.98,7.18,3,-66.7,10.0,46.53,0.4569,0.4361,LOCAL
2757,"Day 2, 21:57",1.32,38.8,52.75,7.37,10,-64.1,10.0,42.08,0.7745,0.4011,OFFLOAD
2758,"Day 2, 21:58",0.18,38.7,47.85,5.92,5,-61.9,10.0,40.63,0.5842,0.353,OFFLOAD
2759,"Day 2, 21:59",1.21,38.61,39.98,4.18,4,-63.2,10.0,39.25,0.5202,0.2986,OFFLOAD
2760,"Day 2, 22:00",1.01,38.5,52.65,9.23,6,-61.7,10.0,44.85,0.635,0.4717,OFFLOAD
2761,"Day 2, 22:01",0.1,38.41,41.23,3.72,5,-61.8,10.0,49.29,0.5615,0.3772,OFFLOAD
2762,"Day 2, 22:02",0.63,38.33,32.86,4.59,3,-62.5,10.0,47.64,0.4616,0.3821,OFFLOAD
2763,"Day 2, 22:03",0.88,38.25,36.99,3.71,9,-64.2,10.0,46.35,0.6858,0.3476,OFFLOAD
2764,"Day 2, 22:04",1.27,38.16,37.1,4.48,8,-64.4,10.0,44.05,0.6507,0.3458,OFFLOAD
2765,"Day 2, 22:05",0.43,38.09,25.83,1.56,3,-66.5,10.0,42.01,0.4376,0.2552,OFFLOAD
2766,"Day 2, 22:06",1.16,38.0,39.95,9.68,5,-64.7,10.0,38.81,0.5561,0.4328,OFFLOAD
2767,"Day 2, 22:07",0.9,37.91,41.0,7.45,4,-63.4,10.0,42.78,0.5253,0.409,OFFLOAD
2768,"Day 2, 22:08",1.23,37.82,42.25,9.13,3,-65.6,10.0,42.32,0.4943,0.4471,LOCAL
2769,"Day 2, 22:09",1.41,37.69,31.88,1.28,10,-63.5,10.0,46.11,0.7029,0.2846,OFFLOAD
2770,"Day 2, 22:10",0.17,37.62,25.93,2.91,2,-64.1,10.0,50.51,0.4041,0.3699,LOCAL
2771,"Day 2, 22:11",0.99,37.55,17.61,2.09,3,-62.7,10.0,47.03,0.4088,0.3136,OFFLOAD
2772,"Day 2, 22:12",0.38,37.45,45.36,8.06,9,-64.8,10.0,45.24,0.717,0.446,OFFLOAD
2773,"Day 2, 22:13",0.33,37.35,45.55,4.42,9,-66.0,10.0,42.42,0.7179,0.3302,OFFLOAD
2774,"Day 2, 22:14",0.62,37.27,32.21,1.68,5,-63.9,10.0,48.21,0.5309,0.3151,OFFLOAD
2775,"Day 2, 22:15",0.3,37.16,51.24,7.34,9,-62.4,10.0,52.42,0.7381,0.5021,LOCAL
2776,"Day 2, 22:16",0.07,37.01,43.92,2.68,10,-60.6,10.0,52.72,0.7481,0.3892,OFFLOAD
2777,"Day 2, 22:17",0.33,36.93,34.92,2.11,4,-63.4,10.0,52.64,0.5063,0.374,OFFLOAD
2778,"Day 2, 22:18",1.31,36.85,30.25,2.1,8,-65.4,10.0,48.82,0.6286,0.3318,LOCAL
2779,"Day 2, 22:19",1.05,36.78,27.78,8.84,1,-64.8,10.0,50.15,0.3755,0.5143,LOCAL
2780,"Day 2, 22:20",1.18,36.69,30.85,9.54,3,-65.3,10.0,53.48,0.4562,0.5697,LOCAL
2781,"Day 2, 22:21",0.77,36.53,52.49,7.58,9,-65.5,10.0,52.56,0.7428,0.5098,OFFLOAD
2782,"Day 2, 22:22",1.0,36.43,47.37,3.29,7,-65.7,10.0,47.69,0.6546,0.3501,OFFLOAD
2783,"Day 2, 22:23",1.04,36.33,49.4,6.78,5,-64.5,10.0,49.48,0.5919,0.4556,OFFLOAD
2784,"Day 2, 22:24",1.16,36.24,40.61,4.24,5,-63.4,10.0,45.22,0.561,0.3503,OFFLOAD
2785,"Day 2, 22:25",1.39,36.16,35.86,3.38,7,-65.1,10.0,50.65,0.6142,0.3832,OFFLOAD
2786,"Day 2, 22:26",0.82,36.09,29.45,2.64,5,-65.6,10.0,50.6,0.5227,0.3641,OFFLOAD
2787,"Day 2, 22:27",1.34,35.98,50.74,8.82,9,-66.8,10.0,45.9,0.7366,0.4711,LOCAL
2788,"Day 2, 22:28",0.48,35.81,62.96,8.13,9,-66.7,10.4,44.91,0.7809,0.446,OFFLOAD
2789,"Day 2, 22:29",0.27,35.7,56.75,9.45,4,-68.3,10.0,50.13,0.5847,0.5293,OFFLOAD
2790,"Day 2, 22:30",1.01,35.61,43.1,1.49,7,-66.4,10.0,48.24,0.6409,0.3107,OFFLOAD
2791,"Day 2, 22:31",1.02,35.53,29.01,3.74,2,-67.9,11.7,45.29,0.4167,0.3434,OFFLOAD
2792,"Day 2, 22:32",0.12,35.47,18.05,6.56,1,-68.4,10.0,42.06,0.3448,0.3807,LOCAL
2793,"Day 2, 22:33",1.14,35.33,46.07,9.26,9,-66.9,10.0,44.36,0.7215,0.4681,OFFLOAD
2794,"Day 2, 22:34",0.12,35.23,41.45,6.74,3,-68.3,10.0,41.02,0.497,0.3766,OFFLOAD
2795,"Day 2, 22:35",1.09,35.16,31.07,1.07,9,-69.2,10.0,45.35,0.6694,0.2722,OFFLOAD
2796,"Day 2, 22:36",0.2,35.04,57.39,9.95,9,-70.2,10.0,50.4,0.763,0.5447,OFFLOAD
2797,"Day 2, 22:37",0.65,34.95,40.08,1.38,9,-69.7,10.0,49.04,0.7019,0.3161,LOCAL
2798,"Day 2, 22:38",1.21,34.87,26.67,3.88,2,-71.4,12.7,53.66,0.4092,0.4381,LOCAL
2799,"Day 2, 22:39",1.43,34.79,22.03,1.17,4,-70.8,10.0,51.09,0.4628,0.3328,OFFLOAD
2800,"Day 2, 22:40",1.33,34.71,34.45,9.11,5,-71.8,10.0,53.38,0.5415,0.5577,LOCAL
2801,"Day 2, 22:41",0.18,34.63,26.2,3.16,1,-70.6,10.0,56.89,0.3745,0.4539,LOCAL
2802,"Day 2, 22:42",0.37,34.56,22.53,6.05,1,-69.6,10.0,56.26,0.3615,0.5177,LOCAL
2803,"Day 2, 22:43",0.37,34.44,28.23,3.99,8,-68.8,10.0,56.19,0.6266,0.4652,OFFLOAD
2804,"Day 2, 22:44",0.99,34.34,51.74,7.67,10,-66.7,10.0,59.47,0.7781,0.6037,OFFLOAD
2805,"Day 2, 22:45",0.73,34.23,55.34,6.76,8,-67.4,10.0,62.74,0.7213,0.6336,OFFLOAD
2806,"Day 2, 22:46",1.0,34.13,42.9,4.83,3,-68.2,10.0,60.64,0.5024,0.5507,LOCAL
2807,"Day 2, 22:47",1.07,34.01,38.47,2.9,8,-70.0,10.0,54.19,0.662,0.4123,OFFLOAD
2808,"Day 2, 22:48",1.33,33.91,46.4,5.41,10,-71.1,10.1,56.74,0.7595,0.5085,LOCAL
2809,"Day 2, 22:49",0.99,33.75,57.28,6.68,9,-70.4,10.9,60.42,0.7634,0.5961,OFFLOAD
2810,"Day 2, 22:50",1.43,33.64,57.27,4.71,10,-70.2,10.0,59.54,0.7978,0.5307,OFFLOAD
2811,"Day 2, 22:51",1.09,33.52,58.5,7.97,7,-69.9,10.0,62.81,0.6978,0.6651,LOCAL
2812,"Day 2, 22:52",0.96,33.38,46.8,2.39,9,-70.2,10.0,57.93,0.7273,0.4491,LOCAL
2813,"Day 2, 22:53",0.22,33.24,51.17,6.9,7,-71.0,12.1,51.88,0.6739,0.4908,LOCAL
2814,"Day 2, 22:54",0.03,33.1,49.44,6.51,6,-71.0,10.0,51.72,0.6333,0.4734,OFFLOAD
2815,"Day 2, 22:55",1.33,32.99,58.23,9.9,6,-68.3,10.0,55.67,0.6623,0.6061,OFFLOAD
2816,"Day 2, 22:56",0.12,32.9,37.46,2.09,1,-66.8,10.0,58.19,0.4166,0.4454,LOCAL
2817,"Day 2, 22:57",1.18,32.82,27.95,3.47,1,-64.8,10.0,53.51,0.3818,0.4183,LOCAL
2818,"Day 2, 22:58",0.73,32.75,23.5,5.3,1,-63.4,10.0,51.18,0.367,0.437,LOCAL
2819,"Day 2, 22:59",0.97,32.69,17.19,2.32,1,-62.5,10.0,53.0,0.3447,0.3834,LOCAL
2820,"Day 2, 23:00",1.49,32.63,12.91,5.23,1,-61.0,10.0,55.95,0.329,0.493,LOCAL
2821,"Day 2, 23:01",0.35,32.53,19.77,3.86,8,-60.9,10.0,58.23,0.5999,0.4902,OFFLOAD
2822,"Day 2, 23:02",0.71,32.43,41.51,7.64,9,-61.9,10.0,53.03,0.7106,0.5168,OFFLOAD
2823,"Day 2, 23:03",1.22,32.35,36.87,7.92,2,-60.7,10.0,50.03,0.4487,0.4899,LOCAL
2824,"Day 2, 23:04",1.16,32.25,37.33,8.24,4,-63.3,10.0,52.28,0.5205,0.523,LOCAL
2825,"Day 2, 23:05",0.57,32.1,50.47,8.96,8,-61.2,10.0,50.14,0.7076,0.5172,OFFLOAD
2826,"Day 2, 23:06",1.35,31.99,55.92,9.77,5,-63.9,10.0,50.98,0.6207,0.5466,OFFLOAD
2827,"Day 2, 23:07",0.89,31.87,58.96,9.36,7,-62.9,10.0,52.25,0.7022,0.5507,OFFLOAD
2828,"Day 2, 23:08",1.14,31.78,42.5,8.38,1,-61.5,10.3,51.68,0.4344,0.5205,LOCAL
2829,"Day 2, 23:09",1.18,31.62,59.86,9.37,8,-60.5,10.0,50.75,0.7403,0.5341,OFFLOAD
2830,"Day 2, 23:10",1.09,31.52,52.09,5.42,6,-62.4,10.0,47.37,0.6434,0.4002,OFFLOAD
2831,"Day 2, 23:11",0.76,31.42,47.83,6.27,6,-62.0,10.0,48.48,0.6291,0.4326,OFFLOAD
2832,"Day 2, 23:12",0.79,31.33,39.66,6.8,4,-63.1,10.7,50.12,0.5306,0.465,OFFLOAD
2833,"Day 2, 23:13",0.0,31.21,61.53,9.71,9,-62.6,10.0,50.37,0.7836,0.5384,OFFLOAD
2834,"Day 2, 23:14",0.81,31.11,44.38,8.15,2,-60.6,10.0,54.25,0.4775,0.5443,LOCAL
2835,"Day 2, 23:15",0.65,31.02,33.4,6.16,2,-60.5,10.0,58.24,0.4394,0.5478,LOCAL
2836,"Day 2, 23:16",0.07,30.86,49.98,6.94,10,-61.6,10.0,61.88,0.7785,0.6235,OFFLOAD
2837,"Day 2, 23:17",1.28,30.77,44.59,4.49,6,-62.8,10.0,59.2,0.618,0.5202,OFFLOAD
2838,"Day 2, 23:18",0.48,30.66,54.04,6.24,8,-61.3,10.0,55.36,0.7224,0.5106,OFFLOAD
2839,"Day 2, 23:19",0.42,30.57,38.44,8.97,1,-61.1,10.0,50.43,0.4231,0.5205,LOCAL
2840,"Day 2, 23:20",0.74,30.49,25.66,9.38,1,-63.2,10.0,48.4,0.378,0.5095,LOCAL
2841,"Day 2, 23:21",0.37,30.39,31.64,8.21,4,-64.2,10.0,49.05,0.5046,0.4869,LOCAL
2842,"Day 2, 23:22",0.44,30.31,23.37,3.49,4,-63.3,10.0,46.85,0.4757,0.3469,OFFLOAD
2843,"Day 2, 23:23",0.03,30.24,24.92,2.93,8,-63.7,10.0,51.48,0.6218,0.3811,OFFLOAD
2844,"Day 2, 23:24",0.31,30.17,19.93,5.15,1,-61.6,10.0,50.34,0.359,0.4241,LOCAL
2845,"Day 2, 23:25",0.27,30.03,40.8,5.94,9,-61.8,10.0,46.79,0.7123,0.4076,OFFLOAD
2846,"Day 2, 23:26",0.69,29.94,41.91,5.9,6,-63.4,10.0,44.19,0.6107,0.3825,LOCAL
2847,"Day 2, 23:27",0.21,29.86,29.44,5.08,1,-63.7,10.0,42.92,0.3929,0.351,LOCAL
2848,"Day 2, 23:28",1.34,29.75,27.9,2.63,8,-66.3,10.9,46.92,0.631,0.3287,LOCAL
2849,"Day 2, 23:29",0.61,29.65,32.8,7.04,4,-65.1,10.0,43.59,0.5094,0.4058,LOCAL
2850,"Day 2, 23:30",0.87,29.52,44.74,9.19,6,-63.7,11.6,46.5,0.621,0.4906,LOCAL
2851,"Day 2, 23:31",1.48,29.4,41.47,5.59,6,-63.2,10.0,47.75,0.6088,0.4082,LOCAL
2852,"Day 2, 23:32",0.84,29.28,43.48,8.43,5,-65.6,10.0,47.84,0.582,0.4801,LOCAL
2853,"Day 2, 23:33",0.09,29.16,42.12,7.47,4,-64.6,10.0,48.08,0.5436,0.4585,LOCAL
2854,"Day 2, 23:34",1.17,29.0,56.73,7.64,10,-63.5,10.0,50.0,0.8033,0.4827,LOCAL
2855,"Day 2, 23:35",1.44,28.88,46.6,4.97,5,-61.2,10.0,49.89,0.5926,0.4147,LOCAL
2856,"Day 2, 23:36",0.83,28.74,50.74,7.25,7,-62.5,10.0,49.99,0.6782,0.4729,LOCAL
2857,"Day 2, 23:37",0.18,28.62,42.51,3.72,5,-63.3,10.0,45.74,0.5806,0.3421,LOCAL
2858,"Day 2, 23:38",0.54,28.49,39.39,4.67,7,-63.2,11.6,45.14,0.6393,0.3649,LOCAL
2859,"Day 2, 23:39",0.19,28.37,42.69,7.89,5,-64.5,10.1,43.9,0.5816,0.4299,LOCAL
2860,"Day 2, 23:40",0.34,28.27,32.27,2.3,3,-62.2,10.0,49.19,0.475,0.3406,LOCAL
2861,"Day 2, 23:41",1.04,28.16,33.16,3.92,7,-63.5,10.0,44.91,0.6173,0.3395,LOCAL
2862,"Day 2, 23:42",0.35,28.02,39.54,3.39,10,-61.4,10.0,43.74,0.7458,0.3158,LOCAL
2863,"Day 2, 23:43",0.13,27.92,32.69,3.09,3,-62.4,10.0,46.41,0.4773,0.3327,LOCAL
2864,"Day 2, 23:44",0.36,27.76,52.3,7.31,10,-61.0,10.0,45.57,0.7909,0.4303,LOCAL
2865,"Day 2, 23:45",1.14,27.59,67.4,8.61,9,-60.3,10.0,45.75,0.8078,0.4645,LOCAL
2866,"Day 2, 23:46",0.24,27.43,58.27,3.79,9,-61.6,10.0,45.83,0.7775,0.3447,LOCAL
2867,"Day 2, 23:47",1.16,27.33,40.54,6.63,1,-61.8,10.0,42.7,0.4342,0.3878,LOCAL
2868,"Day 2, 23:48",1.21,27.2,35.83,2.34,10,-62.0,10.0,43.86,0.7328,0.2906,LOCAL
2869,"Day 2, 23:49",1.13,27.11,27.13,2.7,3,-64.6,10.0,47.46,0.4576,0.3331,LOCAL
2870,"Day 2, 23:50",0.58,27.0,27.06,2.21,7,-63.4,10.0,52.64,0.5983,0.3764,LOCAL
2871,"Day 2, 23:51",0.65,26.88,24.07,1.61,10,-64.7,10.0,49.49,0.6929,0.3265,LOCAL
2872,"Day 2, 23:52",1.03,26.81,20.25,4.14,3,-65.7,10.0,52.68,0.4341,0.4252,LOCAL
2873,"Day 2, 23:53",1.25,26.74,16.06,3.97,2,-67.2,10.0,52.51,0.3842,0.4189,LOCAL
2874,"Day 2, 23:54",1.01,26.65,19.25,1.68,7,-68.6,11.0,55.04,0.5709,0.3954,LOCAL
2875,"Day 2, 23:55",0.45,26.57,16.78,2.21,4,-67.3,10.0,49.96,0.4582,0.3465,LOCAL
2876,"Day 2, 23:56",0.58,26.46,22.45,3.66,8,-66.5,10.0,49.46,0.618,0.3774,LOCAL
2877,"Day 2, 23:57",0.06,26.38,19.17,3.48,3,-65.9,10.0,48.3,0.4324,0.361,LOCAL
2878,"Day 2, 23:58",1.22,26.3,21.73,4.88,3,-64.5,10.0,52.86,0.4398,0.4458,LOCAL
2879,"Day 2, 23:59",1.04,26.22,24.39,7.07,3,-66.4,10.0,52.69,0.4495,0.4985,LOCAL
2880,"Day 3, 00:00",0.78,26.1,35.11,6.18,8,-63.9,10.0,49.32,0.6626,0.439,LOCAL
2881,"Day 3, 00:01",0.29,26.02,26.28,1.29,1,-62.9,10.0,44.64,0.3875,0.2713,LOCAL
2882,"Day 3, 00:02",0.59,25.93,28.32,9.01,2,-61.8,10.0,48.74,0.4293,0.5038,LOCAL
2883,"Day 3, 00:03",0.35,25.84,24.74,1.6,5,-62.5,10.0,46.76,0.5223,0.2987,LOCAL
2884,"Day 3, 00:04",0.41,25.77,22.35,8.18,1,-62.1,10.0,48.81,0.3739,0.4837,LOCAL
2885,"Day 3, 00:05",0.71,25.68,21.87,2.4,5,-62.5,10.0,47.07,0.512,0.3218,LOCAL
2886,"Day 3, 00:06",0.76,25.54,37.26,5.52,10,-62.2,10.8,44.9,0.741,0.3819,LOCAL
2887,"Day 3, 00:07",0.65,25.43,32.01,2.89,6,-62.4,10.0,43.58,0.5829,0.3019,LOCAL
2888,"Day 3, 00:08",1.26,25.35,24.43,5.7,2,-61.0,10.0,42.63,0.4156,0.364,LOCAL
2889,"Day 3, 00:09",1.48,25.26,28.0,6.45,4,-63.3,10.0,38.87,0.4979,0.3525,LOCAL
2890,"Day 3, 00:10",0.66,25.18,19.57,1.36,4,-64.9,10.0,39.63,0.4697,0.2311,LOCAL
2891,"Day 3, 00:11",0.29,25.09,27.71,9.66,3,-63.0,10.0,37.37,0.4639,0.4216,LOCAL
2892,"Day 3, 00:12",1.14,25.01,27.07,6.9,2,-61.4,10.0,37.6,0.4255,0.3543,LOCAL
2893,"Day 3, 00:13",0.8,24.92,25.01,4.88,4,-63.2,10.0,42.47,0.489,0.3421,LOCAL
2894,"Day 3, 00:14",0.13,24.81,27.9,3.06,6,-62.4,10.0,41.85,0.5702,0.2915,LOCAL
2895,"Day 3, 00:15",0.66,24.7,28.52,2.87,8,-63.0,10.0,38.57,0.6418,0.2608,LOCAL
2896,"Day 3, 00:16",0.98,24.62,22.18,1.7,3,-63.9,10.0,45.27,0.4442,0.2873,LOCAL
2897,"Day 3, 00:17",0.8,24.56,17.63,4.38,1,-63.2,10.0,49.16,0.3587,0.3923,LOCAL
2898,"Day 3, 00:18",0.77,24.49,15.1,3.46,2,-62.4,10.0,44.9,0.385,0.3279,LOCAL
2899,"Day 3, 00:19",1.11,24.38,30.84,7.75,7,-62.7,10.0,47.84,0.6147,0.4631,LOCAL
2900,"Day 3, 00:20",0.77,24.29,23.75,1.07,5,-65.1,10.0,49.47,0.5205,0.3128,LOCAL
2901,"Day 3, 00:21",0.12,24.17,25.51,2.58,9,-64.4,10.0,54.39,0.6679,0.4068,LOCAL
2902,"Day 3, 00:22",1.32,24.1,21.56,6.32,1,-65.4,10.0,55.9,0.3723,0.5197,LOCAL
2903,"Day 3, 00:23",0.3,24.01,23.74,5.14,4,-63.2,10.0,56.19,0.4866,0.4939,LOCAL
2904,"Day 3, 00:24",0.91,23.88,42.29,9.22,7,-62.8,10.0,54.0,0.6558,0.568,LOCAL
2905,"Day 3, 00:25",1.12,23.72,58.7,8.27,10,-61.1,10.0,51.44,0.8182,0.5142,LOCAL
2906,"Day 3, 00:26",0.9,23.57,50.16,3.37,9,-59.9,10.0,48.2,0.7539,0.3572,LOCAL
2907,"Day 3, 00:27",0.07,23.41,58.4,8.04,8,-60.5,10.0,52.14,0.7492,0.5164,LOCAL
2908,"Day 3, 00:28",0.18,23.26,60.46,9.36,6,-62.8,10.0,47.3,0.6865,0.498,LOCAL
2909,"Day 3, 00:29",1.45,23.09,63.72,7.57,9,-64.7,10.0,46.7,0.8012,0.4475,LOCAL
2910,"Day 3, 00:30",1.07,22.99,39.56,1.38,2,-66.4,10.0,48.13,0.4724,0.3067,LOCAL
2911,"Day 3, 00:31",1.14,22.91,29.75,3.99,2,-63.8,10.0,53.19,0.438,0.4275,LOCAL
2912,"Day 3, 00:32",1.17,22.8,25.81,1.18,8,-63.8,11.8,51.58,0.6344,0.3436,LOCAL
2913,"Day 3, 00:33",0.7,22.7,30.49,6.72,4,-62.3,10.0,48.01,0.5116,0.4391,LOCAL
2914,"Day 3, 00:34",1.2,22.58,31.51,2.6,9,-64.4,10.0,46.14,0.6896,0.3179,LOCAL
2915,"Day 3, 00:35",1.1,22.47,39.42,8.27,5,-66.7,12.2,51.25,0.5776,0.5182,LOCAL
2916,"Day 3, 00:36",1.19,22.38,31.61,2.34,2,-65.6,10.0,52.27,0.4453,0.3754,LOCAL
2917,"Day 3, 00:37",0.03,22.23,42.8,4.2,10,-67.2,10.7,55.51,0.7664,0.4634,LOCAL
2918,"Day 3, 00:38",1.4,22.13,40.0,7.97,3,-66.6,10.0,58.55,0.5097,0.5976,LOCAL
2919,"Day 3, 00:39",0.62,21.98,41.29,4.1,10,-68.0,10.0,56.19,0.7606,0.4679,LOCAL
2920,"Day 3, 00:40",1.44,21.86,47.08,7.88,6,-67.6,10.0,57.51,0.6398,0.5805,LOCAL
2921,"Day 3, 00:41",0.39,21.7,59.11,9.41,8,-68.8,10.0,60.67,0.7538,0.6657,LOCAL
2922,"Day 3, 00:42",0.26,21.57,53.03,8.95,4,-67.6,10.0,63.05,0.5929,0.6938,LOCAL
2923,"Day 3, 00:43",0.98,21.43,49.35,5.35,7,-66.2,10.0,64.01,0.6841,0.6209,LOCAL
2924,"Day 3, 00:44",0.81,21.33,36.75,4.63,2,-64.5,10.0,61.77,0.4654,0.5641,LOCAL
2925,"Day 3, 00:45",1.25,21.2,41.43,5.85,8,-66.8,10.0,55.54,0.6913,0.5032,LOCAL
2926,"Day 3, 00:46",1.14,21.06,43.63,3.7,10,-68.9,10.0,56.06,0.7694,0.4563,LOCAL
2927,"Day 3, 00:47",0.48,20.94,42.14,6.25,5,-70.4,10.0,51.71,0.5904,0.4668,LOCAL
2928,"Day 3, 00:48",1.47,20.86,28.94,3.85,1,-69.0,11.6,51.35,0.4028,0.4073,LOCAL
2929,"Day 3, 00:49",0.66,20.77,27.4,3.61,4,-66.2,10.0,55.5,0.5038,0.4467,LOCAL
2930,"Day 3, 00:50",0.8,20.62,50.25,7.75,9,-64.1,10.0,56.7,0.7587,0.5661,LOCAL
2931,"Day 3, 00:51",0.09,20.44,62.64,7.03,10,-63.2,10.0,53.46,0.8385,0.5067,LOCAL
2932,"Day 3, 00:52",1.41,20.3,47.82,1.32,8,-61.9,10.0,50.81,0.7148,0.3335,LOCAL
2933,"Day 3, 00:53",1.16,20.19,41.12,4.96,4,-61.7,10.0,49.47,0.5519,0.4101,LOCAL
2934,"Day 3, 00:54",1.37,20.1,36.71,8.84,3,-61.9,10.0,53.24,0.5013,0.5493,LOCAL
2935,"Day 3, 00:55",1.16,19.96,47.13,8.16,7,-61.5,10.0,48.15,0.6783,0.4765,LOCAL
2936,"Day 3, 00:56",0.1,19.83,47.13,7.42,5,-62.8,10.0,48.98,0.6101,0.4665,LOCAL
2937,"Day 3, 00:57",1.24,19.68,47.89,4.62,10,-61.3,10.0,48.8,0.7862,0.3946,LOCAL
2938,"Day 3, 00:58",0.8,19.52,61.97,7.79,9,-63.6,10.0,46.69,0.8014,0.4529,LOCAL
2939,"Day 3, 00:59",0.01,19.39,45.59,2.24,6,-62.2,10.0,50.22,0.6405,0.35,LOCAL
2940,"Day 3, 01:00",1.42,19.28,44.18,9.98,3,-63.4,10.0,53.25,0.5286,0.5779,LOCAL
2941,"Day 3, 01:01",0.8,19.18,37.55,8.15,2,-64.8,10.0,57.13,0.4714,0.582,LOCAL
2942,"Day 3, 01:02",1.21,19.02,55.78,7.58,10,-66.4,10.0,52.98,0.8149,0.5147,LOCAL
2943,"Day 3, 01:03",0.15,18.9,46.92,4.89,4,-63.8,10.0,54.31,0.5757,0.4636,LOCAL
2944,"Day 3, 01:04",1.35,18.81,33.24,2.22,1,-64.2,10.0,50.14,0.4211,0.3486,LOCAL
2945,"Day 3, 01:05",0.15,18.68,36.72,3.68,10,-63.1,10.0,50.63,0.7503,0.3905,LOCAL
2946,"Day 3, 01:06",1.37,18.52,50.95,6.28,10,-61.1,10.0,48.04,0.7985,0.4284,LOCAL
2947,"Day 3, 01:07",1.04,18.36,63.05,8.29,8,-62.2,10.0,52.09,0.7716,0.5221,LOCAL
2948,"Day 3, 01:08",1.26,18.2,55.59,2.58,10,-61.0,10.4,50.53,0.8154,0.3631,LOCAL
2949,"Day 3, 01:09",1.49,18.1,45.72,9.51,1,-59.7,10.0,54.96,0.4656,0.5873,LOCAL
2950,"Day 3, 01:10",0.84,17.96,42.4,2.63,9,-61.0,10.0,49.93,0.7352,0.3567,LOCAL
2951,"Day 3, 01:11",1.04,17.83,40.67,4.05,7,-60.9,10.0,48.6,0.659,0.3783,LOCAL
2952,"Day 3, 01:12",0.98,17.7,39.85,3.75,8,-62.2,10.0,51.35,0.6915,0.4001,LOCAL
2953,"Day 3, 01:13",0.41,17.56,48.74,6.67,8,-63.9,10.0,46.54,0.7236,0.4234,LOCAL
2954,"Day 3, 01:14",0.22,17.44,47.05,9.69,3,-63.1,10.0,44.63,0.5432,0.4812,LOCAL
2955,"Day 3, 01:15",1.38,17.36,32.55,6.07,1,-61.7,10.0,41.42,0.4208,0.3631,LOCAL
2956,"Day 3, 01:16",1.02,17.28,29.08,3.64,2,-63.2,10.0,39.23,0.4443,0.285,LOCAL
2957,"Day 3, 01:17",1.15,17.19,25.51,4.93,3,-65.2,12.5,43.78,0.4668,0.3617,LOCAL
2958,"Day 3, 01:18",1.42,17.05,45.98,9.01,8,-65.5,10.0,45.9,0.7132,0.4759,LOCAL
2959,"Day 3, 01:19",1.35,16.9,47.61,3.97,10,-66.5,10.0,42.14,0.7892,0.3166,LOCAL
2960,"Day 3, 01:20",0.58,16.78,40.27,4.3,7,-64.6,10.0,46.1,0.6599,0.36,LOCAL
2961,"Day 3, 01:21",0.8,16.68,30.9,2.06,5,-65.3,10.0,46.3,0.5569,0.3059,LOCAL
2962,"Day 3, 01:22",0.51,16.6,19.96,1.3,2,-66.3,10.0,46.57,0.4142,0.2895,LOCAL
2963,"Day 3, 01:23",0.35,16.53,17.6,3.21,2,-66.5,10.0,42.7,0.4063,0.3024,LOCAL
2964,"Day 3, 01:24",1.22,16.44,24.0,4.1,6,-65.4,10.0,47.67,0.5675,0.3702,LOCAL
2965,"Day 3, 01:25",1.5,16.33,32.21,7.58,5,-65.3,10.0,44.87,0.561,0.4306,LOCAL
2966,"Day 3, 01:26",0.7,16.18,52.23,8.53,9,-64.8,10.0,44.25,0.7725,0.4488,LOCAL
2967,"Day 3, 01:27",1.27,16.04,54.57,7.45,7,-64.2,10.0,48.96,0.71,0.467,LOCAL
2968,"Day 3, 01:28",0.29,15.87,60.85,7.58,8,-63.9,10.0,53.61,0.7687,0.5222,LOCAL
2969,"Day 3, 01:29",0.67,15.74,52.07,4.92,6,-61.9,10.0,49.19,0.6676,0.4061,LOCAL
2970,"Day 3, 01:30",0.2,15.55,72.71,8.58,10,-60.8,10.0,51.69,0.8809,0.5248,LOCAL
2971,"Day 3, 01:31",0.51,15.42,59.7,10.0,3,-59.7,10.0,50.86,0.59,0.551,LOCAL
2972,"Day 3, 01:32",0.81,15.3,47.08,6.47,3,-58.1,10.0,52.05,0.5456,0.4761,LOCAL
2973,"Day 3, 01:33",0.65,15.18,44.38,6.1,5,-56.3,10.0,55.25,0.6066,0.5057,LOCAL
2974,"Day 3, 01:34",1.13,15.09,35.96,6.96,1,-55.7,10.0,54.59,0.4365,0.5189,LOCAL
2975,"Day 3, 01:35",0.8,15.02,24.4,2.78,1,-54.3,10.0,58.63,0.3967,0.4689,LOCAL
2976,"Day 3, 01:36",0.92,14.88,35.34,4.53,10,-54.2,10.0,56.29,0.75,0.48,LOCAL
2977,"Day 3, 01:37",0.05,14.8,28.93,5.57,2,-55.2,10.0,60.06,0.449,0.5602,LOCAL
2978,"Day 3, 01:38",0.98,14.66,34.5,3.59,10,-53.7,10.0,57.42,0.7473,0.4719,LOCAL
2979,"Day 3, 01:39",0.69,14.53,35.34,3.7,10,-55.4,10.0,53.06,0.7508,0.4187,LOCAL
2980,"Day 3, 01:40",1.08,14.45,26.97,7.37,1,-57.3,10.0,53.04,0.4061,0.5102,LOCAL
2981,"Day 3, 01:41",0.93,14.33,40.35,8.27,6,-58.8,10.0,57.39,0.6283,0.5886,LOCAL
2982,"Day 3, 01:42",0.45,14.25,27.96,1.06,1,-58.3,10.0,55.89,0.4108,0.388,LOCAL
2983,"Day 3, 01:43",1.02,14.14,35.51,5.84,5,-60.9,10.0,50.4,0.5765,0.442,LOCAL
2984,"Day 3, 01:44",0.5,14.05,33.6,8.39,3,-59.8,10.0,49.87,0.5008,0.5001,LOCAL
2985,"Day 3, 01:45",0.7,13.96,28.24,3.45,3,-58.5,10.0,45.85,0.4819,0.3364,LOCAL
2986,"Day 3, 01:46",1.1,13.84,39.42,7.68,7,-58.3,10.0,42.12,0.6606,0.4092,LOCAL
2987,"Day 3, 01:47",0.88,13.74,32.86,3.51,3,-57.2,10.0,44.29,0.4981,0.3237,LOCAL
2988,"Day 3, 01:48",0.41,13.64,31.57,5.28,4,-59.0,10.0,46.76,0.5294,0.3908,LOCAL
2989,"Day 3, 01:49",0.48,13.51,35.73,4.88,8,-58.0,10.0,45.67,0.6841,0.3705,LOCAL
2990,"Day 3, 01:50",0.51,13.43,29.42,3.0,2,-58.3,10.0,50.25,0.4521,0.3693,LOCAL
2991,"Day 3, 01:51",0.42,13.36,23.81,3.18,1,-59.8,10.0,48.88,0.3977,0.3594,LOCAL
2992,"Day 3, 01:52",1.17,13.21,41.46,5.97,10,-60.1,10.0,47.37,0.7735,0.414,LOCAL
2993,"Day 3, 01:53",0.37,13.06,53.16,8.34,8,-60.5,10.0,48.54,0.7459,0.4849,LOCAL
2994,"Day 3, 01:54",1.11,12.94,44.44,3.11,6,-60.8,10.0,47.34,0.6445,0.3421,LOCAL
2995,"Day 3, 01:55",0.0,12.84,34.36,3.5,3,-63.7,10.0,49.86,0.506,0.3777,LOCAL
2996,"Day 3, 01:56",0.3,12.71,30.86,2.17,9,-62.2,10.0,49.27,0.7035,0.3382,LOCAL
2997,"Day 3, 01:57",0.95,12.63,24.3,1.68,3,-64.3,10.0,48.39,0.4697,0.3169,LOCAL
2998,"Day 3, 01:58",0.85,12.49,41.41,6.03,10,-65.9,10.0,48.41,0.7749,0.4259,LOCAL
2999,"Day 3, 01:59",0.67,12.36,43.7,5.65,7,-67.1,10.0,49.88,0.6784,0.4316,LOCAL
3000,"Day 3, 02:00",0.17,12.25,34.24,2.15,5,-67.5,10.0,51.91,0.5762,0.3665,LOCAL
3001,"Day 3, 02:01",0.3,12.12,28.51,1.38,10,-68.6,10.0,53.01,0.7311,0.3601,LOCAL
3002,"Day 3, 02:02",0.15,12.01,34.71,7.31,5,-66.6,10.4,55.38,0.5782,0.5387,LOCAL
3003,"Day 3, 02:03",1.01,11.89,39.01,5.01,7,-67.2,10.0,59.15,0.6622,0.5325,LOCAL
3004,"Day 3, 02:04",0.06,11.77,40.68,9.34,4,-69.4,11.2,59.6,0.5646,0.6509,LOCAL
3005,"Day 3, 02:05",0.62,11.61,57.72,7.81,9,-69.6,10.0,59.95,0.7987,0.6145,LOCAL
3006,"Day 3, 02:06",0.34,11.5,43.53,3.33,4,-69.7,11.0,57.56,0.5746,0.4702,LOCAL
3007,"Day 3, 02:07",0.7,11.36,40.77,1.66,9,-70.3,10.0,58.05,0.7396,0.4326,LOCAL
3008,"Day 3, 02:08",0.75,11.24,38.1,4.01,6,-70.5,10.0,56.88,0.6254,0.475,LOCAL
3009,"Day 3, 02:09",0.91,11.11,44.02,5.39,8,-69.3,10.0,60.36,0.716,0.5604,LOCAL
3010,"Day 3, 02:10",0.14,11.01,30.15,1.55,3,-70.3,10.0,56.26,0.4938,0.4051,LOCAL
3011,"Day 3, 02:11",0.51,10.89,28.38,1.39,9,-69.5,10.0,51.7,0.6972,0.3451,LOCAL
3012,"Day 3, 02:12",1.36,10.8,29.01,6.34,3,-69.3,10.0,49.35,0.4883,0.4433,LOCAL
3013,"Day 3, 02:13",0.63,10.71,26.68,5.01,4,-67.5,10.0,45.61,0.5164,0.3732,LOCAL
3014,"Day 3, 02:14",1.27,10.6,32.42,3.39,7,-65.5,10.0,50.87,0.6407,0.3858,LOCAL
3015,"Day 3, 02:15",0.91,10.48,35.45,5.74,6,-65.2,10.0,47.25,0.617,0.407,LOCAL
3016,"Day 3, 02:16",1.41,10.37,24.52,1.0,9,-62.9,10.0,43.53,0.6831,0.2542,LOCAL
3017,"Day 3, 02:17",1.41,10.26,30.08,3.8,7,-64.6,10.0,46.71,0.6328,0.3533,LOCAL
3018,"Day 3, 02:18",0.67,10.11,54.01,9.99,9,-66.2,10.0,51.74,0.7879,0.5606,LOCAL
3019,"Day 3, 02:19",0.3,9.99,45.96,8.27,4,-65.4,10.0,56.1,0.5854,0.571,LOCAL
3020,"Day 3, 02:20",1.46,9.87,45.54,7.36,5,-63.5,10.0,52.05,0.6174,0.4983,LOCAL
3021,"Day 3, 02:21",0.88,9.78,29.35,1.46,2,-63.9,10.0,48.82,0.4567,0.3158,LOCAL
3022,"Day 3, 02:22",0.75,9.63,53.79,9.13,9,-62.5,10.0,53.46,0.7877,0.5592,LOCAL
3023,"Day 3, 02:23",1.03,9.49,52.83,7.59,6,-63.5,11.7,54.22,0.6791,0.5347,LOCAL
3024,"Day 3, 02:24",0.08,9.32,61.96,7.78,9,-61.7,10.0,52.96,0.8178,0.5195,LOCAL
3025,"Day 3, 02:25",0.85,9.21,43.18,2.61,3,-63.2,10.0,48.5,0.5411,0.3413,LOCAL
3026,"Day 3, 02:26",0.72,9.13,30.39,9.52,1,-61.2,10.0,44.19,0.4266,0.473,LOCAL
3027,"Day 3, 02:27",1.34,9.04,27.52,4.44,4,-61.4,10.0,48.52,0.5208,0.3873,LOCAL
3028,"Day 3, 02:28",1.43,8.93,27.49,1.19,8,-60.0,10.9,53.23,0.6607,0.3606,LOCAL
3029,"Day 3, 02:29",0.81,8.82,34.49,9.37,4,-59.6,10.0,50.42,0.5463,0.5304,LOCAL
3030,"Day 3, 02:30",0.11,8.74,28.85,9.61,1,-61.5,10.0,54.92,0.4227,0.5892,LOCAL
3031,"Day 3, 02:31",0.04,8.65,28.73,3.99,3,-60.0,10.0,59.08,0.4925,0.5058,LOCAL
3032,"Day 3, 02:32",1.21,8.51,42.54,5.22,10,-60.5,10.0,62.71,0.7843,0.5947,LOCAL
3033,"Day 3, 02:33",1.16,8.37,53.96,9.72,6,-58.9,10.0,65.57,0.6845,0.7595,LOCAL
3034,"Day 3, 02:34",0.34,8.22,45.88,2.74,9,-57.8,10.0,65.73,0.7627,0.5881,LOCAL
3035,"Day 3, 02:35",1.09,8.11,37.78,3.54,5,-59.4,10.0,65.12,0.5934,0.5963,LOCAL
3036,"Day 3, 02:36",0.96,7.97,43.08,4.43,10,-59.1,10.0,60.8,0.7874,0.5433,LOCAL
3037,"Day 3, 02:37",1.4,7.88,35.01,5.07,2,-59.2,10.0,63.93,0.4786,0.6125,LOCAL
3038,"Day 3, 02:38",0.72,7.74,47.35,7.97,8,-60.0,10.0,64.56,0.733,0.6966,LOCAL
3039,"Day 3, 02:39",1.25,7.64,36.29,8.24,2,-61.1,10.0,64.45,0.4837,0.7012,LOCAL
3040,"Day 3, 02:40",1.46,7.53,32.63,2.51,6,-63.6,10.0,61.27,0.6107,0.5028,LOCAL
3041,"Day 3, 02:41",0.13,7.43,32.92,4.25,5,-65.5,10.0,58.12,0.5789,0.4983,LOCAL
3042,"Day 3, 02:42",1.42,7.3,42.47,7.73,7,-66.1,10.0,53.41,0.6806,0.5235,LOCAL
3043,"Day 3, 02:43",1.19,7.18,33.31,1.73,8,-67.1,10.0,56.6,0.684,0.4143,LOCAL
3044,"Day 3, 02:44",1.33,7.06,39.56,6.77,6,-66.6,10.0,53.9,0.6359,0.5056,LOCAL
3045,"Day 3, 02:45",0.71,6.95,34.51,3.51,5,-66.4,10.0,50.38,0.5843,0.3835,LOCAL
3046,"Day 3, 02:46",0.34,6.88,25.48,1.08,1,-65.3,10.0,52.84,0.4134,0.3505,LOCAL
3047,"Day 3, 02:47",1.02,6.74,45.34,7.81,8,-66.7,10.0,54.83,0.7271,0.5431,LOCAL
3048,"Day 3, 02:48",0.24,6.62,41.86,6.54,5,-64.5,10.0,56.05,0.6112,0.5272,LOCAL
3049,"Day 3, 02:49",0.37,6.48,42.87,4.25,9,-66.5,10.0,55.28,0.7548,0.4598,LOCAL
3050,"Day 3, 02:50",0.1,6.34,40.64,3.01,9,-68.7,10.0,50.32,0.7476,0.3704,LOCAL
3051,"Day 3, 02:51",1.42,6.22,33.14,1.75,8,-68.6,10.0,53.08,0.6845,0.3701,LOCAL
3052,"Day 3, 02:52",1.07,6.09,45.79,6.47,7,-67.4,10.0,49.35,0.6945,0.4465,LOCAL
3053,"Day 3, 02:53",0.45,5.98,40.79,7.63,3,-69.2,10.0,49.61,0.5381,0.4783,LOCAL
3054,"Day 3, 02:54",0.12,5.85,40.19,4.41,8,-67.8,10.0,49.14,0.7117,0.3928,LOCAL
3055,"Day 3, 02:55",0.43,5.76,31.51,5.71,1,-65.7,10.0,50.06,0.436,0.4351,LOCAL
3056,"Day 3, 02:56",1.18,5.69,24.7,4.73,1,-64.7,10.0,46.92,0.4111,0.3785,LOCAL
3057,"Day 3, 02:57",0.05,5.58,35.09,8.78,6,-63.9,10.4,47.22,0.6244,0.4839,LOCAL
3058,"Day 3, 02:58",1.05,5.41,59.95,8.68,10,-66.1,10.9,48.36,0.8501,0.494,LOCAL
3059,"Day 3, 02:59",1.43,5.25,56.5,4.08,10,-66.4,10.0,47.21,0.8377,0.3651,LOCAL
3060,"Day 3, 03:00",0.78,5.12,43.24,1.3,7,-66.8,10.0,48.66,0.6875,0.3101,LOCAL
3061,"Day 3, 03:01",0.31,5.02,32.62,4.75,2,-66.0,10.0,47.88,0.4762,0.3885,LOCAL
3062,"Day 3, 03:02",0.04,5.0,33.0,5.29,5,-64.0,10.0,43.21,0.5829,0.3587,LOCAL
3063,"Day 3, 03:03",0.53,5.0,26.38,2.02,6,-61.6,10.0,44.89,0.594,0.2918,LOCAL
3064,"Day 3, 03:04",0.75,5.0,37.81,5.5,10,-64.3,10.0,49.01,0.7737,0.4188,LOCAL
3065,"Day 3, 03:05",1.34,5.0,36.42,2.46,6,-66.3,10.0,50.24,0.6279,0.3557,LOCAL
3066,"Day 3, 03:06",0.7,5.0,24.54,6.78,1,-67.7,10.9,51.95,0.4124,0.4853,LOCAL
3067,"Day 3, 03:07",0.46,5.0,31.83,9.0,4,-69.5,10.0,53.59,0.5432,0.5575,LOCAL
3068,"Day 3, 03:08",0.32,5.0,48.86,9.41,8,-68.4,10.0,51.39,0.743,0.5422,LOCAL
3069,"Day 3, 03:09",0.63,5.0,36.01,1.11,4,-67.2,10.0,52.69,0.5576,0.3495,LOCAL
3070,"Day 3, 03:10",0.63,5.0,38.93,9.66,4,-66.1,10.7,47.81,0.5678,0.5127,LOCAL
3071,"Day 3, 03:11",1.38,5.0,31.8,7.91,2,-63.7,10.0,49.04,0.4717,0.4793,LOCAL
3072,"Day 3, 03:12",0.59,5.0,37.78,8.21,5,-62.0,10.0,44.8,0.5989,0.4457,LOCAL
3073,"Day 3, 03:13",0.33,5.0,61.42,9.04,9,-61.1,10.0,49.19,0.822,0.5091,LOCAL
3074,"Day 3, 03:14",0.04,5.0,43.43,2.65,3,-62.0,10.0,47.95,0.5494,0.3367,LOCAL
3075,"Day 3, 03:15",0.4,5.0,32.96,1.05,10,-63.4,10.0,46.3,0.7573,0.2807,LOCAL
3076,"Day 3, 03:16",0.5,5.0,36.94,5.56,8,-62.4,10.0,48.0,0.7011,0.41,LOCAL
3077,"Day 3, 03:17",1.17,5.0,30.1,1.67,7,-63.7,10.0,47.74,0.6411,0.3102,LOCAL
3078,"Day 3, 03:18",0.55,5.0,21.09,7.62,1,-61.5,10.0,46.18,0.4005,0.4437,LOCAL
3079,"Day 3, 03:19",1.14,5.0,34.44,6.02,8,-63.9,10.0,45.82,0.6913,0.4004,LOCAL
3080,"Day 3, 03:20",1.37,5.0,32.61,8.03,3,-66.3,10.0,42.97,0.5096,0.4252,LOCAL
3081,"Day 3, 03:21",0.98,5.0,25.7,1.48,4,-68.2,10.0,39.97,0.521,0.2368,LOCAL
3082,"Day 3, 03:22",0.13,5.0,25.67,9.79,2,-68.9,10.0,41.22,0.4522,0.4545,LOCAL
3083,"Day 3, 03:23",0.16,5.0,27.51,2.14,10,-68.6,10.9,41.38,0.7385,0.267,LOCAL
3084,"Day 3, 03:24",0.29,5.0,28.48,2.32,7,-68.8,10.1,38.64,0.6368,0.2479,LOCAL
3085,"Day 3, 03:25",0.88,5.0,35.36,3.97,10,-67.7,10.0,40.35,0.765,0.302,LOCAL
3086,"Day 3, 03:26",1.35,5.0,53.34,9.46,7,-66.5,10.0,46.51,0.7221,0.4929,LOCAL
3087,"Day 3, 03:27",0.76,5.0,44.56,5.84,4,-68.4,10.0,43.7,0.5873,0.3767,LOCAL
3088,"Day 3, 03:28",0.49,5.0,31.29,1.93,2,-68.2,10.0,44.57,0.4713,0.2867,LOCAL
3089,"Day 3, 03:29",0.8,5.0,24.1,1.28,2,-69.2,10.0,43.37,0.4456,0.2598,LOCAL
3090,"Day 3, 03:30",1.28,5.0,33.49,4.78,9,-69.8,10.0,42.64,0.7228,0.3411,LOCAL
3091,"Day 3, 03:31",0.64,5.0,51.76,6.9,10,-68.5,10.0,42.4,0.8227,0.392,LOCAL
3092,"Day 3, 03:32",0.75,5.0,47.88,9.99,3,-67.2,11.1,44.24,0.564,0.4884,LOCAL
3093,"Day 3, 03:33",0.07,5.0,38.24,2.35,5,-65.5,10.0,44.4,0.6012,0.2956,LOCAL
3094,"Day 3, 03:34",0.1,5.0,52.61,8.81,8,-63.7,10.0,40.26,0.7565,0.4223,LOCAL
3095,"Day 3, 03:35",0.36,5.0,36.73,1.42,1,-63.9,10.0,41.3,0.4555,0.2459,LOCAL
3096,"Day 3, 03:36",1.15,5.0,29.46,5.11,3,-63.5,10.0,46.13,0.4989,0.3805,LOCAL
3097,"Day 3, 03:37",0.18,5.0,22.7,9.08,1,-65.6,10.0,49.21,0.4067,0.5103,LOCAL
3098,"Day 3, 03:38",0.37,5.0,20.69,1.02,6,-67.1,10.0,52.25,0.5744,0.3421,LOCAL
3099,"Day 3, 03:39",0.09,5.0,36.37,8.95,6,-67.8,10.0,52.84,0.6296,0.5473,LOCAL
3100,"Day 3, 03:40",1.38,5.0,30.83,1.09,6,-66.5,10.0,49.47,0.6083,0.3133,LOCAL
3101,"Day 3, 03:41",0.67,5.0,30.81,6.1,4,-65.6,10.0,48.27,0.5393,0.4263,LOCAL
3102,"Day 3, 03:42",1.04,5.0,30.8,3.29,7,-63.2,10.0,44.25,0.6437,0.3178,LOCAL
3103,"Day 3, 03:43",0.51,5.0,34.57,9.33,3,-63.4,10.0,46.31,0.5177,0.4878,LOCAL
3104,"Day 3, 03:44",0.36,5.0,33.14,7.36,4,-64.9,10.0,45.56,0.5479,0.4314,LOCAL
3105,"Day 3, 03:45",1.17,5.0,30.97,3.02,7,-63.7,11.0,41.36,0.6442,0.2893,LOCAL
3106,"Day 3, 03:46",0.46,5.0,31.94,7.11,3,-62.0,10.0,37.89,0.5086,0.3616,LOCAL
3107,"Day 3, 03:47",0.79,5.0,22.29,1.04,7,-61.1,10.0,37.74,0.6143,0.2088,LOCAL
3108,"Day 3, 03:48",0.42,5.0,24.47,5.24,4,-62.0,10.0,43.64,0.5175,0.3612,LOCAL
3109,"Day 3, 03:49",1.35,5.0,21.53,2.84,3,-60.1,10.0,40.39,0.4708,0.274,LOCAL
3110,"Day 3, 03:50",0.77,5.0,21.39,7.9,2,-61.9,10.0,45.47,0.4362,0.4441,LOCAL
3111,"Day 3, 03:51",0.13,5.0,37.58,4.68,10,-62.8,10.0,50.3,0.7738,0.4119,LOCAL
3112,"Day 3, 03:52",1.28,5.0,35.23,5.09,5,-64.7,10.0,47.05,0.5889,0.3888,LOCAL
3113,"Day 3, 03:53",1.2,5.0,38.96,6.22,6,-62.3,10.0,50.56,0.6371,0.4532,LOCAL
3114,"Day 3, 03:54",0.06,5.0,37.48,2.59,6,-62.1,10.0,52.74,0.6336,0.3871,LOCAL
3115,"Day 3, 03:55",0.99,5.0,30.94,1.62,4,-63.4,10.0,49.75,0.5393,0.3295,LOCAL
3116,"Day 3, 03:56",0.49,5.0,34.61,8.32,4,-61.7,10.0,45.18,0.5529,0.4519,LOCAL
3117,"Day 3, 03:57",0.22,5.0,30.78,3.9,5,-60.3,10.0,45.68,0.5749,0.3461,LOCAL
3118,"Day 3, 03:58",0.27,5.0,35.26,8.22,4,-60.6,10.0,51.32,0.5555,0.5116,LOCAL
3119,"Day 3, 03:59",0.82,5.0,26.78,4.78,1,-63.1,10.0,49.85,0.42,0.4096,LOCAL
3120,"Day 3, 04:00",0.64,5.0,30.47,5.93,5,-65.5,10.0,54.54,0.5732,0.4924,LOCAL
3121,"Day 3, 04:01",0.38,5.0,30.78,9.43,2,-63.1,10.0,57.57,0.4696,0.6201,LOCAL
3122,"Day 3, 04:02",0.61,5.0,32.56,8.33,3,-65.5,10.0,55.99,0.5106,0.5711,LOCAL
3123,"Day 3, 04:03",1.12,5.0,31.7,6.25,3,-63.4,10.0,53.98,0.5068,0.4935,LOCAL
3124,"Day 3, 04:04",0.95,5.0,25.1,3.2,4,-64.0,10.0,57.56,0.5189,0.4643,LOCAL
3125,"Day 3, 04:05",0.02,5.0,19.5,6.07,2,-66.1,10.4,53.17,0.4307,0.4802,LOCAL
3126,"Day 3, 04:06",1.02,5.0,14.76,1.15,1,-66.6,10.5,49.61,0.3776,0.3177,LOCAL
3127,"Day 3, 04:07",1.45,5.0,40.82,9.63,8,-64.8,10.0,45.57,0.7132,0.4883,LOCAL
3128,"Day 3, 04:08",0.53,5.0,64.4,9.57,10,-65.4,10.0,45.35,0.8671,0.4847,LOCAL
3129,"Day 3, 04:09",1.17,5.0,47.55,1.13,6,-66.8,10.0,45.38,0.6672,0.274,LOCAL
3130,"Day 3, 04:10",1.47,5.0,38.09,2.93,2,-66.0,10.0,44.16,0.4936,0.308,LOCAL
3131,"Day 3, 04:11",0.42,5.0,36.25,4.07,7,-64.3,10.0,47.83,0.6638,0.3711,LOCAL
3132,"Day 3, 04:12",0.94,5.0,36.54,3.3,8,-65.3,10.0,51.74,0.699,0.3933,LOCAL
3133,"Day 3, 04:13",0.21,5.0,39.57,9.67,4,-63.8,10.0,54.56,0.5707,0.5862,LOCAL
3134,"Day 3, 04:14",1.06,5.0,35.86,5.03,5,-63.1,10.0,55.36,0.5914,0.4803,LOCAL
3135,"Day 3, 04:15",1.42,5.0,53.79,8.72,8,-61.4,10.0,55.8,0.7586,0.5783,LOCAL
3136,"Day 3, 04:16",1.47,5.0,35.96,1.9,1,-62.3,10.0,53.0,0.4511,0.3729,LOCAL
3137,"Day 3, 04:17",1.28,5.0,41.95,6.11,9,-63.4,10.0,48.55,0.7524,0.4292,LOCAL
3138,"Day 3, 04:18",1.44,5.0,51.85,7.67,7,-63.4,10.0,53.33,0.7168,0.5211,LOCAL
3139,"Day 3, 04:19",0.72,5.0,57.91,7.09,9,-63.0,10.0,51.81,0.8091,0.4888,LOCAL
3140,"Day 3, 04:20",1.02,5.0,53.3,3.83,8,-61.6,10.0,55.8,0.7575,0.4561,LOCAL
3141,"Day 3, 04:21",0.62,5.0,56.85,7.66,7,-63.6,10.0,56.37,0.7356,0.5594,LOCAL
3142,"Day 3, 04:22",1.22,5.0,60.55,9.15,7,-65.9,10.0,52.78,0.7476,0.5516,LOCAL
3143,"Day 3, 04:23",0.09,5.0,52.42,6.57,4,-67.2,10.0,48.55,0.6158,0.4408,LOCAL
3144,"Day 3, 04:24",0.75,5.0,52.44,6.82,6,-66.5,10.0,50.69,0.6849,0.4696,LOCAL
3145,"Day 3, 04:25",1.1,5.0,51.86,7.54,6,-67.2,10.0,50.97,0.6824,0.4907,LOCAL
3146,"Day 3, 04:26",1.46,5.0,35.25,4.59,1,-65.7,10.0,46.43,0.4487,0.3704,LOCAL
3147,"Day 3, 04:27",1.5,5.0,29.65,5.7,3,-63.5,10.0,42.37,0.499,0.3618,LOCAL
3148,"Day 3, 04:28",0.23,5.0,38.13,9.24,5,-65.2,10.0,40.41,0.6006,0.4343,LOCAL
3149,"Day 3, 04:29",1.04,5.0,34.84,4.66,6,-67.3,10.0,41.13,0.6229,0.3255,LOCAL
3150,"Day 3, 04:30",1.37,5.0,40.36,5.3,7,-65.9,10.0,44.49,0.6767,0.3702,LOCAL
3151,"Day 3, 04:31",1.07,5.0,52.82,7.49,9,-66.0,10.0,49.32,0.7907,0.4717,LOCAL
3152,"Day 3, 04:32",0.98,5.0,40.19,1.51,7,-67.6,10.0,47.91,0.6767,0.3078,LOCAL
3153,"Day 3, 04:33",0.85,5.0,28.59,1.69,5,-68.2,10.1,47.07,0.5663,0.3044,LOCAL
3154,"Day 3, 04:34",0.11,5.0,48.64,7.65,8,-66.6,10.0,46.43,0.7426,0.4469,LOCAL
3155,"Day 3, 04:35",0.99,5.0,37.72,7.49,2,-67.3,10.0,47.69,0.493,0.4552,LOCAL
3156,"Day 3, 04:36",1.15,5.0,32.28,6.14,3,-66.5,10.0,43.42,0.5087,0.3818,LOCAL
3157,"Day 3, 04:37",1.16,5.0,23.78,2.01,3,-67.6,10.0,40.08,0.479,0.2509,LOCAL
3158,"Day 3, 04:38",0.19,5.0,21.36,2.01,7,-68.0,11.3,43.33,0.612,0.2814,LOCAL
3159,"Day 3, 04:39",0.57,5.0,24.05,6.23,4,-67.5,10.0,40.87,0.5158,0.3627,LOCAL
3160,"Day 3, 04:40",1.22,5.0,21.59,1.62,7,-69.4,13.0,46.75,0.6112,0.3078,LOCAL
3161,"Day 3, 04:41",1.28,5.0,20.14,5.38,2,-69.1,10.0,46.46,0.4311,0.3904,LOCAL
3162,"Day 3, 04:42",0.42,5.0,40.78,9.06,8,-70.4,11.2,43.01,0.7146,0.4547,LOCAL
3163,"Day 3, 04:43",0.0,5.0,36.19,2.86,5,-71.9,13.3,45.76,0.5942,0.3304,LOCAL
3164,"Day 3, 04:44",0.7,5.0,34.76,4.95,6,-69.1,10.8,48.53,0.6231,0.4024,LOCAL
3165,"Day 3, 04:45",0.43,5.0,47.15,5.65,10,-66.3,10.0,46.67,0.8069,0.3991,LOCAL
3166,"Day 3, 04:46",1.27,5.0,57.77,9.98,7,-65.1,10.0,44.75,0.7378,0.4895,LOCAL
3167,"Day 3, 04:47",1.17,5.0,58.92,8.48,7,-66.5,10.0,45.74,0.742,0.4611,LOCAL
3168,"Day 3, 04:48",0.61,5.0,52.58,3.65,10,-68.0,10.0,42.97,0.8256,0.3156,LOCAL
3169,"Day 3, 04:49",0.01,5.0,63.89,8.14,9,-68.9,10.0,40.83,0.8311,0.4101,LOCAL
3170,"Day 3, 04:50",0.29,5.0,55.25,9.17,4,-66.9,11.4,44.12,0.6254,0.4678,LOCAL
3171,"Day 3, 04:51",0.18,5.0,49.69,5.86,5,-65.7,10.0,43.86,0.6411,0.3786,LOCAL
3172,"Day 3, 04:52",0.58,5.0,49.45,6.28,7,-67.2,10.0,41.58,0.7097,0.3697,LOCAL
3173,"Day 3, 04:53",0.64,5.0,61.42,7.79,9,-67.8,11.6,39.9,0.8215,0.3985,LOCAL
3174,"Day 3, 04:54",0.42,5.0,44.26,4.86,2,-69.9,10.0,37.07,0.5168,0.2994,LOCAL
3175,"Day 3, 04:55",1.05,5.0,37.27,5.85,2,-68.7,12.6,43.41,0.4914,0.3817,LOCAL
3176,"Day 3, 04:56",0.58,5.0,34.96,3.71,5,-67.7,10.0,46.63,0.589,0.3503,LOCAL
3177,"Day 3, 04:57",0.9,5.0,35.28,6.79,3,-65.6,10.0,51.02,0.5196,0.4725,LOCAL
3178,"Day 3, 04:58",0.78,5.0,30.15,4.57,4,-66.9,10.0,48.56,0.5368,0.3909,LOCAL
3179,"Day 3, 04:59",0.14,5.0,27.76,4.84,6,-68.7,10.0,46.46,0.5995,0.3769,LOCAL
3180,"Day 3, 05:00",0.04,5.0,30.87,8.89,3,-69.7,10.0,48.69,0.5055,0.5002,LOCAL
3181,"Day 3, 05:01",0.95,5.0,49.21,9.31,8,-71.2,10.6,53.35,0.7433,0.5642,LOCAL
3182,"Day 3, 05:02",0.65,5.0,39.16,2.75,6,-69.5,10.0,52.92,0.6386,0.3933,LOCAL
3183,"Day 3, 05:03",1.0,5.0,28.15,2.0,5,-70.4,10.0,49.07,0.5645,0.3319,LOCAL
3184,"Day 3, 05:04",1.5,5.0,32.08,3.66,10,-67.9,11.1,51.71,0.7525,0.405,LOCAL
3185,"Day 3, 05:05",0.34,5.0,42.9,6.79,8,-68.9,10.0,52.4,0.7221,0.4882,LOCAL
3186,"Day 3, 05:06",0.41,5.0,59.31,9.62,8,-68.6,11.1,56.04,0.7795,0.6069,LOCAL
3187,"Day 3, 05:07",0.89,5.0,73.89,8.93,9,-68.7,10.0,55.15,0.8648,0.5752,LOCAL
3188,"Day 3, 05:08",1.25,5.0,50.91,1.75,4,-67.3,10.0,55.79,0.6088,0.4039,LOCAL
3189,"Day 3, 05:09",0.92,5.0,50.05,4.59,8,-64.7,10.0,59.03,0.7463,0.5201,LOCAL
3190,"Day 3, 05:10",0.42,5.0,33.0,1.25,1,-66.0,10.0,56.08,0.4424,0.3953,LOCAL
3191,"Day 3, 05:11",1.06,5.0,30.1,5.91,3,-65.9,10.0,59.41,0.5012,0.5587,LOCAL
3192,"Day 3, 05:12",0.43,5.0,37.33,3.99,9,-63.7,10.0,56.88,0.7375,0.4745,LOCAL
3193,"Day 3, 05:13",0.77,5.0,37.9,5.21,5,-65.2,10.1,51.26,0.599,0.4359,LOCAL
3194,"Day 3, 05:14",0.38,5.0,47.54,9.86,5,-64.0,10.0,46.28,0.6333,0.5007,LOCAL
3195,"Day 3, 05:15",1.03,5.0,36.94,2.73,5,-62.5,10.0,49.67,0.5952,0.3564,LOCAL
3196,"Day 3, 05:16",0.62,5.0,34.36,5.51,4,-62.6,10.0,48.44,0.5518,0.4132,LOCAL
3197,"Day 3, 05:17",0.85,5.0,30.04,5.12,5,-62.4,10.0,50.09,0.5714,0.4206,LOCAL
3198,"Day 3, 05:18",0.99,5.0,40.85,6.56,6,-61.4,10.0,49.41,0.644,0.4495,LOCAL
3199,"Day 3, 05:19",0.55,5.0,57.02,7.44,10,-59.6,10.0,49.1,0.8413,0.4681,LOCAL
3200,"Day 3, 05:20",1.45,5.0,60.88,7.64,8,-62.2,10.8,51.24,0.7834,0.4983,LOCAL
3201,"Day 3, 05:21",0.11,5.0,42.68,1.89,6,-62.5,10.0,53.19,0.6517,0.3749,LOCAL
3202,"Day 3, 05:22",0.08,5.0,41.89,7.84,4,-63.9,10.0,51.27,0.579,0.5015,LOCAL
3203,"Day 3, 05:23",0.73,5.0,58.28,8.12,9,-63.2,10.0,55.5,0.8104,0.5594,LOCAL
3204,"Day 3, 05:24",1.43,5.0,57.1,6.93,7,-62.9,14.6,59.28,0.7352,0.5954,LOCAL
3205,"Day 3, 05:25",1.33,5.0,40.03,1.98,1,-63.2,10.0,54.9,0.4656,0.3982,LOCAL
3206,"Day 3, 05:26",1.33,5.0,49.41,7.1,9,-61.5,10.0,54.64,0.7784,0.523,LOCAL
3207,"Day 3, 05:27",0.87,5.0,42.41,6.96,4,-59.9,10.0,55.4,0.5796,0.5291,LOCAL
3208,"Day 3, 05:28",0.75,5.0,28.65,2.16,6,-59.6,10.0,50.14,0.6017,0.3471,LOCAL
3209,"Day 3, 05:29",0.99,5.0,25.69,4.19,4,-58.6,10.0,50.9,0.5209,0.4062,LOCAL
3210,"Day 3, 05:30",0.06,5.0,33.05,8.59,5,-58.1,10.0,51.84,0.5831,0.5267,LOCAL
3211,"Day 3, 05:31",1.12,5.0,50.82,7.75,9,-59.8,10.0,49.75,0.7837,0.4827,LOCAL
3212,"Day 3, 05:32",0.67,5.0,36.57,7.02,3,-61.7,10.3,52.34,0.5245,0.494,LOCAL
3213,"Day 3, 05:33",0.21,5.0,45.76,5.42,9,-61.4,10.0,50.98,0.7673,0.4378,LOCAL
3214,"Day 3, 05:34",0.28,5.0,50.34,6.49,7,-59.4,10.0,51.67,0.7133,0.4723,LOCAL
3215,"Day 3, 05:35",0.7,5.0,38.86,5.89,2,-60.6,10.0,55.67,0.4974,0.5059,LOCAL
3216,"Day 3, 05:36",0.04,5.0,46.37,6.88,6,-61.1,10.0,57.62,0.6648,0.5569,LOCAL
3217,"Day 3, 05:37",0.68,5.0,68.89,9.85,9,-59.7,11.6,57.88,0.8476,0.6395,LOCAL
3218,"Day 3, 05:38",0.11,5.0,57.8,5.56,5,-60.5,10.0,60.4,0.6696,0.5653,LOCAL
3219,"Day 3, 05:39",1.32,5.0,42.54,4.09,3,-58.7,10.0,56.62,0.5444,0.4735,LOCAL
3220,"Day 3, 05:40",0.1,5.0,60.95,7.95,10,-60.9,10.0,59.12,0.8557,0.6055,LOCAL
3221,"Day 3, 05:41",0.41,5.0,44.64,8.63,2,-62.2,10.0,59.37,0.5181,0.6262,LOCAL
3222,"Day 3, 05:42",0.24,5.0,31.59,3.78,1,-61.8,10.0,56.13,0.4377,0.4592,LOCAL
3223,"Day 3, 05:43",0.44,5.0,27.43,5.41,2,-60.5,10.0,60.16,0.4578,0.5577,LOCAL
3224,"Day 3, 05:44",0.64,5.0,53.27,8.87,9,-59.6,10.0,59.72,0.793,0.6375,LOCAL
3225,"Day 3, 05:45",0.63,5.0,37.73,2.37,4,-61.4,10.0,60.48,0.5636,0.4868,LOCAL
3226,"Day 3, 05:46",0.42,5.0,40.47,5.6,7,-62.5,10.0,63.2,0.6785,0.6127,LOCAL
3227,"Day 3, 05:47",0.05,5.0,33.47,8.67,1,-63.3,10.0,57.84,0.4446,0.6048,LOCAL
3228,"Day 3, 05:48",0.65,5.0,43.53,7.95,6,-61.4,10.0,60.58,0.6539,0.6277,LOCAL
3229,"Day 3, 05:49",1.33,5.0,32.54,2.06,4,-62.7,10.0,58.16,0.5444,0.4442,LOCAL
3230,"Day 3, 05:50",1.0,5.0,31.54,2.89,10,-62.2,10.0,59.59,0.7514,0.486,LOCAL
3231,"Day 3, 05:51",0.89,5.0,35.86,3.16,10,-64.6,10.0,59.0,0.7667,0.484,LOCAL
3232,"Day 3, 05:52",1.23,5.0,26.76,4.51,1,-63.9,10.0,58.68,0.4193,0.5129,LOCAL
3233,"Day 3, 05:53",0.98,5.0,36.98,6.68,7,-62.1,10.0,54.01,0.6655,0.5046,LOCAL
3234,"Day 3, 05:54",1.33,5.0,45.92,8.77,6,-60.3,10.0,52.67,0.6612,0.5409,LOCAL
3235,"Day 3, 05:55",0.94,5.0,34.12,1.32,1,-60.0,10.0,51.74,0.4455,0.3439,LOCAL
3236,"Day 3, 05:56",1.03,5.0,30.38,3.16,7,-58.7,10.0,55.33,0.6423,0.4332,LOCAL
3237,"Day 3, 05:57",1.24,5.0,25.06,8.78,1,-57.9,10.0,52.79,0.4134,0.5424,LOCAL
3238,"Day 3, 05:58",1.22,5.0,20.72,4.62,2,-59.6,10.0,52.45,0.4332,0.4345,LOCAL
3239,"Day 3, 05:59",0.2,5.0,30.86,4.47,9,-61.3,10.0,50.81,0.7152,0.4122,LOCAL
3240,"Day 3, 06:00",1.22,5.0,37.8,4.03,9,-61.8,10.0,54.28,0.738,0.4418,LOCAL
3241,"Day 3, 06:01",0.0,5.0,33.21,3.25,4,-62.4,10.0,50.59,0.5487,0.3793,LOCAL
3242,"Day 3, 06:02",0.0,5.0,49.99,9.11,7,-62.6,10.0,52.49,0.7125,0.5472,LOCAL
3243,"Day 3, 06:03",0.96,5.0,44.8,3.14,9,-61.2,10.0,48.88,0.7628,0.3585,LOCAL
3244,"Day 3, 06:04",2.42,5.0,51.83,6.22,8,-63.8,10.0,52.29,0.7503,0.4726,LOCAL
3245,"Day 3, 06:05",4.95,5.0,49.29,7.59,5,-62.1,10.0,47.16,0.6326,0.4524,LOCAL
3246,"Day 3, 06:06",1.22,5.0,40.18,1.44,8,-61.1,10.0,49.19,0.7113,0.3192,LOCAL
3247,"Day 3, 06:07",0.0,5.0,26.52,1.7,3,-62.4,10.0,50.55,0.4903,0.3401,LOCAL
3248,"Day 3, 06:08",3.9,5.0,56.08,9.6,10,-64.5,10.0,54.49,0.8329,0.5835,LOCAL
3249,"Day 3, 06:09",5.23,5.0,67.05,9.32,8,-63.9,10.0,55.14,0.7993,0.5848,LOCAL
3250,"Day 3, 06:10",5.72,5.0,61.38,4.6,9,-61.9,10.0,56.4,0.8137,0.4833,LOCAL
3251,"Day 3, 06:11",7.0,5.0,46.01,9.67,1,-64.4,10.0,54.34,0.478,0.5834,LOCAL
3252,"Day 3, 06:12",5.99,5.0,35.4,1.96,8,-66.2,10.0,51.16,0.6874,0.3533,LOCAL
3253,"Day 3, 06:13",8.28,5.0,32.84,8.17,2,-68.4,10.2,49.92,0.465,0.4957,LOCAL
3254,"Day 3, 06:14",7.44,5.0,43.92,9.14,6,-66.5,10.0,52.9,0.6451,0.5527,LOCAL
3255,"Day 3, 06:15",5.22,5.0,49.96,7.27,9,-68.2,10.0,52.37,0.7745,0.4998,LOCAL
3256,"Day 3, 06:16",9.32,5.0,44.99,7.58,3,-68.1,10.0,51.92,0.541,0.5024,LOCAL
3257,"Day 3, 06:17",8.06,5.0,30.61,2.99,1,-70.2,10.0,55.27,0.4226,0.4283,LOCAL
3258,"Day 3, 06:18",4.6,5.0,26.44,3.87,3,-71.5,11.0,55.06,0.4831,0.4504,LOCAL
3259,"Day 3, 06:19",9.49,5.0,22.29,7.47,1,-69.7,10.0,58.3,0.3913,0.5814,LOCAL
3260,"Day 3, 06:20",10.4,5.0,19.72,2.97,2,-68.5,10.0,57.65,0.4159,0.4598,LOCAL
3261,"Day 3, 06:21",8.73,5.0,24.08,6.85,3,-70.0,10.0,58.77,0.4687,0.5728,LOCAL
3262,"Day 3, 06:22",10.66,5.0,44.18,7.6,9,-69.5,10.0,54.6,0.7461,0.535,LOCAL
3263,"Day 3, 06:23",11.96,5.0,36.46,7.45,2,-67.4,11.0,51.55,0.4722,0.4978,LOCAL
3264,"Day 3, 06:24",8.19,5.0,57.09,9.34,9,-68.2,10.0,52.24,0.795,0.5501,LOCAL
3265,"Day 3, 06:25",10.3,5.0,46.17,8.57,3,-68.6,10.0,47.17,0.5436,0.477,LOCAL
3266,"Day 3, 06:26",8.82,5.0,33.7,1.99,3,-66.3,10.5,52.32,0.5022,0.3686,LOCAL
3267,"Day 3, 06:27",9.05,5.0,40.06,4.55,9,-66.5,10.9,52.36,0.7341,0.4343,LOCAL
3268,"Day 3, 06:28",11.35,5.0,44.31,5.53,7,-64.1,10.0,49.85,0.6756,0.4284,LOCAL
3269,"Day 3, 06:29",9.48,5.0,44.61,8.44,5,-62.8,10.0,48.12,0.6094,0.4831,LOCAL
3270,"Day 3, 06:30",10.21,5.0,42.52,5.95,6,-60.8,10.0,45.41,0.636,0.3948,LOCAL
3271,"Day 3, 06:31",13.28,5.0,32.87,4.5,3,-62.1,10.0,41.71,0.4926,0.3263,LOCAL
3272,"Day 3, 06:32",14.43,5.0,30.23,3.48,3,-64.5,10.0,38.18,0.4817,0.2731,LOCAL
3273,"Day 3, 06:33",13.42,5.0,38.57,8.12,6,-63.4,10.0,42.73,0.6174,0.4253,LOCAL
3274,"Day 3, 06:34",16.16,5.0,29.1,3.71,2,-66.0,10.0,40.16,0.4401,0.294,LOCAL
3275,"Day 3, 06:35",13.39,5.0,25.81,4.54,2,-65.9,10.0,36.97,0.4327,0.2907,LOCAL
3276,"Day 3, 06:36",15.88,5.0,28.72,4.37,6,-64.4,10.0,34.25,0.5792,0.2675,LOCAL
3277,"Day 3, 06:37",16.41,5.0,24.51,1.72,7,-64.3,10.0,35.95,0.5987,0.2129,LOCAL
3278,"Day 3, 06:38",15.53,5.0,17.23,3.57,1,-65.7,10.0,34.39,0.3645,0.2485,LOCAL
3279,"Day 3, 06:39",13.74,5.0,39.91,8.94,7,-63.1,10.0,31.87,0.6566,0.3663,LOCAL
3280,"Day 3, 06:40",15.33,5.0,29.39,1.56,3,-63.5,10.0,39.13,0.4774,0.2322,LOCAL
3281,"Day 3, 06:41",19.82,5.0,23.37,5.44,1,-61.8,10.0,36.56,0.3796,0.3102,LOCAL
3282,"Day 3, 06:42",17.64,5.0,35.99,8.42,5,-61.1,10.0,40.57,0.567,0.415,LOCAL
3283,"Day 3, 06:43",19.85,5.0,26.69,1.79,2,-62.4,10.0,44.92,0.4262,0.2863,LOCAL
3284,"Day 3, 06:44",18.06,5.0,22.54,2.28,6,-62.7,10.0,48.84,0.5543,0.3365,LOCAL
3285,"Day 3, 06:45",16.47,5.0,41.13,9.8,6,-65.2,10.0,48.87,0.6217,0.5248,LOCAL
3286,"Day 3, 06:46",20.72,5.0,47.39,6.04,9,-64.6,10.0,52.1,0.7423,0.4659,LOCAL
3287,"Day 3, 06:47",21.97,5.0,38.74,1.61,10,-63.6,10.0,54.13,0.7452,0.3793,LOCAL
3288,"Day 3, 06:48",17.74,5.0,43.13,7.75,5,-62.0,10.0,54.75,0.5919,0.5406,LOCAL
3289,"Day 3, 06:49",22.41,5.0,41.41,3.72,8,-60.1,10.0,55.23,0.6838,0.4459,LOCAL
3290,"Day 3, 06:50",21.92,5.0,36.18,3.54,6,-58.8,10.0,53.22,0.5962,0.4166,LOCAL
3291,"Day 3, 06:51",22.96,5.0,50.57,6.91,9,-59.9,10.0,47.99,0.7501,0.4436,LOCAL
3292,"Day 3, 06:52",24.11,5.0,35.86,1.64,4,-60.9,10.0,43.48,0.5218,0.2698,LOCAL
3293,"Day 3, 06:53",24.43,5.0,31.78,3.96,4,-63.2,10.0,39.84,0.5071,0.2978,LOCAL
3294,"Day 3, 06:54",20.64,5.0,29.2,4.41,3,-65.6,10.0,42.47,0.4687,0.3303,LOCAL
3295,"Day 3, 06:55",22.72,5.0,22.59,8.05,2,-63.3,10.0,40.2,0.4075,0.4028,LOCAL
3296,"Day 3, 06:56",23.23,5.0,33.22,3.89,8,-64.3,10.0,45.07,0.6539,0.3402,LOCAL
3297,"Day 3, 06:57",22.62,5.0,23.12,1.39,2,-66.8,10.0,41.55,0.4095,0.2473,LOCAL
3298,"Day 3, 06:58",21.46,5.0,47.12,8.25,9,-64.2,11.1,44.76,0.7402,0.4495,LOCAL
3299,"Day 3, 06:59",24.8,5.0,47.64,4.68,7,-66.3,10.0,48.18,0.6671,0.3898,LOCAL
3300,"Day 3, 07:00",22.8,5.0,35.15,8.56,1,-64.7,10.0,51.16,0.4163,0.5183,LOCAL
3301,"Day 3, 07:01",26.17,5.0,30.19,8.39,1,-65.4,10.0,54.41,0.3939,0.5524,LOCAL
3302,"Day 3, 07:02",28.26,5.0,29.35,2.85,7,-66.4,10.0,56.89,0.5978,0.4462,LOCAL
3303,"Day 3, 07:03",24.09,5.0,24.78,1.1,8,-65.9,10.4,58.86,0.6231,0.4313,LOCAL
3304,"Day 3, 07:04",26.36,5.0,42.51,6.5,10,-67.7,10.0,60.72,0.7517,0.5938,LOCAL
3305,"Day 3, 07:05",26.05,5.0,44.39,4.13,10,-69.7,10.0,58.48,0.7588,0.5005,LOCAL
3306,"Day 3, 07:06",27.59,5.0,64.11,9.47,9,-67.6,10.0,55.98,0.7905,0.5995,LOCAL
3307,"Day 3, 07:07",26.49,5.0,56.7,4.05,7,-68.8,12.2,55.96,0.6962,0.4699,LOCAL
3308,"Day 3, 07:08",26.85,5.0,40.8,6.75,2,-66.1,10.0,56.0,0.465,0.5317,LOCAL
3309,"Day 3, 07:09",28.93,5.0,39.91,4.9,7,-68.2,11.7,57.0,0.6338,0.5039,LOCAL
3310,"Day 3, 07:10",29.43,5.0,59.03,7.48,10,-68.0,10.4,56.18,0.805,0.5534,LOCAL
3311,"Day 3, 07:11",26.14,5.0,42.57,3.74,5,-65.4,10.0,56.38,0.5773,0.4615,LOCAL
3312,"Day 3, 07:12",26.39,5.0,48.53,6.0,8,-65.2,10.0,54.8,0.7028,0.4974,LOCAL
3313,"Day 3, 07:13",30.89,5.0,35.06,1.33,7,-65.7,10.0,58.48,0.6139,0.4305,LOCAL
3314,"Day 3, 07:14",28.65,5.0,36.12,5.79,6,-63.2,10.0,55.39,0.586,0.4997,LOCAL
3315,"Day 3, 07:15",30.73,5.0,29.46,1.17,9,-61.0,10.0,56.48,0.6645,0.3986,LOCAL
3316,"Day 3, 07:16",31.71,5.0,41.66,5.72,9,-61.8,10.0,58.58,0.7057,0.5417,LOCAL
3317,"Day 3, 07:17",33.12,5.01,28.45,2.53,3,-64.5,10.0,54.67,0.4474,0.409,LOCAL
3318,"Day 3, 07:18",32.91,5.0,42.94,9.2,6,-63.6,10.0,54.12,0.6034,0.569,LOCAL
3319,"Day 3, 07:19",34.49,5.01,35.61,8.13,1,-64.4,10.0,53.44,0.4004,0.534,LOCAL
3320,"Day 3, 07:20",33.37,5.0,36.94,4.94,7,-62.3,10.0,51.07,0.6167,0.4268,LOCAL
3321,"Day 3, 07:21",34.65,5.0,43.34,5.69,8,-62.4,10.0,53.25,0.6722,0.4706,LOCAL
3322,"Day 3, 07:22",30.55,5.0,35.74,3.17,7,-64.1,10.0,49.52,0.6168,0.3658,LOCAL
3323,"Day 3, 07:23",33.27,5.0,31.54,5.8,3,-63.0,10.0,49.73,0.458,0.4338,LOCAL
3324,"Day 3, 07:24",31.48,5.03,21.68,4.96,1,-60.7,10.0,51.58,0.3561,0.433,LOCAL
3325,"Day 3, 07:25",33.26,5.05,20.88,3.96,3,-63.2,10.0,50.4,0.4206,0.395,LOCAL
3326,"Day 3, 07:26",33.29,5.02,34.84,6.18,7,-61.3,10.0,45.92,0.6095,0.4054,LOCAL
3327,"Day 3, 07:27",33.21,5.03,27.27,4.73,3,-62.5,10.0,49.4,0.4431,0.4036,LOCAL
3328,"Day 3, 07:28",34.06,5.07,20.42,7.14,1,-63.6,10.0,51.73,0.3478,0.4892,LOCAL
3329,"Day 3, 07:29",37.88,5.06,31.51,6.29,7,-65.3,10.0,52.65,0.5909,0.4786,LOCAL
3330,"Day 3, 07:30",37.33,5.1,23.74,2.34,2,-66.8,11.4,54.24,0.3895,0.4031,LOCAL
3331,"Day 3, 07:31",37.02,5.1,22.23,1.27,7,-65.0,10.0,55.52,0.5596,0.3885,LOCAL
3332,"Day 3, 07:32",39.15,5.09,34.57,4.47,10,-64.4,10.0,53.73,0.7046,0.446,LOCAL
3333,"Day 3, 07:33",36.23,5.12,26.5,8.28,1,-65.2,10.0,53.62,0.3657,0.5399,LOCAL
3334,"Day 3, 07:34",36.89,5.09,34.55,3.78,10,-63.9,10.1,52.45,0.708,0.4137,LOCAL
3335,"Day 3, 07:35",35.51,5.07,42.36,7.14,7,-62.9,10.0,52.04,0.6324,0.4927,LOCAL
3336,"Day 3, 07:36",36.84,5.08,34.18,4.78,3,-61.5,10.0,51.65,0.4618,0.4293,LOCAL
3337,"Day 3, 07:37",39.87,5.09,33.68,4.7,4,-61.8,10.0,53.63,0.4904,0.4504,LOCAL
3338,"Day 3, 07:38",42.21,5.1,36.47,4.14,7,-64.0,10.0,57.35,0.6017,0.4848,LOCAL
3339,"Day 3, 07:39",40.31,5.11,37.88,8.73,3,-64.3,10.0,55.6,0.4694,0.576,LOCAL
3340,"Day 3, 07:40",38.27,5.12,38.24,4.46,4,-62.3,10.0,51.74,0.5088,0.4223,LOCAL
3341,"Day 3, 07:41",38.11,5.11,42.67,7.22,5,-61.6,10.0,47.35,0.5595,0.4451,LOCAL
3342,"Day 3, 07:42",42.47,5.15,29.68,2.61,3,-63.6,10.0,45.69,0.4374,0.3139,LOCAL
3343,"Day 3, 07:43",38.39,5.16,31.32,5.26,5,-62.0,10.0,49.06,0.5193,0.4133,LOCAL
3344,"Day 3, 07:44",42.31,5.16,41.77,8.65,6,-62.6,10.0,52.96,0.585,0.5413,LOCAL
3345,"Day 3, 07:45",39.55,5.14,50.02,9.24,6,-63.0,10.0,56.59,0.618,0.6018,LOCAL
3346,"Day 3, 07:46",44.62,5.14,46.37,7.47,6,-64.9,10.0,54.76,0.5977,0.5338,LOCAL
3347,"Day 3, 07:47",41.57,5.13,39.51,1.79,9,-64.2,10.0,53.82,0.6832,0.3801,LOCAL
3348,"Day 3, 07:48",44.18,5.1,55.37,7.96,9,-64.8,10.0,56.52,0.7349,0.5688,LOCAL
3349,"Day 3, 07:49",41.98,5.11,39.85,2.81,5,-67.2,12.1,53.81,0.5439,0.4113,LOCAL
3350,"Day 3, 07:50",43.39,5.12,38.46,5.37,6,-65.6,10.0,48.82,0.5719,0.4136,LOCAL
3351,"Day 3, 07:51",41.9,5.16,30.47,4.91,2,-66.0,10.0,51.39,0.4061,0.4297,LOCAL
3352,"Day 3, 07:52",47.0,5.2,25.83,2.62,5,-65.1,10.0,54.31,0.4871,0.4069,LOCAL
3353,"Day 3, 07:53",43.78,5.22,25.81,3.54,7,-64.4,10.0,57.5,0.5618,0.4718,LOCAL
3354,"Day 3, 07:54",45.06,5.2,49.91,7.72,10,-63.2,10.0,55.37,0.7493,0.5477,LOCAL
3355,"Day 3, 07:55",45.22,5.2,49.61,6.69,6,-61.9,10.0,57.2,0.608,0.5464,LOCAL
3356,"Day 3, 07:56",47.5,5.18,58.53,7.94,8,-63.5,10.0,57.04,0.7058,0.5754,LOCAL
3357,"Day 3, 07:57",46.77,5.18,48.08,3.01,8,-64.9,10.0,52.74,0.6704,0.3976,LOCAL
3358,"Day 3, 07:58",47.39,5.18,49.88,7.35,6,-62.8,10.0,52.99,0.6057,0.509,LOCAL
3359,"Day 3, 07:59",49.2,5.2,36.99,2.12,8,-61.6,10.0,50.53,0.6279,0.3503,LOCAL
3360,"Day 3, 08:00",47.98,5.23,37.23,3.44,6,-60.0,10.0,55.35,0.5605,0.4404,LOCAL
3361,"Day 3, 08:01",47.89,5.29,32.32,8.27,1,-58.2,10.0,54.83,0.3684,0.5546,LOCAL
3362,"Day 3, 08:02",49.94,5.31,40.64,7.78,6,-57.1,10.0,58.56,0.5694,0.5929,LOCAL
3363,"Day 3, 08:03",49.46,5.33,44.83,7.94,6,-57.7,10.0,57.94,0.5847,0.588,LOCAL
3364,"Day 3, 08:04",50.88,5.37,39.83,5.11,4,-57.2,10.0,59.74,0.495,0.5437,LOCAL
3365,"Day 3, 08:05",51.76,5.43,35.36,6.38,3,-59.2,10.0,59.82,0.443,0.5767,LOCAL
3366,"Day 3, 08:06",50.83,5.47,34.37,4.11,5,-60.4,10.0,55.52,0.5108,0.4594,LOCAL
3367,"Day 3, 08:07",51.45,5.52,28.41,2.21,6,-61.1,10.0,57.16,0.524,0.4339,LOCAL
3368,"Day 3, 08:08",52.84,5.58,26.84,4.03,3,-63.8,10.0,57.89,0.4113,0.4895,LOCAL
3369,"Day 3, 08:09",52.16,5.62,33.97,5.3,7,-66.4,10.9,58.68,0.5772,0.5353,LOCAL
3370,"Day 3, 08:10",50.38,5.61,50.8,6.7,10,-64.3,10.0,53.39,0.7438,0.4975,LOCAL
3371,"Day 3, 08:11",54.19,5.62,52.82,5.8,9,-66.1,10.0,55.16,0.7101,0.4971,LOCAL
3372,"Day 3, 08:12",50.18,5.62,51.34,5.27,8,-67.3,10.0,51.33,0.676,0.4379,LOCAL
3373,"Day 3, 08:13",53.6,5.65,46.95,5.29,6,-68.5,10.0,54.34,0.5855,0.474,LOCAL
3374,"Day 3, 08:14",49.69,5.72,30.28,1.89,1,-66.4,10.0,58.22,0.3579,0.4408,LOCAL
3375,"Day 3, 08:15",52.77,5.73,45.63,7.84,8,-65.2,10.0,58.52,0.6519,0.5938,LOCAL
3376,"Day 3, 08:16",53.55,5.79,39.08,5.75,3,-67.0,10.0,56.37,0.4528,0.5116,LOCAL
3377,"Day 3, 08:17",51.0,5.85,27.47,2.02,3,-69.2,10.0,59.32,0.4159,0.4601,LOCAL
3378,"Day 3, 08:18",54.26,5.93,24.01,1.18,3,-70.8,10.0,59.13,0.3988,0.4363,LOCAL
3379,"Day 3, 08:19",53.77,5.98,27.87,4.65,6,-69.3,10.5,62.23,0.5179,0.5737,LOCAL
3380,"Day 3, 08:20",54.88,6.04,30.73,4.57,5,-70.9,10.3,57.09,0.4912,0.4927,LOCAL
3381,"Day 3, 08:21",53.57,6.1,31.99,5.29,5,-68.8,10.0,52.26,0.4974,0.449,LOCAL
3382,"Day 3, 08:22",55.23,6.16,31.3,4.03,5,-69.7,10.0,47.97,0.4925,0.3714,LOCAL
3383,"Day 3, 08:23",52.8,6.24,21.81,1.21,1,-71.2,10.0,53.04,0.3228,0.3562,LOCAL
3384,"Day 3, 08:24",58.81,6.32,28.21,7.72,5,-69.5,10.0,52.44,0.476,0.5119,LOCAL
3385,"Day 3, 08:25",53.97,6.37,24.19,1.94,8,-71.5,12.3,54.64,0.5742,0.4004,LOCAL
3386,"Day 3, 08:26",58.73,6.46,21.2,2.57,4,-72.2,10.8,49.09,0.4164,0.3488,LOCAL
3387,"Day 3, 08:27",55.62,6.56,20.76,7.44,1,-72.8,11.1,46.11,0.3144,0.4416,LOCAL
3388,"Day 3, 08:28",54.24,6.64,20.75,4.71,3,-72.5,10.0,49.5,0.3863,0.4041,LOCAL
3389,"Day 3, 08:29",58.17,6.74,22.24,5.62,2,-70.4,10.0,53.5,0.3505,0.4719,LOCAL
3390,"Day 3, 08:30",56.89,6.78,28.21,2.66,10,-69.9,10.0,53.54,0.6532,0.3984,LOCAL
3391,"Day 3, 08:31",60.44,6.85,36.66,8.97,5,-71.4,10.0,51.11,0.5024,0.528,LOCAL
3392,"Day 3, 08:32",55.71,6.9,39.99,5.6,5,-70.0,10.0,48.62,0.5211,0.4172,LOCAL
3393,"Day 3, 08:33",60.97,7.0,27.02,3.96,1,-67.8,10.0,46.47,0.3276,0.355,LOCAL
3394,"Day 3, 08:34",56.33,7.08,28.77,8.39,3,-68.2,10.0,47.18,0.4106,0.4726,LOCAL
3395,"Day 3, 08:35",56.53,7.1,46.35,6.17,10,-69.6,13.3,44.28,0.7168,0.3995,LOCAL
3396,"Day 3, 08:36",62.72,7.16,44.32,5.07,6,-71.1,10.0,44.76,0.5603,0.3669,LOCAL
3397,"Day 3, 08:37",60.25,7.18,47.72,3.84,10,-71.4,10.0,50.26,0.7159,0.3905,LOCAL
3398,"Day 3, 08:38",57.99,7.24,41.03,6.27,4,-70.1,10.0,48.38,0.4858,0.4315,LOCAL
3399,"Day 3, 08:39",61.7,7.28,49.36,4.41,9,-70.2,10.0,44.99,0.6843,0.3525,LOCAL
3400,"Day 3, 08:40",60.76,7.36,33.37,3.06,3,-68.5,10.0,47.97,0.4196,0.3472,LOCAL
3401,"Day 3, 08:41",61.69,7.46,27.61,3.17,2,-67.3,10.8,50.53,0.3629,0.3789,LOCAL
3402,"Day 3, 08:42",63.55,7.56,25.71,4.63,4,-65.6,10.0,51.82,0.4233,0.4275,LOCAL
3403,"Day 3, 08:43",60.86,7.61,33.63,3.03,10,-64.4,10.0,55.18,0.665,0.4281,LOCAL
3404,"Day 3, 08:44",64.86,7.63,56.48,7.98,10,-66.1,12.1,55.3,0.7389,0.5594,LOCAL
3405,"Day 3, 08:45",64.96,7.7,46.13,4.77,5,-65.6,10.0,54.57,0.5275,0.4638,LOCAL
3406,"Day 3, 08:46",64.12,7.75,43.09,3.75,9,-67.8,10.0,53.33,0.658,0.4232,LOCAL
3407,"Day 3, 08:47",64.7,7.79,55.88,8.28,8,-67.3,10.0,49.87,0.6669,0.4973,LOCAL
3408,"Day 3, 08:48",65.57,7.88,37.63,2.84,4,-68.2,10.0,45.07,0.4616,0.314,LOCAL
3409,"Day 3, 08:49",65.03,7.97,37.43,7.98,4,-68.2,11.0,44.43,0.4615,0.4396,LOCAL
3410,"Day 3, 08:50",63.07,8.06,29.79,5.42,3,-68.8,10.0,50.05,0.4026,0.4277,LOCAL
3411,"Day 3, 08:51",67.08,8.16,31.35,6.17,4,-67.6,10.0,52.28,0.4369,0.4712,LOCAL
3412,"Day 3, 08:52",61.98,8.25,25.07,1.89,5,-69.4,10.0,47.81,0.4574,0.3163,LOCAL
3413,"Day 3, 08:53",65.43,8.35,30.6,9.94,3,-67.8,10.0,48.27,0.4014,0.5222,LOCAL
3414,"Day 3, 08:54",63.82,8.38,56.17,9.23,10,-67.8,10.3,46.5,0.7383,0.4878,LOCAL
3415,"Day 3, 08:55",63.59,8.41,51.33,3.62,10,-68.3,10.8,50.04,0.7217,0.385,LOCAL
3416,"Day 3, 08:56",64.17,8.47,42.27,1.64,8,-69.6,10.0,47.6,0.619,0.308,LOCAL
3417,"Day 3, 08:57",65.85,8.49,62.53,9.0,10,-69.2,10.7,44.53,0.7573,0.4651,LOCAL
3418,"Day 3, 08:58",65.56,8.49,75.39,9.97,10,-68.3,10.0,46.23,0.8028,0.503,LOCAL
3419,"Day 3, 08:59",67.36,8.5,75.2,6.16,10,-70.0,10.0,42.1,0.7994,0.371,LOCAL
3420,"Day 3, 09:00",67.81,8.55,60.7,3.98,8,-69.9,10.0,48.0,0.6779,0.3705,LOCAL
3421,"Day 3, 09:01",69.43,8.6,48.78,1.97,9,-69.6,10.3,45.06,0.6687,0.2929,LOCAL
3422,"Day 3, 09:02",67.55,8.67,48.66,6.83,6,-71.5,10.0,43.54,0.566,0.4,LOCAL
3423,"Day 3, 09:03",70.45,8.74,44.29,2.17,8,-71.1,10.0,48.7,0.6162,0.3323,LOCAL
3424,"Day 3, 09:04",67.05,8.8,51.53,6.95,8,-69.6,11.8,51.65,0.6466,0.4887,LOCAL
3425,"Day 3, 09:05",67.24,8.91,34.27,1.54,1,-70.8,10.0,47.31,0.3407,0.3026,LOCAL
3426,"Day 3, 09:06",70.7,9.0,39.86,5.46,6,-68.1,10.0,46.0,0.53,0.3881,LOCAL
3427,"Day 3, 09:07",67.43,9.1,33.22,4.63,3,-69.4,10.0,43.17,0.4065,0.3418,LOCAL
3428,"Day 3, 09:08",66.77,9.18,40.13,4.71,6,-68.0,10.0,44.17,0.5365,0.3526,LOCAL
3429,"Day 3, 09:09",69.66,9.27,36.09,4.31,6,-69.7,12.3,46.41,0.5179,0.3699,LOCAL
3430,"Day 3, 09:10",69.18,9.38,28.2,1.47,5,-70.9,11.7,43.43,0.4558,0.2699,LOCAL
3431,"Day 3, 09:11",70.76,9.49,27.28,4.3,4,-69.4,10.0,43.09,0.4151,0.3329,LOCAL
3432,"Day 3, 09:12",72.88,9.62,28.8,8.2,3,-68.4,10.9,40.3,0.382,0.41,LOCAL
3433,"Day 3, 09:13",70.19,9.68,47.53,7.6,10,-68.3,10.0,36.85,0.6966,0.3663,LOCAL
3434,"Day 3, 09:14",69.42,9.75,49.89,8.49,6,-67.2,13.1,38.49,0.5659,0.4095,LOCAL
3435,"Day 3, 09:15",72.29,9.82,44.26,3.77,9,-66.3,10.0,36.09,0.6467,0.2651,LOCAL
3436,"Day 3, 09:16",74.36,9.93,44.54,8.08,4,-63.8,10.0,35.59,0.4695,0.3694,LOCAL
3437,"Day 3, 09:17",73.54,9.99,51.69,6.16,10,-66.3,10.6,33.91,0.7056,0.3116,LOCAL
3438,"Day 3, 09:18",73.62,10.07,48.2,4.32,7,-64.2,10.0,32.13,0.5882,0.2524,LOCAL
3439,"Day 3, 09:19",75.18,10.2,33.08,1.69,2,-63.8,10.0,34.14,0.3577,0.1998,LOCAL
3440,"Day 3, 09:20",72.07,10.35,21.39,1.96,1,-62.3,10.0,37.85,0.2862,0.2326,LOCAL
3441,"Day 3, 09:21",75.0,10.47,29.84,6.92,4,-62.9,10.0,43.07,0.4162,0.3982,LOCAL
3442,"Day 3, 09:22",73.49,10.55,45.27,7.88,8,-62.0,10.0,40.28,0.6124,0.3992,LOCAL
3443,"Day 3, 09:23",70.65,10.65,45.67,9.52,4,-62.2,10.0,40.41,0.4779,0.4412,LOCAL
3444,"Day 3, 09:24",73.38,10.77,33.28,5.34,2,-63.9,10.0,44.48,0.3603,0.3711,LOCAL
3445,"Day 3, 09:25",72.9,10.83,56.87,9.87,8,-66.0,10.0,46.08,0.6534,0.4991,LOCAL
3446,"Day 3, 09:26",71.72,10.92,42.67,2.58,7,-65.9,10.0,49.57,0.5704,0.3516,LOCAL
3447,"Day 3, 09:27",74.26,11.03,36.4,2.49,4,-68.0,10.0,50.19,0.4394,0.3559,LOCAL
3448,"Day 3, 09:28",74.45,11.14,31.01,2.2,8,-70.1,10.4,53.49,0.5602,0.3874,LOCAL
3449,"Day 3, 09:29",72.45,11.25,28.39,2.85,6,-68.4,10.0,57.49,0.4838,0.4544,LOCAL
3450,"Day 3, 09:30",74.55,11.32,50.37,8.06,9,-67.6,10.0,61.09,0.6625,0.6387,LOCAL
3451,"Day 3, 09:31",78.23,11.46,35.86,1.08,1,-68.5,10.0,62.92,0.326,0.4948,LOCAL
3452,"Day 3, 09:32",75.52,11.59,30.96,3.36,4,-67.0,10.0,56.79,0.4177,0.4575,LOCAL
3453,"Day 3, 09:33",76.65,11.7,21.92,1.15,9,-66.8,10.0,56.98,0.5592,0.4049,LOCAL
3454,"Day 3, 09:34",78.73,11.87,16.29,2.73,2,-68.5,10.0,56.52,0.2911,0.4382,LOCAL
3455,"Day 3, 09:35",75.42,12.03,15.78,9.98,1,-69.0,10.0,52.13,0.2591,0.5648,LOCAL
3456,"Day 3, 09:36",79.65,12.14,35.12,6.2,9,-69.4,10.0,48.62,0.6002,0.4322,LOCAL
3457,"Day 3, 09:37",75.78,12.28,28.87,3.99,3,-68.3,10.0,49.98,0.374,0.3912,LOCAL
3458,"Day 3, 09:38",78.77,12.37,45.85,7.52,8,-66.3,10.0,51.18,0.6038,0.4926,LOCAL
3459,"Day 3, 09:39",77.59,12.52,34.14,4.37,1,-67.7,10.0,52.34,0.3193,0.4269,LOCAL
3460,"Day 3, 09:40",77.4,12.62,37.81,3.87,8,-69.3,10.0,48.07,0.5773,0.3684,LOCAL
3461,"Day 3, 09:41",76.75,12.76,29.83,6.32,1,-66.8,10.0,47.31,0.3051,0.4222,LOCAL
3462,"Day 3, 09:42",78.68,12.87,42.62,9.03,6,-67.2,10.0,50.96,0.5218,0.5278,LOCAL
3463,"Day 3, 09:43",80.93,13.01,39.41,9.16,4,-65.8,10.0,47.95,0.437,0.4995,LOCAL
3464,"Day 3, 09:44",79.71,13.1,54.51,9.34,7,-63.6,11.1,44.27,0.5966,0.4723,LOCAL
3465,"Day 3, 09:45",77.31,13.17,59.0,7.9,7,-64.1,10.0,40.15,0.6158,0.3987,LOCAL
3466,"Day 3, 09:46",80.63,13.27,57.43,8.91,5,-63.4,10.0,41.34,0.5352,0.4335,LOCAL
3467,"Day 3, 09:47",81.94,13.39,46.82,4.53,5,-63.1,10.0,43.79,0.4959,0.3447,LOCAL
3468,"Day 3, 09:48",82.02,13.51,32.68,1.54,9,-64.0,10.0,42.56,0.5861,0.2593,LOCAL
3469,"Day 3, 09:49",77.41,13.62,32.68,3.41,8,-61.9,10.0,46.95,0.5578,0.3458,LOCAL
3470,"Day 3, 09:50",83.03,13.78,29.2,8.89,2,-60.2,10.0,49.96,0.327,0.5135,LOCAL
3471,"Day 3, 09:51",78.35,13.91,38.19,8.98,4,-58.8,10.0,53.38,0.4353,0.5545,LOCAL
3472,"Day 3, 09:52",82.28,14.04,28.94,1.12,7,-59.7,10.0,55.37,0.5018,0.3827,LOCAL
3473,"Day 3, 09:53",81.63,14.2,27.46,4.74,2,-58.3,10.0,57.28,0.3224,0.4988,LOCAL
3474,"Day 3, 09:54",83.56,14.3,53.29,9.87,9,-60.6,10.0,52.29,0.6547,0.5639,LOCAL
3475,"Day 3, 09:55",83.87,14.4,56.89,7.05,7,-61.6,10.0,51.56,0.5967,0.4851,LOCAL
3476,"Day 3, 09:56",80.06,14.53,44.43,3.47,2,-61.7,10.0,54.32,0.3836,0.4282,LOCAL
3477,"Day 3, 09:57",83.15,14.62,55.08,7.94,8,-60.9,10.0,50.51,0.6261,0.4957,LOCAL
3478,"Day 3, 09:58",83.79,14.78,37.13,2.94,2,-61.7,12.2,50.63,0.3521,0.3781,LOCAL
3479,"Day 3, 09:59",80.04,14.92,27.72,1.98,4,-61.6,10.0,51.0,0.3946,0.3521,LOCAL
3480,"Day 3, 10:00",84.53,15.03,47.39,6.76,9,-62.1,10.0,53.42,0.6315,0.4994,LOCAL
3481,"Day 3, 10:01",82.99,15.16,37.43,1.48,6,-64.8,10.0,48.74,0.4938,0.3155,LOCAL
3482,"Day 3, 10:02",84.34,15.3,37.55,6.62,4,-63.2,10.0,44.22,0.422,0.4007,LOCAL
3483,"Day 3, 10:03",80.36,15.43,30.05,1.63,6,-64.3,10.0,45.64,0.4715,0.2889,LOCAL
3484,"Day 3, 10:04",81.5,15.54,38.76,5.0,9,-66.8,10.0,46.32,0.6051,0.3796,LOCAL
3485,"Day 3, 10:05",85.38,15.69,37.48,5.97,4,-68.5,10.0,51.13,0.4196,0.4533,LOCAL
3486,"Day 3, 10:06",81.69,15.84,28.85,1.73,3,-69.8,10.0,49.4,0.3597,0.3285,LOCAL
3487,"Day 3, 10:07",84.05,15.93,53.16,7.12,10,-70.8,10.0,50.27,0.6861,0.4725,LOCAL
3488,"Day 3, 10:08",84.08,16.1,32.11,2.87,1,-70.8,10.0,49.74,0.2971,0.3607,LOCAL
3489,"Day 3, 10:09",85.51,16.2,49.44,6.32,9,-70.0,10.0,50.87,0.6355,0.4591,LOCAL
3490,"Day 3, 10:10",84.54,16.34,39.32,2.79,5,-71.8,10.0,50.22,0.4613,0.3638,LOCAL
3491,"Day 3, 10:11",85.27,16.51,28.86,1.08,2,-73.4,10.0,46.96,0.3183,0.2877,LOCAL
3492,"Day 3, 10:12",83.41,16.6,47.57,7.15,10,-73.6,10.0,44.88,0.6665,0.42,LOCAL
3493,"Day 3, 10:13",84.52,16.72,47.54,7.72,6,-73.3,10.0,45.53,0.5245,0.4402,LOCAL
3494,"Day 3, 10:14",84.12,16.83,55.77,9.43,7,-70.6,10.6,49.86,0.5888,0.5276,LOCAL
3495,"Day 3, 10:15",84.12,16.94,54.21,5.93,6,-67.8,10.0,48.62,0.5482,0.4255,LOCAL
3496,"Day 3, 10:16",85.64,17.06,51.55,8.66,4,-65.9,10.0,51.95,0.4664,0.5298,LOCAL
3497,"Day 3, 10:17",83.86,17.16,51.69,5.03,9,-63.6,10.0,51.76,0.6444,0.4368,LOCAL
3498,"Day 3, 10:18",83.86,17.26,53.35,5.39,8,-63.5,10.0,49.96,0.615,0.426,LOCAL
3499,"Day 3, 10:19",87.94,17.4,48.75,8.73,4,-63.0,10.0,46.89,0.4526,0.4783,LOCAL
3500,"Day 3, 10:20",83.99,17.54,37.37,3.64,5,-64.1,10.0,50.25,0.4535,0.3853,LOCAL
3501,"Day 3, 10:21",87.54,17.67,36.92,3.87,8,-62.2,10.0,51.18,0.5514,0.4012,LOCAL
3502,"Day 3, 10:22",86.85,17.82,30.17,2.46,7,-60.8,10.0,50.17,0.4936,0.355,LOCAL
3503,"Day 3, 10:23",85.18,17.96,38.19,8.09,5,-59.5,10.0,49.89,0.454,0.4927,LOCAL
3504,"Day 3, 10:24",88.09,18.07,54.87,9.82,8,-59.1,10.0,50.79,0.6128,0.5458,LOCAL
3505,"Day 3, 10:25",85.79,18.18,41.14,2.19,10,-57.6,10.0,46.55,0.6381,0.3116,LOCAL
3506,"Day 3, 10:26",86.88,18.33,41.44,9.53,4,-60.4,10.0,49.93,0.4272,0.5292,LOCAL
3507,"Day 3, 10:27",86.23,18.45,44.53,7.01,7,-62.2,10.0,45.28,0.5438,0.4201,LOCAL
3508,"Day 3, 10:28",89.5,18.61,34.46,3.38,5,-64.7,10.0,42.19,0.4334,0.3022,LOCAL
3509,"Day 3, 10:29",87.44,18.74,46.12,7.02,7,-66.1,10.0,46.67,0.5472,0.4334,LOCAL
3510,"Day 3, 10:30",86.43,18.91,33.29,4.26,1,-66.8,10.0,50.87,0.2935,0.4076,LOCAL
3511,"Day 3, 10:31",90.33,19.04,35.23,3.93,10,-66.8,10.0,53.33,0.6092,0.4276,LOCAL
3512,"Day 3, 10:32",87.61,19.23,25.26,2.77,1,-65.7,10.0,49.18,0.2632,0.3522,LOCAL
3513,"Day 3, 10:33",87.04,19.38,24.81,1.51,8,-64.8,10.0,52.21,0.5072,0.354,LOCAL
3514,"Day 3, 10:34",87.86,19.5,39.99,5.5,10,-64.4,10.0,56.45,0.6289,0.5064,LOCAL
3515,"Day 3, 10:35",88.98,19.67,31.09,2.43,4,-66.2,10.0,57.92,0.3858,0.45,LOCAL
3516,"Day 3, 10:36",89.25,19.83,25.94,1.71,5,-67.8,10.0,58.61,0.4022,0.4419,LOCAL
3517,"Day 3, 10:37",88.37,19.93,57.0,9.36,10,-65.7,10.0,53.33,0.687,0.5633,LOCAL
3518,"Day 3, 10:38",87.42,20.08,42.06,1.22,4,-65.2,10.0,56.26,0.426,0.3969,LOCAL
3519,"Day 3, 10:39",86.6,20.23,40.9,9.07,4,-63.9,10.0,52.9,0.4229,0.5509,LOCAL
3520,"Day 3, 10:40",90.32,20.37,42.39,6.82,6,-64.3,10.0,50.04,0.4923,0.4626,LOCAL
3521,"Day 3, 10:41",92.03,20.53,32.11,1.12,7,-62.8,10.0,54.96,0.4886,0.3774,LOCAL
3522,"Day 3, 10:42",86.73,20.71,27.43,6.94,2,-64.2,10.0,52.82,0.3049,0.4969,LOCAL
3523,"Day 3, 10:43",89.64,20.9,23.32,4.23,1,-65.6,10.0,52.48,0.2508,0.4251,LOCAL
3524,"Day 3, 10:44",90.72,21.02,43.02,6.08,10,-67.9,11.2,50.65,0.633,0.454,LOCAL
3525,"Day 3, 10:45",89.03,21.14,49.28,5.88,10,-68.9,11.2,51.28,0.6572,0.456,LOCAL
3526,"Day 3, 10:46",92.38,21.32,34.29,5.69,2,-67.5,10.0,49.68,0.3195,0.4305,LOCAL
3527,"Day 3, 10:47",88.37,21.48,31.8,4.32,5,-66.0,10.0,46.74,0.4215,0.3666,LOCAL
3528,"Day 3, 10:48",92.22,21.63,27.78,1.75,10,-65.3,10.0,48.03,0.5765,0.315,LOCAL
3529,"Day 3, 10:49",93.14,21.8,27.22,3.09,6,-65.6,10.0,47.83,0.4328,0.3465,LOCAL
3530,"Day 3, 10:50",89.76,21.97,25.03,2.5,5,-63.5,10.0,45.76,0.395,0.3118,LOCAL
3531,"Day 3, 10:51",91.5,22.17,19.92,1.38,2,-61.3,10.0,42.22,0.2692,0.2525,LOCAL
3532,"Day 3, 10:52",93.26,22.32,42.86,8.61,8,-61.7,10.0,41.74,0.5566,0.4292,LOCAL
3533,"Day 3, 10:53",92.26,22.45,45.38,5.84,8,-60.5,10.0,38.97,0.5668,0.338,LOCAL
3534,"Day 3, 10:54",90.82,22.61,40.32,4.85,5,-58.9,10.0,40.35,0.446,0.324,LOCAL
3535,"Day 3, 10:55",89.27,22.73,41.99,4.25,10,-60.6,10.0,42.33,0.629,0.3252,LOCAL
3536,"Day 3, 10:56",91.75,22.88,43.11,6.67,6,-59.3,10.0,44.82,0.4889,0.4074,LOCAL
3537,"Day 3, 10:57",89.43,23.05,33.41,3.93,2,-61.7,10.2,47.48,0.3182,0.3646,LOCAL
3538,"Day 3, 10:58",89.4,23.24,25.33,4.59,2,-61.6,10.0,46.05,0.2897,0.3667,LOCAL
3539,"Day 3, 10:59",90.95,23.39,32.83,4.96,8,-59.8,10.0,51.02,0.5234,0.4268,LOCAL
3540,"Day 3, 11:00",89.01,23.53,29.71,1.13,10,-61.4,10.0,50.36,0.5852,0.3238,LOCAL
3541,"Day 3, 11:01",88.96,23.69,33.73,8.23,3,-63.7,10.0,49.99,0.3541,0.4973,LOCAL
3542,"Day 3, 11:02",89.99,23.85,28.0,1.37,8,-62.9,10.0,48.16,0.5072,0.3068,LOCAL
3543,"Day 3, 11:03",92.97,24.03,29.23,5.14,4,-64.4,10.0,50.64,0.3668,0.4271,LOCAL
3544,"Day 3, 11:04",90.66,24.19,28.88,2.93,7,-66.2,10.0,55.03,0.4738,0.4236,LOCAL
3545,"Day 3, 11:05",90.76,24.35,34.87,5.51,6,-67.0,11.2,51.26,0.4594,0.4466,LOCAL
3546,"Day 3, 11:06",91.89,24.51,34.57,3.58,6,-67.4,10.0,53.15,0.4564,0.4168,LOCAL
3547,"Day 3, 11:07",92.26,24.71,22.98,2.35,1,-66.2,10.0,53.06,0.24,0.3849,LOCAL
3548,"Day 3, 11:08",94.72,24.91,22.96,2.59,3,-66.1,10.0,52.31,0.3059,0.3821,LOCAL
3549,"Day 3, 11:09",90.55,25.09,27.54,8.66,3,-64.1,11.5,47.36,0.3279,0.4852,LOCAL
3550,"Day 3, 11:10",93.64,25.25,36.3,5.3,7,-61.8,10.0,47.62,0.4937,0.3996,LOCAL
3551,"Day 3, 11:11",94.78,25.43,36.29,7.93,3,-62.9,10.0,45.85,0.3517,0.4484,LOCAL
3552,"Day 3, 11:12",92.03,25.62,27.08,2.93,3,-65.5,10.0,45.54,0.3233,0.3205,LOCAL
3553,"Day 3, 11:13",93.06,25.81,25.52,3.68,3,-67.4,10.0,48.0,0.316,0.3629,LOCAL
3554,"Day 3, 11:14",91.69,25.93,48.61,8.07,10,-68.3,10.0,50.59,0.6437,0.4998,LOCAL
3555,"Day 3, 11:15",90.26,26.08,47.62,9.44,3,-68.1,10.8,52.13,0.3972,0.5534,LOCAL
3556,"Day 3, 11:16",95.99,26.23,46.92,6.3,7,-65.4,10.0,50.42,0.5259,0.4536,LOCAL
3557,"Day 3, 11:17",90.98,26.39,42.36,8.0,4,-63.0,10.0,46.2,0.4122,0.4534,LOCAL
3558,"Day 3, 11:18",95.32,26.56,34.81,4.07,6,-63.1,10.0,46.7,0.449,0.36,LOCAL
3559,"Day 3, 11:19",91.99,26.74,32.0,3.64,3,-62.6,10.0,49.69,0.3389,0.3793,LOCAL
3560,"Day 3, 11:20",93.68,26.9,38.34,5.59,6,-63.7,10.0,48.71,0.4633,0.4179,LOCAL
3561,"Day 3, 11:21",94.68,27.05,43.93,4.41,8,-64.4,10.7,48.11,0.5512,0.3844,LOCAL
3562,"Day 3, 11:22",95.5,27.2,41.95,3.53,8,-65.0,10.0,49.79,0.5428,0.3776,LOCAL
3563,"Day 3, 11:23",95.91,27.34,51.05,8.95,7,-62.9,10.0,48.93,0.5388,0.5042,LOCAL
3564,"Day 3, 11:24",95.93,27.49,43.93,3.24,8,-62.8,10.0,44.15,0.5486,0.3157,LOCAL
3565,"Day 3, 11:25",92.15,27.68,34.15,9.09,1,-63.1,10.0,41.48,0.2748,0.4391,LOCAL
3566,"Day 3, 11:26",95.08,27.83,47.44,9.47,6,-61.2,10.0,41.35,0.4917,0.4476,LOCAL
3567,"Day 3, 11:27",95.7,27.97,55.39,9.29,7,-59.1,10.0,41.7,0.5534,0.446,LOCAL
3568,"Day 3, 11:28",94.35,28.11,46.94,3.03,8,-59.3,10.0,43.72,0.5606,0.3066,LOCAL
3569,"Day 3, 11:29",91.59,28.22,59.84,7.78,9,-59.0,10.0,46.87,0.6447,0.4544,LOCAL
3570,"Day 3, 11:30",92.75,28.33,61.34,6.24,9,-58.1,10.0,43.4,0.6481,0.3841,LOCAL
3571,"Day 3, 11:31",92.49,28.47,51.33,5.64,5,-58.0,10.0,49.37,0.4732,0.426,LOCAL
3572,"Day 3, 11:32",92.17,28.63,47.49,7.63,4,-56.9,10.0,45.21,0.425,0.435,LOCAL
3573,"Day 3, 11:33",92.17,28.76,50.56,6.41,7,-57.4,10.0,41.13,0.5406,0.3692,LOCAL
3574,"Day 3, 11:34",92.8,28.91,47.52,8.23,4,-57.5,10.0,44.98,0.4238,0.4478,LOCAL
3575,"Day 3, 11:35",94.07,29.03,55.54,6.69,10,-57.4,10.0,46.22,0.6597,0.4208,LOCAL
3576,"Day 3, 11:36",96.3,29.21,39.43,2.59,3,-60.4,10.0,44.85,0.3547,0.3057,LOCAL
3577,"Day 3, 11:37",93.0,29.38,36.64,4.73,5,-59.5,10.0,44.61,0.4197,0.357,LOCAL
3578,"Day 3, 11:38",97.51,29.57,32.37,3.05,5,-60.4,10.0,42.18,0.3977,0.294,LOCAL
3579,"Day 3, 11:39",94.44,29.75,30.12,4.93,4,-60.9,10.0,44.51,0.3591,0.3611,LOCAL
3580,"Day 3, 11:40",97.39,29.92,32.18,3.98,8,-61.3,10.0,44.92,0.5017,0.341,LOCAL
3581,"Day 3, 11:41",91.91,30.1,32.17,8.51,3,-59.6,10.0,43.71,0.3346,0.4435,LOCAL
3582,"Day 3, 11:42",96.23,30.3,28.54,5.27,3,-59.3,10.0,47.04,0.3151,0.3932,LOCAL
3583,"Day 3, 11:43",96.19,30.44,44.23,5.54,10,-58.2,10.0,43.53,0.6149,0.3677,OFFLOAD
3584,"Day 3, 11:44",97.47,30.64,35.85,2.64,5,-59.6,10.0,46.32,0.4083,0.3206,OFFLOAD
3585,"Day 3, 11:45",92.9,30.84,30.77,4.44,3,-61.2,10.0,44.29,0.3271,0.3469,LOCAL
3586,"Day 3, 11:46",91.93,31.02,26.79,4.12,4,-62.5,10.1,49.54,0.3493,0.3901,LOCAL
3587,"Day 3, 11:47",93.42,31.21,25.2,4.58,4,-61.0,10.0,52.28,0.3413,0.4315,LOCAL
3588,"Day 3, 11:48",95.96,31.41,26.06,5.11,4,-61.4,10.0,47.51,0.3402,0.3938,LOCAL
3589,"Day 3, 11:49",92.42,31.56,30.48,3.37,8,-62.2,10.0,52.03,0.5007,0.3984,OFFLOAD
3590,"Day 3, 11:50",94.36,31.77,30.85,5.01,5,-63.8,10.0,56.58,0.3938,0.4959,LOCAL
3591,"Day 3, 11:51",96.94,31.96,22.5,1.14,6,-66.0,10.0,59.01,0.3954,0.4335,LOCAL
3592,"Day 3, 11:52",93.44,32.12,26.35,2.31,9,-66.6,10.0,52.74,0.5189,0.3801,OFFLOAD
3593,"Day 3, 11:53",96.36,32.34,23.02,10.0,1,-68.1,11.1,56.2,0.2225,0.6188,LOCAL
3594,"Day 3, 11:54",94.89,32.5,40.62,9.72,7,-66.4,12.7,51.28,0.4961,0.5564,LOCAL
3595,"Day 3, 11:55",96.62,32.69,28.47,3.19,4,-65.5,10.0,47.91,0.3457,0.3499,LOCAL
3596,"Day 3, 11:56",94.35,32.84,45.19,9.7,7,-65.2,11.9,52.03,0.5124,0.562,LOCAL
3597,"Day 3, 11:57",96.9,33.02,40.14,8.99,3,-64.8,10.0,49.48,0.3506,0.5109,LOCAL
3598,"Day 3, 11:58",95.16,33.17,41.25,3.91,8,-67.3,10.0,50.6,0.5319,0.3959,LOCAL
3599,"Day 3, 11:59",96.63,33.37,31.56,2.53,2,-65.1,10.0,47.38,0.2855,0.3281,LOCAL
3600,"Day 3, 12:00",94.4,33.49,55.95,8.52,10,-66.7,10.0,43.0,0.654,0.4376,OFFLOAD
3601,"Day 3, 12:01",94.14,33.65,57.51,7.54,7,-67.3,10.0,47.14,0.5546,0.451,OFFLOAD
3602,"Day 3, 12:02",96.41,33.83,53.13,7.2,6,-67.0,10.0,47.57,0.5006,0.4467,OFFLOAD
3603,"Day 3, 12:03",96.93,34.0,64.81,9.34,8,-65.1,10.0,43.95,0.6105,0.4664,OFFLOAD
3604,"Day 3, 12:04",93.28,34.17,54.07,4.82,6,-65.5,10.0,49.16,0.5081,0.4033,OFFLOAD
3605,"Day 3, 12:05",93.82,34.32,68.62,8.59,9,-64.3,10.0,45.83,0.663,0.4647,OFFLOAD
3606,"Day 3, 12:06",95.61,34.49,54.57,6.66,4,-63.0,10.0,43.04,0.4358,0.3915,LOCAL
3607,"Day 3, 12:07",92.7,34.63,45.4,3.42,7,-64.4,10.0,45.47,0.5129,0.3321,OFFLOAD
3608,"Day 3, 12:08",94.7,34.82,44.77,9.68,4,-66.6,10.0,48.74,0.4024,0.5204,LOCAL
3609,"Day 3, 12:09",95.62,35.02,31.39,7.44,1,-64.9,10.4,44.19,0.2489,0.422,LOCAL
3610,"Day 3, 12:10",92.53,35.15,49.08,6.95,9,-64.0,10.2,42.67,0.5953,0.3962,LOCAL
3611,"Day 3, 12:11",94.99,35.34,35.75,4.26,1,-65.6,10.0,45.5,0.2646,0.3534,LOCAL
3612,"Day 3, 12:12",92.69,35.54,23.94,1.21,2,-65.4,10.0,44.45,0.2614,0.2676,LOCAL
3613,"Day 3, 12:13",93.86,35.73,27.18,6.72,3,-66.3,10.1,46.59,0.3057,0.4254,LOCAL
3614,"Day 3, 12:14",94.86,35.94,23.19,5.15,1,-68.4,10.0,47.89,0.2199,0.3986,LOCAL
3615,"Day 3, 12:15",96.61,36.13,30.45,6.05,5,-69.0,10.0,46.33,0.3825,0.4059,LOCAL
3616,"Day 3, 12:16",96.3,36.3,33.94,4.71,7,-66.9,10.0,46.55,0.4649,0.3745,OFFLOAD
3617,"Day 3, 12:17",93.67,36.49,34.65,6.05,5,-69.1,10.0,49.0,0.401,0.4324,LOCAL
3618,"Day 3, 12:18",97.01,36.67,41.35,9.79,4,-70.2,10.0,51.75,0.3842,0.5557,LOCAL
3619,"Day 3, 12:19",95.78,36.85,33.87,3.39,4,-71.9,10.4,55.21,0.3596,0.4387,LOCAL
3620,"Day 3, 12:20",95.59,37.0,37.85,3.79,10,-72.9,10.0,49.87,0.5836,0.385,LOCAL
3621,"Day 3, 12:21",92.74,37.2,27.73,7.11,1,-73.2,10.0,49.08,0.2372,0.4597,LOCAL
3622,"Day 3, 12:22",94.74,37.35,40.64,6.63,8,-70.6,10.0,52.38,0.5241,0.4839,LOCAL
3623,"Day 3, 12:23",96.12,37.55,28.77,3.78,1,-68.0,10.0,49.75,0.2352,0.3835,LOCAL
3624,"Day 3, 12:24",96.92,37.7,47.48,9.14,8,-68.0,10.0,48.9,0.5443,0.5087,LOCAL
3625,"Day 3, 12:25",91.72,37.8,65.66,8.47,10,-69.5,10.0,47.0,0.6855,0.4729,OFFLOAD
3626,"Day 3, 12:26",92.94,37.97,49.08,8.55,2,-70.4,10.0,50.72,0.3454,0.5132,LOCAL
3627,"Day 3, 12:27",97.09,38.17,34.87,1.5,2,-68.0,10.0,54.12,0.2892,0.3765,LOCAL
3628,"Day 3, 12:28",96.22,38.34,34.25,3.78,6,-68.4,10.0,51.96,0.428,0.4079,LOCAL
3629,"Day 3, 12:29",93.07,38.47,48.13,7.06,9,-69.6,10.0,47.5,0.5861,0.4425,OFFLOAD
3630,"Day 3, 12:30",93.86,38.65,48.83,7.09,7,-70.7,11.9,49.2,0.5171,0.4659,OFFLOAD
3631,"Day 3, 12:31",96.46,38.83,49.44,6.82,5,-70.9,10.6,52.31,0.4451,0.4895,LOCAL
3632,"Day 3, 12:32",93.7,39.02,34.78,8.62,1,-72.5,14.3,51.84,0.2576,0.5398,LOCAL
3633,"Day 3, 12:33",92.03,39.19,37.59,6.67,4,-71.7,10.0,46.96,0.3747,0.4274,LOCAL
3634,"Day 3, 12:34",91.55,39.37,28.28,1.9,4,-72.4,10.0,45.69,0.3426,0.2961,LOCAL
3635,"Day 3, 12:35",91.03,39.53,33.43,5.92,5,-73.9,11.3,48.54,0.3962,0.4282,LOCAL
3636,"Day 3, 12:36",94.07,39.68,46.52,8.43,7,-75.2,10.7,49.06,0.5072,0.4944,LOCAL
3637,"Day 3, 12:37",93.71,39.84,32.53,1.06,7,-73.5,10.0,49.08,0.4585,0.3085,OFFLOAD
3638,"Day 3, 12:38",91.29,40.02,45.81,7.1,8,-74.8,10.7,53.53,0.5434,0.5114,LOCAL
3639,"Day 3, 12:39",95.62,40.21,29.66,1.19,2,-75.2,10.0,51.44,0.2701,0.3372,LOCAL
3640,"Day 3, 12:40",95.79,40.41,28.24,5.55,3,-74.9,10.8,54.59,0.2995,0.4859,LOCAL
3641,"Day 3, 12:41",92.02,40.59,21.77,1.69,5,-73.6,11.1,50.59,0.3523,0.3433,LOCAL
3642,"Day 3, 12:42",91.34,40.8,17.14,7.95,1,-70.7,10.0,54.47,0.1968,0.542,LOCAL
3643,"Day 3, 12:43",96.24,40.99,24.06,4.62,6,-68.4,10.0,48.91,0.3884,0.3957,LOCAL
3644,"Day 3, 12:44",90.72,41.15,29.94,4.27,7,-67.9,10.0,48.57,0.452,0.3835,OFFLOAD
3645,"Day 3, 12:45",95.85,41.36,25.45,3.52,3,-68.9,10.0,46.85,0.2882,0.3477,LOCAL
3646,"Day 3, 12:46",92.9,41.57,25.05,9.34,1,-67.6,10.0,50.11,0.221,0.5263,LOCAL
3647,"Day 3, 12:47",92.81,41.7,45.91,9.24,8,-68.2,10.0,47.61,0.5389,0.4981,LOCAL
3648,"Day 3, 12:48",92.58,41.82,54.44,6.78,9,-67.6,11.9,47.52,0.6039,0.4412,LOCAL
3649,"Day 3, 12:49",95.18,41.99,43.49,6.03,4,-67.4,10.0,47.97,0.3864,0.4214,LOCAL
3650,"Day 3, 12:50",90.99,42.11,53.2,7.04,8,-67.3,10.4,53.19,0.5666,0.5047,OFFLOAD
3651,"Day 3, 12:51",92.09,42.3,39.27,1.96,6,-69.4,10.0,48.27,0.4459,0.3226,OFFLOAD
3652,"Day 3, 12:52",92.79,42.49,34.75,4.02,4,-68.9,10.7,50.97,0.3587,0.4047,LOCAL
3653,"Day 3, 12:53",92.74,42.63,40.11,4.47,10,-67.0,10.0,50.12,0.5873,0.4047,OFFLOAD
3654,"Day 3, 12:54",90.14,42.83,25.37,2.07,1,-68.2,10.0,53.34,0.2243,0.3813,LOCAL
3655,"Day 3, 12:55",90.53,43.0,33.47,9.32,3,-67.7,10.0,56.05,0.3218,0.5966,LOCAL
3656,"Day 3, 12:56",94.09,43.17,37.1,6.39,5,-67.0,10.0,53.04,0.399,0.4856,LOCAL
3657,"Day 3, 12:57",90.32,43.36,29.32,7.88,1,-65.3,10.0,55.49,0.2371,0.5533,LOCAL
3658,"Day 3, 12:58",93.29,43.54,31.86,8.99,3,-63.0,10.0,56.68,0.3112,0.5968,LOCAL
3659,"Day 3, 12:59",93.89,43.73,29.17,5.37,3,-64.7,10.0,50.96,0.3007,0.4364,LOCAL
3660,"Day 3, 13:00",94.23,43.92,29.98,9.02,3,-64.1,10.0,50.37,0.3027,0.5211,LOCAL
3661,"Day 3, 13:01",94.18,44.08,37.42,5.43,7,-63.1,10.0,48.86,0.4686,0.4155,OFFLOAD
3662,"Day 3, 13:02",93.25,44.28,31.13,5.35,2,-63.2,10.0,52.06,0.2727,0.4482,LOCAL
3663,"Day 3, 13:03",91.89,44.45,36.96,9.62,3,-62.1,10.0,49.01,0.3299,0.5217,LOCAL
3664,"Day 3, 13:04",88.92,44.58,38.29,4.46,9,-62.2,10.7,45.24,0.5488,0.3579,OFFLOAD
3665,"Day 3, 13:05",92.38,44.76,45.45,7.61,6,-61.2,10.0,41.67,0.4634,0.4037,OFFLOAD
3666,"Day 3, 13:06",93.19,44.93,53.77,8.46,7,-60.2,10.0,42.15,0.526,0.4289,OFFLOAD
3667,"Day 3, 13:07",89.83,45.1,42.67,9.92,2,-61.0,10.0,46.65,0.317,0.5057,LOCAL
3668,"Day 3, 13:08",92.27,45.26,44.57,8.65,4,-60.8,10.0,44.91,0.3897,0.4577,LOCAL
3669,"Day 3, 13:09",90.4,45.44,34.64,2.91,1,-60.5,10.0,44.25,0.2525,0.3083,LOCAL
3670,"Day 3, 13:10",90.59,45.56,49.63,6.76,9,-61.0,10.0,43.65,0.5845,0.3993,OFFLOAD
3671,"Day 3, 13:11",89.34,45.73,46.08,4.39,7,-62.6,10.0,44.61,0.5037,0.3486,OFFLOAD
3672,"Day 3, 13:12",93.13,45.92,33.15,1.18,4,-61.3,10.0,46.26,0.3474,0.2835,OFFLOAD
3673,"Day 3, 13:13",91.2,46.1,41.74,4.49,10,-63.7,10.0,51.25,0.5901,0.4176,OFFLOAD
3674,"Day 3, 13:14",89.84,46.26,50.81,9.93,6,-64.0,10.0,46.42,0.4837,0.5038,LOCAL
3675,"Day 3, 13:15",90.98,46.4,37.04,1.53,10,-63.6,10.0,47.15,0.5736,0.3008,OFFLOAD
3676,"Day 3, 13:16",89.29,46.57,42.04,9.15,4,-66.0,10.0,47.92,0.3834,0.4989,LOCAL
3677,"Day 3, 13:17",91.39,46.75,29.3,1.85,3,-63.7,10.2,50.9,0.3003,0.3483,LOCAL
3678,"Day 3, 13:18",92.36,46.89,49.61,9.36,7,-63.8,10.0,52.98,0.5098,0.5593,LOCAL
3679,"Day 3, 13:19",91.66,47.03,39.34,1.29,8,-65.5,10.0,53.58,0.5097,0.3646,OFFLOAD
3680,"Day 3, 13:20",91.49,47.22,33.5,4.88,4,-67.6,10.6,54.41,0.3492,0.4664,LOCAL
3681,"Day 3, 13:21",91.14,47.41,28.39,6.98,2,-68.8,10.0,56.91,0.2615,0.5497,LOCAL
3682,"Day 3, 13:22",91.87,47.56,40.62,6.94,7,-67.0,10.0,54.56,0.478,0.5179,LOCAL
3683,"Day 3, 13:23",90.12,47.65,66.31,9.38,9,-67.6,10.0,57.61,0.6404,0.6194,LOCAL
3684,"Day 3, 13:24",88.36,47.75,68.11,7.3,8,-65.4,11.9,60.28,0.6142,0.6122,LOCAL
3685,"Day 3, 13:25",86.45,47.85,52.87,1.74,9,-63.9,10.0,55.53,0.5986,0.4003,OFFLOAD
3686,"Day 3, 13:26",85.7,47.97,69.84,8.66,10,-64.7,10.0,51.73,0.6939,0.5272,OFFLOAD
3687,"Day 3, 13:27",88.81,48.12,61.48,4.27,9,-62.7,10.0,47.86,0.6248,0.3763,OFFLOAD
3688,"Day 3, 13:28",86.14,48.28,41.68,3.27,3,-61.0,10.0,45.01,0.3492,0.3242,LOCAL
3689,"Day 3, 13:29",85.4,48.4,47.15,9.48,6,-60.0,10.0,41.48,0.4743,0.4489,LOCAL
3690,"Day 3, 13:30",90.53,48.58,35.66,4.76,2,-62.9,10.0,45.24,0.2862,0.3635,LOCAL
3691,"Day 3, 13:31",86.62,48.71,40.52,4.49,8,-60.7,10.0,42.12,0.5188,0.3294,OFFLOAD
3692,"Day 3, 13:32",86.67,48.88,37.82,8.26,2,-61.4,10.6,48.14,0.2991,0.4806,LOCAL
3693,"Day 3, 13:33",84.64,48.99,45.72,6.64,8,-62.3,10.0,52.93,0.5396,0.4906,LOCAL
3694,"Day 3, 13:34",88.69,49.14,45.64,6.15,4,-61.7,10.0,49.19,0.393,0.4368,LOCAL
3695,"Day 3, 13:35",85.4,49.26,49.27,7.8,6,-60.6,10.0,50.95,0.4805,0.497,LOCAL
3696,"Day 3, 13:36",88.17,49.42,36.86,3.77,2,-60.9,10.0,48.07,0.2926,0.366,LOCAL
3697,"Day 3, 13:37",87.37,49.52,59.33,9.51,9,-61.5,10.0,49.06,0.6173,0.5195,LOCAL
3698,"Day 3, 13:38",86.49,49.66,47.96,9.22,3,-61.1,10.0,53.5,0.3686,0.5619,LOCAL
3699,"Day 3, 13:39",84.49,49.82,37.41,7.19,2,-62.8,10.0,50.24,0.2995,0.474,LOCAL
3700,"Day 3, 13:40",86.05,49.93,36.86,2.54,10,-65.5,10.0,53.39,0.575,0.3936,OFFLOAD
3701,"Day 3, 13:41",84.93,50.11,29.17,6.85,1,-67.0,10.0,48.29,0.2345,0.4452,LOCAL
3702,"Day 3, 13:42",86.46,50.3,22.96,3.16,1,-64.6,10.0,49.09,0.2102,0.361,LOCAL
3703,"Day 3, 13:43",84.63,50.47,22.43,7.85,2,-63.4,10.5,51.36,0.2458,0.5043,LOCAL
3704,"Day 3, 13:44",82.55,50.6,24.87,2.61,10,-64.1,10.0,54.85,0.5373,0.4133,OFFLOAD
3705,"Day 3, 13:45",86.58,50.79,20.23,1.5,5,-61.7,10.0,50.68,0.3397,0.3365,LOCAL
3706,"Day 3, 13:46",86.34,50.91,41.37,7.53,9,-61.6,10.0,48.72,0.5539,0.4665,OFFLOAD
3707,"Day 3, 13:47",87.77,51.09,35.97,2.76,2,-59.7,10.0,50.45,0.2876,0.3655,LOCAL
3708,"Day 3, 13:48",87.39,51.26,28.64,1.96,4,-61.3,10.0,49.47,0.3323,0.3351,LOCAL
3709,"Day 3, 13:49",85.81,51.4,27.28,1.89,8,-63.7,10.0,50.3,0.4697,0.3421,OFFLOAD
3710,"Day 3, 13:50",84.91,51.54,57.35,9.37,9,-65.3,10.0,51.33,0.611,0.5405,OFFLOAD
3711,"Day 3, 13:51",84.3,51.7,40.39,2.48,3,-64.3,10.0,46.62,0.3424,0.3194,LOCAL
3712,"Day 3, 13:52",85.39,51.86,31.41,9.6,2,-63.5,10.0,49.54,0.2741,0.5268,LOCAL
3713,"Day 3, 13:53",84.19,51.99,31.9,3.48,8,-65.4,10.0,50.55,0.4874,0.3846,OFFLOAD
3714,"Day 3, 13:54",81.92,52.15,38.17,8.49,4,-63.5,10.0,51.52,0.3725,0.5206,LOCAL
3715,"Day 3, 13:55",82.65,52.27,46.53,6.85,6,-61.8,10.0,54.2,0.4705,0.5112,LOCAL
3716,"Day 3, 13:56",80.22,52.41,32.19,2.12,3,-63.3,10.0,53.19,0.3187,0.3807,LOCAL
3717,"Day 3, 13:57",80.51,52.55,33.19,6.14,4,-62.9,10.0,55.48,0.3566,0.5096,LOCAL
3718,"Day 3, 13:58",82.99,52.66,32.52,1.54,10,-63.0,10.0,57.36,0.5603,0.4198,OFFLOAD
3719,"Day 3, 13:59",83.99,52.83,35.04,6.91,2,-62.6,10.0,54.96,0.2874,0.5223,LOCAL
3720,"Day 3, 14:00",82.25,53.0,26.39,5.92,1,-60.9,10.0,52.08,0.2245,0.4627,LOCAL
3721,"Day 3, 14:01",80.61,53.11,43.51,8.38,7,-59.9,10.0,47.65,0.4967,0.477,LOCAL
3722,"Day 3, 14:02",79.33,53.22,42.11,3.76,7,-61.4,10.0,47.86,0.4936,0.3636,OFFLOAD
3723,"Day 3, 14:03",80.65,53.37,34.1,2.76,3,-59.8,10.0,45.85,0.3233,0.3192,LOCAL
3724,"Day 3, 14:04",79.64,53.5,26.51,1.31,8,-62.1,10.0,43.43,0.4731,0.2611,OFFLOAD
3725,"Day 3, 14:05",82.87,53.67,30.9,3.36,10,-60.9,10.0,41.81,0.5534,0.2986,OFFLOAD
3726,"Day 3, 14:06",82.15,53.8,52.32,7.57,10,-60.0,10.0,46.86,0.6292,0.449,OFFLOAD
3727,"Day 3, 14:07",81.03,53.93,57.59,7.06,8,-58.4,10.0,49.87,0.5791,0.4667,OFFLOAD
3728,"Day 3, 14:08",82.3,54.08,46.61,4.94,5,-57.3,10.0,51.29,0.4336,0.4293,LOCAL
3729,"Day 3, 14:09",77.4,54.16,44.2,3.41,9,-60.0,10.0,54.53,0.5724,0.4293,OFFLOAD
3730,"Day 3, 14:10",77.65,54.32,31.59,1.23,10,-62.1,10.0,49.58,0.5626,0.3179,OFFLOAD
3731,"Day 3, 14:11",80.42,54.46,45.63,6.12,9,-60.6,10.0,53.59,0.5724,0.4855,OFFLOAD
3732,"Day 3, 14:12",77.05,54.59,47.07,8.57,4,-63.4,10.0,54.45,0.4073,0.5573,LOCAL
3733,"Day 3, 14:13",77.15,54.68,45.92,5.19,8,-63.8,10.0,50.67,0.543,0.4287,OFFLOAD
3734,"Day 3, 14:14",82.07,54.82,45.75,4.1,10,-66.1,10.0,50.85,0.6048,0.4033,OFFLOAD
3735,"Day 3, 14:15",79.31,54.98,35.63,2.7,5,-65.2,10.0,55.63,0.3983,0.4256,LOCAL
3736,"Day 3, 14:16",77.29,55.1,32.84,5.26,4,-64.7,10.0,59.23,0.3564,0.5399,LOCAL
3737,"Day 3, 14:17",81.46,55.23,28.93,1.91,8,-67.0,11.9,60.72,0.4762,0.4844,LOCAL
3738,"Day 3, 14:18",78.63,55.35,36.5,7.52,5,-65.8,10.0,58.92,0.4018,0.5917,LOCAL
3739,"Day 3, 14:19",80.55,55.44,51.81,6.18,10,-65.0,10.5,59.95,0.6273,0.5752,OFFLOAD
3740,"Day 3, 14:20",75.65,55.55,52.55,5.95,7,-65.9,10.0,56.39,0.5321,0.5169,LOCAL
3741,"Day 3, 14:21",79.01,55.7,35.16,1.6,1,-63.8,10.0,56.18,0.256,0.4054,LOCAL
3742,"Day 3, 14:22",79.91,55.77,60.14,9.84,10,-62.1,10.0,56.18,0.657,0.6113,LOCAL
3743,"Day 3, 14:23",78.45,55.87,45.57,1.72,7,-60.4,10.0,51.2,0.503,0.3478,OFFLOAD
3744,"Day 3, 14:24",79.04,56.02,36.88,8.19,2,-61.9,10.0,55.11,0.2965,0.5562,LOCAL
3745,"Day 3, 14:25",76.16,56.11,51.98,9.65,6,-62.6,10.0,57.99,0.4935,0.6315,LOCAL
3746,"Day 3, 14:26",75.25,56.17,54.66,3.47,10,-61.2,10.0,60.13,0.6442,0.5087,OFFLOAD
3747,"Day 3, 14:27",74.09,56.28,53.15,5.95,7,-60.6,10.0,58.28,0.5355,0.5431,LOCAL
3748,"Day 3, 14:28",75.3,56.41,38.79,4.56,2,-60.7,10.0,54.37,0.3082,0.456,LOCAL
3749,"Day 3, 14:29",76.5,56.5,47.7,8.96,6,-63.4,10.0,55.49,0.4774,0.5803,LOCAL
3750,"Day 3, 14:30",77.7,56.56,64.59,8.7,10,-65.6,10.7,51.48,0.6747,0.5274,OFFLOAD
3751,"Day 3, 14:31",75.04,56.68,49.93,5.45,4,-65.8,10.0,49.68,0.4172,0.4245,LOCAL
3752,"Day 3, 14:32",76.11,56.75,58.14,8.48,8,-66.4,10.0,45.77,0.5842,0.4615,OFFLOAD
3753,"Day 3, 14:33",75.19,56.88,43.32,2.52,7,-65.7,10.0,45.13,0.4985,0.3065,OFFLOAD
3754,"Day 3, 14:34",77.05,57.0,48.46,5.62,9,-66.0,10.0,42.7,0.5835,0.3626,OFFLOAD
3755,"Day 3, 14:35",74.21,57.14,38.28,5.46,4,-66.8,10.0,41.38,0.3769,0.3475,LOCAL
3756,"Day 3, 14:36",72.86,57.27,28.58,2.47,1,-68.4,10.0,41.21,0.2398,0.2714,LOCAL
3757,"Day 3, 14:37",72.49,57.41,27.04,9.43,2,-69.2,10.0,44.54,0.2698,0.4739,LOCAL
3758,"Day 3, 14:38",73.53,57.54,26.6,8.4,2,-69.5,10.0,46.65,0.2665,0.4677,LOCAL
3759,"Day 3, 14:39",70.08,57.58,60.2,9.84,10,-67.8,10.0,46.86,0.6692,0.5058,LOCAL
3760,"Day 3, 14:40",75.49,57.68,48.18,3.2,5,-66.3,10.0,43.44,0.4439,0.3084,OFFLOAD
3761,"Day 3, 14:41",74.82,57.81,40.66,3.53,6,-66.6,10.0,41.75,0.4534,0.3023,OFFLOAD
3762,"Day 3, 14:42",70.99,57.94,37.17,4.85,4,-64.6,10.0,47.94,0.3767,0.3917,LOCAL
3763,"Day 3, 14:43",71.02,57.99,55.07,7.8,10,-64.5,10.0,50.98,0.6492,0.4973,OFFLOAD
3764,"Day 3, 14:44",73.3,58.12,38.51,6.88,1,-65.4,10.0,46.97,0.2727,0.4328,LOCAL
3765,"Day 3, 14:45",73.72,58.2,46.19,6.54,7,-66.0,10.0,47.15,0.5088,0.426,OFFLOAD
3766,"Day 3, 14:46",73.09,58.33,40.2,1.85,9,-68.0,10.0,43.25,0.5586,0.273,OFFLOAD
3767,"Day 3, 14:47",68.79,58.45,29.94,2.33,3,-67.0,10.0,39.63,0.3189,0.2554,OFFLOAD
3768,"Day 3, 14:48",72.99,58.6,29.27,9.63,2,-68.6,11.5,44.06,0.2751,0.4788,LOCAL
3769,"Day 3, 14:49",69.17,58.73,23.5,3.0,1,-66.1,10.0,41.94,0.2254,0.2907,LOCAL
3770,"Day 3, 14:50",72.57,58.8,44.39,6.97,10,-67.1,10.0,45.51,0.6083,0.4212,OFFLOAD
3771,"Day 3, 14:51",70.97,58.89,57.83,9.59,7,-65.4,10.0,43.55,0.5526,0.4691,OFFLOAD
3772,"Day 3, 14:52",67.0,59.0,44.31,5.51,2,-66.3,10.0,49.15,0.3361,0.4205,LOCAL
3773,"Day 3, 14:53",72.09,59.04,58.71,7.0,10,-67.3,10.3,49.85,0.6588,0.466,OFFLOAD
3774,"Day 3, 14:54",66.3,59.14,49.65,6.23,4,-66.7,10.0,53.91,0.4256,0.4921,LOCAL
3775,"Day 3, 14:55",68.09,59.17,67.52,9.81,8,-64.3,10.0,52.82,0.6254,0.5686,OFFLOAD
3776,"Day 3, 14:56",66.16,59.24,69.13,7.02,9,-61.9,10.0,51.25,0.6689,0.4808,LOCAL
3777,"Day 3, 14:57",70.79,59.26,70.23,6.54,10,-61.1,10.0,50.53,0.7007,0.4609,OFFLOAD
3778,"Day 3, 14:58",69.2,59.33,76.06,9.95,8,-62.1,10.0,54.44,0.6534,0.5917,OFFLOAD
3779,"Day 3, 14:59",67.49,59.42,54.97,5.02,2,-62.4,10.0,50.99,0.372,0.428,LOCAL
3780,"Day 3, 15:00",69.01,59.5,44.89,3.65,6,-64.9,10.0,46.21,0.4744,0.3448,OFFLOAD
3781,"Day 3, 15:01",66.86,59.61,36.28,2.94,5,-65.6,10.0,43.73,0.4123,0.3045,OFFLOAD
3782,"Day 3, 15:02",66.71,59.74,26.2,5.03,2,-67.5,10.0,49.11,0.272,0.408,LOCAL
3783,"Day 3, 15:03",67.75,59.84,26.84,3.82,5,-66.2,10.0,48.21,0.3776,0.3685,LOCAL
3784,"Day 3, 15:04",63.23,59.9,30.79,3.05,10,-68.4,10.0,47.7,0.5731,0.3442,OFFLOAD
3785,"Day 3, 15:05",63.11,59.98,53.64,8.89,9,-66.5,12.1,44.88,0.6181,0.4695,OFFLOAD
3786,"Day 3, 15:06",64.4,60.06,57.1,7.18,8,-68.1,11.2,45.63,0.5932,0.4309,OFFLOAD
3787,"Day 3, 15:07",64.08,60.14,54.4,4.37,9,-67.7,10.0,41.5,0.6191,0.3213,OFFLOAD
3788,"Day 3, 15:08",62.57,60.21,51.93,8.3,4,-66.0,10.0,46.88,0.4376,0.4675,LOCAL
3789,"Day 3, 15:09",65.4,60.26,52.05,5.28,9,-66.4,10.0,50.97,0.6087,0.4342,OFFLOAD
3790,"Day 3, 15:10",63.33,60.36,36.03,6.11,1,-68.6,13.0,53.97,0.2756,0.4984,LOCAL
3791,"Day 3, 15:11",61.55,60.42,39.35,5.18,6,-67.0,10.8,57.81,0.4648,0.5196,LOCAL
3792,"Day 3, 15:12",65.73,60.5,40.42,4.77,6,-65.8,10.0,57.07,0.4621,0.4966,LOCAL
3793,"Day 3, 15:13",63.87,60.56,44.09,5.75,6,-67.0,10.0,56.25,0.4777,0.51,LOCAL
3794,"Day 3, 15:14",62.38,60.66,27.69,2.77,3,-64.7,10.0,51.05,0.3173,0.3723,LOCAL
3795,"Day 3, 15:15",65.38,60.76,22.18,2.95,4,-64.5,10.4,52.41,0.3284,0.3934,LOCAL
3796,"Day 3, 15:16",59.64,60.84,25.47,3.64,6,-65.2,10.0,48.56,0.4184,0.3676,OFFLOAD
3797,"Day 3, 15:17",64.88,60.96,26.04,6.26,3,-62.9,10.0,45.14,0.3074,0.4001,LOCAL
3798,"Day 3, 15:18",64.54,61.02,38.28,4.97,9,-63.5,10.0,48.79,0.5606,0.4033,OFFLOAD
3799,"Day 3, 15:19",64.07,61.13,29.87,1.09,7,-63.7,10.0,51.77,0.4618,0.3384,OFFLOAD
3800,"Day 3, 15:20",59.19,61.22,40.77,5.93,8,-62.8,10.0,49.54,0.5421,0.435,OFFLOAD
3801,"Day 3, 15:21",58.31,61.3,43.97,3.8,10,-61.0,10.0,45.71,0.6245,0.3438,OFFLOAD
3802,"Day 3, 15:22",61.71,61.4,33.2,2.32,4,-62.8,10.0,41.64,0.3715,0.2712,OFFLOAD
3803,"Day 3, 15:23",59.93,61.5,29.51,2.85,7,-64.4,10.0,44.0,0.4661,0.3046,OFFLOAD
3804,"Day 3, 15:24",58.81,61.58,42.62,5.79,9,-66.0,10.0,48.87,0.5836,0.4246,OFFLOAD
3805,"Day 3, 15:25",58.36,61.68,28.94,3.94,1,-67.4,10.0,51.29,0.2562,0.4043,LOCAL
3806,"Day 3, 15:26",59.36,61.74,41.88,9.83,5,-67.5,11.1,46.27,0.4399,0.503,LOCAL
3807,"Day 3, 15:27",56.18,61.77,37.07,2.07,10,-65.2,10.0,44.23,0.6028,0.2871,OFFLOAD
3808,"Day 3, 15:28",60.26,61.87,29.04,2.79,4,-62.9,10.0,49.75,0.3585,0.3587,LOCAL
3809,"Day 3, 15:29",57.46,61.89,51.51,9.59,8,-62.2,10.0,46.45,0.5813,0.4956,OFFLOAD
3810,"Day 3, 15:30",59.35,61.98,43.34,3.12,9,-60.7,10.0,44.66,0.5847,0.3172,OFFLOAD
3811,"Day 3, 15:31",56.86,62.06,33.64,3.68,2,-61.6,10.4,47.17,0.3094,0.3559,LOCAL
3812,"Day 3, 15:32",56.62,62.15,27.86,5.93,2,-61.8,10.0,52.48,0.2894,0.4675,LOCAL
3813,"Day 3, 15:33",54.05,62.19,34.44,5.15,6,-61.0,10.0,54.78,0.4562,0.4759,LOCAL
3814,"Day 3, 15:34",58.93,62.24,40.51,6.36,7,-63.3,10.0,52.04,0.505,0.4733,LOCAL
3815,"Day 3, 15:35",58.11,62.33,27.7,2.21,3,-61.1,10.0,48.5,0.3213,0.3313,LOCAL
3816,"Day 3, 15:36",56.25,62.39,30.11,6.12,5,-61.5,10.0,51.93,0.4024,0.466,LOCAL
3817,"Day 3, 15:37",58.49,62.48,25.09,2.78,2,-63.5,10.0,55.13,0.2764,0.4211,LOCAL
3818,"Day 3, 15:38",54.68,62.57,22.34,2.23,3,-63.9,10.0,54.59,0.3073,0.4006,LOCAL
3819,"Day 3, 15:39",56.71,62.65,21.7,5.31,4,-62.1,10.0,58.07,0.3369,0.5242,LOCAL
3820,"Day 3, 15:40",57.18,62.7,29.33,3.45,9,-64.8,10.0,58.95,0.5378,0.4904,LOCAL
3821,"Day 3, 15:41",55.55,62.77,32.0,8.1,3,-65.3,10.0,58.08,0.3395,0.594,LOCAL
3822,"Day 3, 15:42",55.24,62.82,40.14,9.77,5,-64.5,10.0,53.64,0.4384,0.5773,LOCAL
3823,"Day 3, 15:43",53.73,62.86,44.18,9.62,4,-65.2,10.1,53.2,0.4197,0.5686,LOCAL
3824,"Day 3, 15:44",55.73,62.94,30.83,7.57,1,-63.2,10.0,52.59,0.2649,0.5099,LOCAL
3825,"Day 3, 15:45",52.41,62.99,29.99,4.67,6,-64.1,10.0,52.14,0.4419,0.4321,LOCAL
3826,"Day 3, 15:46",53.47,63.0,46.8,6.24,10,-65.8,10.0,49.45,0.6391,0.4418,OFFLOAD
3827,"Day 3, 15:47",52.34,63.07,37.23,2.12,7,-64.3,10.2,47.7,0.5022,0.3216,OFFLOAD
3828,"Day 3, 15:48",51.84,63.11,51.19,7.18,9,-65.4,10.5,47.28,0.6217,0.4448,OFFLOAD
3829,"Day 3, 15:49",48.5,63.16,44.05,7.47,4,-64.5,10.0,51.63,0.4267,0.4963,LOCAL
3830,"Day 3, 15:50",49.12,63.23,29.69,5.63,1,-62.1,10.0,46.49,0.2704,0.3969,LOCAL
3831,"Day 3, 15:51",48.0,63.24,44.46,8.5,7,-60.3,10.0,44.04,0.5338,0.4462,OFFLOAD
3832,"Day 3, 15:52",52.94,63.32,30.06,5.74,1,-62.0,10.0,45.23,0.2658,0.3879,LOCAL
3833,"Day 3, 15:53",48.37,63.36,27.76,2.21,5,-64.7,10.0,45.73,0.4046,0.3042,OFFLOAD
3834,"Day 3, 15:54",49.08,63.41,43.64,9.72,6,-64.4,10.0,42.12,0.494,0.4602,LOCAL
3835,"Day 3, 15:55",49.02,63.45,36.94,5.15,4,-66.1,10.0,44.08,0.4006,0.3628,LOCAL
3836,"Day 3, 15:56",48.54,63.43,61.38,9.53,9,-64.4,10.0,47.23,0.6619,0.5016,OFFLOAD
3837,"Day 3, 15:57",46.33,63.44,65.85,6.99,10,-62.2,10.0,47.26,0.7158,0.4384,OFFLOAD
3838,"Day 3, 15:58",47.72,63.47,53.41,3.41,7,-60.6,10.0,44.78,0.5651,0.3255,OFFLOAD
3839,"Day 3, 15:59",45.31,63.5,50.97,6.43,7,-60.1,10.0,41.35,0.5602,0.3716,OFFLOAD
3840,"Day 3, 16:00",47.78,63.54,50.44,7.96,4,-62.8,10.0,46.49,0.4496,0.4552,LOCAL
3841,"Day 3, 16:01",47.21,63.53,55.46,8.89,6,-61.8,10.0,45.6,0.538,0.4701,OFFLOAD
3842,"Day 3, 16:02",49.77,63.57,51.73,3.52,9,-62.0,10.0,49.22,0.626,0.3714,OFFLOAD
3843,"Day 3, 16:03",43.5,63.58,63.7,8.38,8,-63.3,10.0,48.77,0.6423,0.4883,OFFLOAD
3844,"Day 3, 16:04",46.02,63.62,45.95,8.76,1,-63.6,10.0,51.53,0.3314,0.5275,LOCAL
3845,"Day 3, 16:05",45.57,63.6,55.41,7.63,8,-63.0,10.0,47.83,0.6102,0.46,OFFLOAD
3846,"Day 3, 16:06",45.16,63.65,37.54,1.85,2,-62.2,10.0,48.01,0.3382,0.3173,LOCAL
3847,"Day 3, 16:07",44.08,63.68,31.81,6.64,4,-61.6,10.0,49.21,0.3897,0.4493,LOCAL
3848,"Day 3, 16:08",45.38,63.69,36.33,4.09,8,-63.9,10.0,46.78,0.5436,0.3613,OFFLOAD
3849,"Day 3, 16:09",41.39,63.73,28.84,1.07,4,-66.4,10.0,48.69,0.3832,0.3047,OFFLOAD
3850,"Day 3, 16:10",41.07,63.76,43.35,9.65,6,-63.7,10.0,43.89,0.5045,0.4736,LOCAL
3851,"Day 3, 16:11",41.15,63.8,28.75,3.72,2,-62.9,11.8,40.84,0.3132,0.3048,LOCAL
3852,"Day 3, 16:12",41.72,63.8,40.66,8.35,6,-63.5,10.0,45.24,0.494,0.4533,LOCAL
3853,"Day 3, 16:13",41.53,63.77,44.24,3.39,10,-63.6,10.0,47.01,0.6469,0.346,OFFLOAD
3854,"Day 3, 16:14",43.91,63.82,33.83,1.91,4,-62.0,10.0,47.57,0.3968,0.3145,OFFLOAD
3855,"Day 3, 16:15",43.1,63.87,30.13,4.72,5,-64.6,10.0,48.82,0.42,0.3973,LOCAL
3856,"Day 3, 16:16",43.83,63.88,24.22,1.23,10,-66.9,10.0,49.19,0.5732,0.3139,OFFLOAD
3857,"Day 3, 16:17",43.18,63.95,21.32,1.32,6,-64.4,10.0,47.18,0.4239,0.2959,OFFLOAD
3858,"Day 3, 16:18",40.82,64.0,25.68,4.6,4,-62.0,10.0,49.59,0.3726,0.4024,LOCAL
3859,"Day 3, 16:19",39.8,64.03,25.78,4.71,3,-62.7,10.0,51.82,0.3395,0.4295,LOCAL
3860,"Day 3, 16:20",42.65,64.0,50.27,9.29,9,-61.5,10.0,47.41,0.631,0.4974,OFFLOAD
3861,"Day 3, 16:21",41.55,64.04,35.87,4.5,2,-64.0,10.0,43.93,0.3372,0.3452,LOCAL
3862,"Day 3, 16:22",37.32,64.04,40.88,9.91,4,-63.4,10.0,41.6,0.431,0.4606,LOCAL
3863,"Day 3, 16:23",41.53,64.03,47.31,8.2,6,-66.0,10.0,44.61,0.5172,0.4438,OFFLOAD
3864,"Day 3, 16:24",40.77,64.04,57.99,7.36,10,-67.0,10.0,43.6,0.6957,0.4138,OFFLOAD
3865,"Day 3, 16:25",35.49,64.02,64.07,9.22,7,-69.2,10.0,49.22,0.62,0.514,OFFLOAD
3866,"Day 3, 16:26",36.93,64.01,60.08,7.26,8,-66.5,10.0,52.83,0.6389,0.505,OFFLOAD
3867,"Day 3, 16:27",38.01,64.03,40.89,1.06,1,-64.5,10.0,57.0,0.3251,0.4029,LOCAL
3868,"Day 3, 16:28",36.96,64.03,43.79,9.74,3,-64.8,10.0,56.62,0.4068,0.6148,LOCAL
3869,"Day 3, 16:29",36.24,63.98,51.1,5.72,10,-64.0,10.0,59.94,0.6785,0.5621,OFFLOAD
3870,"Day 3, 16:30",33.62,63.98,47.45,6.55,5,-64.7,10.0,62.17,0.4947,0.6186,LOCAL
3871,"Day 3, 16:31",36.07,63.97,37.95,3.66,5,-65.6,10.0,62.38,0.4578,0.55,LOCAL
3872,"Day 3, 16:32",34.15,63.97,35.45,6.05,4,-65.1,10.0,59.6,0.4169,0.5652,LOCAL
3873,"Day 3, 16:33",34.55,63.91,56.49,8.38,9,-66.6,10.0,55.38,0.665,0.5643,OFFLOAD
3874,"Day 3, 16:34",36.89,63.91,51.67,9.13,4,-64.6,10.0,50.79,0.4696,0.5285,LOCAL
3875,"Day 3, 16:35",33.98,63.9,42.04,3.77,4,-63.0,10.0,53.33,0.4403,0.4237,LOCAL
3876,"Day 3, 16:36",31.28,63.84,45.64,5.65,9,-62.3,10.0,50.5,0.632,0.4383,OFFLOAD
3877,"Day 3, 16:37",32.99,63.86,36.52,4.32,3,-63.6,10.0,49.61,0.3876,0.3955,LOCAL
3878,"Day 3, 16:38",32.69,63.82,46.07,9.28,6,-61.4,10.0,46.35,0.5265,0.4869,LOCAL
3879,"Day 3, 16:39",33.89,63.8,45.76,9.22,4,-61.2,10.0,49.15,0.4536,0.5132,LOCAL
3880,"Day 3, 16:40",29.56,63.77,45.62,8.36,5,-63.6,10.4,50.35,0.4947,0.5056,LOCAL
3881,"Day 3, 16:41",33.91,63.71,58.9,9.98,7,-64.5,10.0,52.62,0.6047,0.5705,LOCAL
3882,"Day 3, 16:42",31.63,63.7,43.69,4.77,3,-66.2,10.0,50.55,0.4149,0.4168,LOCAL
3883,"Day 3, 16:43",34.03,63.66,51.63,7.15,7,-64.8,10.0,49.51,0.5792,0.4652,OFFLOAD
3884,"Day 3, 16:44",31.49,63.64,53.93,5.25,7,-65.1,10.2,46.38,0.5911,0.387,OFFLOAD
3885,"Day 3, 16:45",28.88,63.62,47.6,3.53,7,-64.8,10.0,48.44,0.5729,0.3637,OFFLOAD
3886,"Day 3, 16:46",29.74,63.6,51.64,4.71,10,-62.5,10.0,46.24,0.6907,0.3716,OFFLOAD
3887,"Day 3, 16:47",27.6,63.6,38.49,1.22,6,-64.3,10.0,45.48,0.5079,0.2772,OFFLOAD
3888,"Day 3, 16:48",30.09,63.59,42.45,6.45,6,-65.4,10.0,41.57,0.5181,0.3739,OFFLOAD
3889,"Day 3, 16:49",27.73,63.57,47.56,9.14,5,-65.5,10.0,39.96,0.5045,0.4282,OFFLOAD
3890,"Day 3, 16:50",31.03,63.58,36.73,7.5,3,-63.4,10.0,38.34,0.3916,0.3747,LOCAL
3891,"Day 3, 16:51",28.79,63.53,50.14,9.11,6,-65.3,10.0,38.81,0.547,0.4185,OFFLOAD
3892,"Day 3, 16:52",30.0,63.5,58.37,9.5,7,-65.3,10.0,41.32,0.6091,0.448,OFFLOAD
3893,"Day 3, 16:53",25.11,63.48,41.24,9.0,1,-65.2,10.0,41.86,0.3465,0.44,LOCAL
3894,"Day 3, 16:54",26.71,63.47,32.05,6.58,1,-67.5,10.0,44.99,0.3119,0.4067,LOCAL
3895,"Day 3, 16:55",26.33,63.47,27.24,7.2,2,-65.7,11.5,48.63,0.3306,0.4618,LOCAL
3896,"Day 3, 16:56",27.99,63.47,23.91,1.85,2,-66.8,10.1,52.01,0.3165,0.3604,LOCAL
3897,"Day 3, 16:57",26.69,63.42,42.64,8.6,8,-65.7,10.0,49.24,0.5941,0.4986,OFFLOAD
3898,"Day 3, 16:58",27.84,63.39,50.24,5.84,9,-64.2,10.0,49.69,0.654,0.4343,OFFLOAD
3899,"Day 3, 16:59",24.44,63.36,51.62,6.9,6,-66.1,10.0,51.62,0.559,0.4819,OFFLOAD
3900,"Day 3, 17:00",25.01,63.34,39.37,3.59,2,-65.4,11.0,48.06,0.3753,0.3642,LOCAL
3901,"Day 3, 17:01",22.85,63.31,31.38,3.58,4,-64.7,10.0,52.51,0.4206,0.4092,LOCAL
3902,"Day 3, 17:02",22.28,63.26,32.39,4.26,7,-66.1,10.0,50.64,0.53,0.405,OFFLOAD
3903,"Day 3, 17:03",25.21,63.25,36.52,6.82,6,-64.2,10.0,48.46,0.5051,0.4461,OFFLOAD
3904,"Day 3, 17:04",20.1,63.23,30.99,3.85,4,-64.4,10.0,51.85,0.4235,0.4083,LOCAL
3905,"Day 3, 17:05",23.66,63.2,25.25,2.38,5,-66.4,11.0,47.19,0.4331,0.3252,OFFLOAD
3906,"Day 3, 17:06",24.3,63.19,36.47,9.02,5,-66.3,10.0,50.02,0.4714,0.5174,LOCAL
3907,"Day 3, 17:07",19.79,63.09,51.11,6.22,10,-64.0,11.1,47.61,0.7046,0.4257,LOCAL
3908,"Day 3, 17:08",23.52,63.0,47.95,3.78,10,-63.1,10.0,45.75,0.688,0.3437,OFFLOAD
3909,"Day 3, 17:09",18.3,62.95,52.54,6.99,7,-64.1,13.1,48.02,0.607,0.4548,OFFLOAD
3910,"Day 3, 17:10",18.13,62.9,46.71,6.6,6,-64.6,10.0,43.53,0.5519,0.3942,OFFLOAD
3911,"Day 3, 17:11",21.13,62.88,35.29,4.29,3,-65.7,10.0,48.27,0.4025,0.381,LOCAL
3912,"Day 3, 17:12",19.28,62.78,51.25,7.11,10,-67.9,10.0,47.63,0.7063,0.445,OFFLOAD
3913,"Day 3, 17:13",21.46,62.76,37.87,4.41,2,-66.5,10.0,48.45,0.3762,0.3858,LOCAL
3914,"Day 3, 17:14",19.14,62.73,28.39,1.39,2,-65.6,10.0,47.92,0.3466,0.3049,LOCAL
3915,"Day 3, 17:15",15.91,62.65,38.94,8.09,6,-64.3,10.0,45.12,0.5284,0.4456,OFFLOAD
3916,"Day 3, 17:16",20.08,62.62,43.23,4.2,10,-64.9,10.0,47.91,0.6773,0.3751,LOCAL
3917,"Day 3, 17:17",16.63,62.56,33.16,1.62,4,-65.4,10.0,44.03,0.4373,0.2741,OFFLOAD
3918,"Day 3, 17:18",18.2,62.54,27.44,3.67,3,-65.6,10.0,45.78,0.3799,0.3413,LOCAL
3919,"Day 3, 17:19",18.54,62.53,20.95,4.4,1,-65.4,10.0,44.22,0.2867,0.3453,LOCAL
3920,"Day 3, 17:20",13.58,62.43,39.27,5.32,10,-63.6,10.0,49.74,0.6734,0.4219,OFFLOAD
3921,"Day 3, 17:21",15.98,62.4,30.76,5.97,2,-61.6,10.0,46.24,0.3601,0.4031,LOCAL
3922,"Day 3, 17:22",13.94,62.3,39.4,4.61,9,-59.6,10.0,45.1,0.6385,0.3585,OFFLOAD
3923,"Day 3, 17:23",16.32,62.27,33.51,2.55,8,-60.9,10.0,49.78,0.5794,0.3531,OFFLOAD
3924,"Day 3, 17:24",12.66,62.23,27.16,4.14,2,-59.2,10.0,45.24,0.3527,0.348,LOCAL
3925,"Day 3, 17:25",16.07,62.15,26.01,2.53,10,-59.4,10.0,42.66,0.6237,0.285,OFFLOAD
3926,"Day 3, 17:26",11.18,62.09,44.36,6.14,10,-58.2,10.0,41.62,0.6953,0.3665,OFFLOAD
3927,"Day 3, 17:27",15.9,62.05,37.59,1.73,10,-60.1,10.0,42.44,0.6646,0.2631,OFFLOAD
3928,"Day 3, 17:28",13.17,62.0,33.71,5.29,5,-62.7,10.0,45.3,0.4802,0.3773,OFFLOAD
3929,"Day 3, 17:29",11.71,61.97,24.05,3.07,1,-61.0,10.0,43.77,0.3087,0.3081,LOCAL
3930,"Day 3, 17:30",11.69,61.88,31.55,4.03,8,-62.4,10.0,41.6,0.5801,0.3136,OFFLOAD
3931,"Day 3, 17:31",12.69,61.83,39.74,6.07,7,-63.3,10.0,42.39,0.5723,0.3712,OFFLOAD
3932,"Day 3, 17:32",14.33,61.79,35.32,5.99,4,-63.1,10.0,42.15,0.4494,0.3671,OFFLOAD
3933,"Day 3, 17:33",10.27,61.72,46.88,7.19,8,-61.6,10.0,46.16,0.6361,0.4328,OFFLOAD
3934,"Day 3, 17:34",13.59,61.64,59.32,6.9,10,-62.0,10.0,49.33,0.7448,0.4571,OFFLOAD
3935,"Day 3, 17:35",9.81,61.57,46.13,9.87,2,-60.5,10.0,44.7,0.4244,0.4864,LOCAL
3936,"Day 3, 17:36",11.09,61.49,37.49,1.65,5,-63.3,10.0,41.75,0.4974,0.2553,OFFLOAD
3937,"Day 3, 17:37",7.94,61.4,54.94,7.1,10,-65.3,10.0,41.29,0.7383,0.3879,OFFLOAD
3938,"Day 3, 17:38",6.38,61.32,45.06,2.9,10,-64.3,10.0,40.05,0.7062,0.2729,OFFLOAD
3939,"Day 3, 17:39",11.35,61.26,41.53,4.31,7,-64.4,10.0,37.04,0.5814,0.2854,OFFLOAD
3940,"Day 3, 17:40",8.3,61.2,35.24,3.27,7,-64.0,10.0,34.89,0.5641,0.2444,OFFLOAD
3941,"Day 3, 17:41",9.04,61.15,27.56,4.68,1,-63.3,10.0,33.22,0.3262,0.2684,OFFLOAD
3942,"Day 3, 17:42",9.86,61.11,19.43,8.93,1,-61.1,10.6,35.38,0.2966,0.3908,LOCAL
3943,"Day 3, 17:43",7.89,61.03,26.48,4.36,7,-59.6,10.0,36.63,0.5343,0.2837,OFFLOAD
3944,"Day 3, 17:44",8.63,60.99,23.01,4.34,2,-57.9,10.0,39.46,0.3461,0.3043,LOCAL
3945,"Day 3, 17:45",5.98,60.91,26.28,8.13,4,-59.2,10.0,36.82,0.4316,0.3794,OFFLOAD
3946,"Day 3, 17:46",3.99,60.84,30.26,4.02,8,-59.4,10.0,38.02,0.5887,0.2853,OFFLOAD
3947,"Day 3, 17:47",5.05,60.78,29.65,3.45,6,-62.2,10.0,36.18,0.515,0.2578,OFFLOAD
3948,"Day 3, 17:48",4.89,60.72,26.38,2.87,6,-63.7,11.6,39.15,0.5039,0.2697,OFFLOAD
3949,"Day 3, 17:49",5.86,60.66,28.01,4.34,5,-64.6,10.0,42.8,0.4732,0.3314,OFFLOAD
3950,"Day 3, 17:50",1.26,60.59,32.5,7.03,5,-62.6,10.0,42.38,0.496,0.3951,OFFLOAD
3951,"Day 3, 17:51",3.8,60.53,25.4,2.61,4,-60.6,10.0,46.57,0.4324,0.3223,OFFLOAD
3952,"Day 3, 17:52",5.93,60.43,53.04,9.99,10,-63.1,10.0,44.51,0.7361,0.4877,OFFLOAD
3953,"Day 3, 17:53",0.65,60.33,51.65,4.17,9,-65.5,10.0,50.06,0.7043,0.3965,OFFLOAD
3954,"Day 3, 17:54",0.0,60.2,64.27,9.51,8,-65.6,10.0,49.75,0.7146,0.5267,OFFLOAD
3955,"Day 3, 17:55",0.69,60.09,53.85,3.95,9,-64.7,10.0,53.4,0.7123,0.429,LOCAL
3956,"Day 3, 17:56",2.57,60.01,34.57,2.07,2,-62.6,10.0,55.32,0.3971,0.4058,LOCAL
3957,"Day 3, 17:57",0.0,59.91,28.37,5.28,3,-63.1,10.0,49.65,0.4144,0.4199,LOCAL
3958,"Day 3, 17:58",0.69,59.78,44.73,9.06,7,-65.4,10.0,52.12,0.6109,0.5417,OFFLOAD
3959,"Day 3, 17:59",0.0,59.67,51.26,4.46,10,-67.4,11.8,48.56,0.7399,0.3932,OFFLOAD
3960,"Day 3, 18:00",0.21,59.58,42.31,4.13,7,-68.9,10.0,48.36,0.6034,0.3778,OFFLOAD
3961,"Day 3, 18:01",1.33,59.5,34.39,2.7,7,-67.4,12.1,51.85,0.5741,0.3854,OFFLOAD
3962,"Day 3, 18:02",0.89,59.41,41.54,8.85,5,-66.7,10.0,52.67,0.5299,0.5427,LOCAL
3963,"Day 3, 18:03",1.17,59.33,27.59,8.41,1,-64.1,10.0,56.04,0.3408,0.5738,LOCAL
3964,"Day 3, 18:04",1.04,59.25,27.85,9.05,2,-62.6,10.0,57.66,0.377,0.6118,LOCAL
3965,"Day 3, 18:05",0.93,59.14,23.6,1.17,8,-61.7,10.0,60.08,0.5725,0.4505,OFFLOAD
3966,"Day 3, 18:06",0.33,59.07,27.13,6.58,3,-63.0,10.0,55.73,0.4108,0.5239,LOCAL
3967,"Day 3, 18:07",1.21,58.98,24.96,4.25,3,-62.9,10.0,55.14,0.4021,0.458,LOCAL
3968,"Day 3, 18:08",0.65,58.87,23.19,1.52,9,-64.6,10.0,56.86,0.6069,0.4125,OFFLOAD
3969,"Day 3, 18:09",0.5,58.8,24.84,2.91,9,-66.7,10.0,57.46,0.613,0.4555,OFFLOAD
3970,"Day 3, 18:10",0.64,58.74,17.1,2.13,4,-65.8,10.0,57.18,0.4108,0.4322,LOCAL
3971,"Day 3, 18:11",1.36,58.69,14.61,6.37,1,-65.1,10.0,60.27,0.2961,0.5834,LOCAL
3972,"Day 3, 18:12",0.68,58.62,18.36,6.64,2,-67.0,10.0,60.26,0.3453,0.5901,LOCAL
3973,"Day 3, 18:13",1.43,58.54,19.22,5.32,3,-66.0,10.0,61.35,0.3823,0.5743,LOCAL
3974,"Day 3, 18:14",0.69,58.44,24.96,4.02,6,-63.6,10.0,59.69,0.5086,0.5157,LOCAL
3975,"Day 3, 18:15",1.16,58.3,45.29,7.74,9,-61.7,10.0,53.97,0.6843,0.5306,OFFLOAD
3976,"Day 3, 18:16",1.05,58.19,52.91,7.57,8,-63.8,10.0,58.15,0.6763,0.5818,OFFLOAD
3977,"Day 3, 18:17",0.02,58.09,49.03,3.93,7,-62.7,10.0,54.04,0.6294,0.4362,OFFLOAD
3978,"Day 3, 18:18",0.22,58.01,30.85,3.74,3,-60.9,10.0,58.39,0.4256,0.4895,LOCAL
3979,"Day 3, 18:19",0.98,57.92,30.84,8.69,3,-61.9,10.0,53.86,0.4246,0.553,LOCAL
3980,"Day 3, 18:20",0.72,57.78,38.23,4.48,9,-60.8,10.0,56.46,0.661,0.4811,OFFLOAD
3981,"Day 3, 18:21",0.58,57.7,35.98,3.32,4,-61.7,10.0,58.47,0.4785,0.4801,LOCAL
3982,"Day 3, 18:22",1.03,57.62,31.88,9.87,1,-64.1,10.0,61.75,0.3586,0.6947,LOCAL
3983,"Day 3, 18:23",0.91,57.54,27.07,9.09,2,-64.5,10.0,64.94,0.3771,0.7316,LOCAL
3984,"Day 3, 18:24",0.46,57.41,30.49,3.43,9,-62.2,10.0,63.87,0.6349,0.5704,LOCAL
3985,"Day 3, 18:25",0.5,57.27,37.99,3.48,10,-62.3,10.0,65.51,0.6963,0.6024,LOCAL
3986,"Day 3, 18:26",1.2,57.19,27.73,3.49,2,-64.7,10.0,66.43,0.3795,0.6208,LOCAL
3987,"Day 3, 18:27",0.16,57.1,24.85,5.94,4,-63.1,10.0,59.81,0.4411,0.5655,LOCAL
3988,"Day 3, 18:28",0.66,57.03,18.76,3.34,1,-63.0,10.0,62.53,0.3141,0.5445,LOCAL
3989,"Day 3, 18:29",0.49,56.96,17.57,3.91,2,-61.6,10.0,64.13,0.3453,0.5871,LOCAL
3990,"Day 3, 18:30",1.25,56.9,17.01,6.44,1,-61.9,10.0,57.13,0.3073,0.5393,LOCAL
3991,"Day 3, 18:31",1.17,56.82,19.18,2.78,5,-64.2,10.0,57.42,0.4551,0.4518,LOCAL
3992,"Day 3, 18:32",0.23,56.68,38.4,5.92,10,-63.9,10.0,53.52,0.699,0.4796,OFFLOAD
3993,"Day 3, 18:33",0.61,56.6,28.26,2.12,4,-61.6,10.0,49.7,0.4531,0.3415,OFFLOAD
3994,"Day 3, 18:34",0.0,56.53,24.98,6.35,2,-59.6,10.0,46.89,0.3726,0.4188,LOCAL
3995,"Day 3, 18:35",0.97,56.38,53.81,9.84,9,-59.2,10.0,49.38,0.7173,0.5311,OFFLOAD
3996,"Day 3, 18:36",1.19,56.28,49.06,9.26,4,-60.8,10.0,46.58,0.5255,0.4886,LOCAL
3997,"Day 3, 18:37",0.01,56.17,37.65,2.41,3,-59.4,10.0,50.29,0.4525,0.3551,OFFLOAD
3998,"Day 3, 18:38",0.67,56.1,25.54,3.78,1,-59.5,10.0,51.07,0.3392,0.3978,LOCAL
3999,"Day 3, 18:39",1.2,56.03,17.83,2.81,2,-60.7,10.0,47.31,0.3465,0.3344,LOCAL
4000,"Day 3, 18:40",0.25,55.94,20.39,3.12,5,-60.7,10.0,48.32,0.4621,0.3522,OFFLOAD
4001,"Day 3, 18:41",0.6,55.85,40.28,9.82,6,-61.9,10.0,47.24,0.5663,0.509,OFFLOAD
4002,"Day 3, 18:42",0.68,55.74,57.33,8.78,9,-61.1,10.0,45.6,0.731,0.4674,OFFLOAD
4003,"Day 3, 18:43",0.17,55.61,67.4,7.45,10,-59.1,10.0,48.08,0.8022,0.458,OFFLOAD
4004,"Day 3, 18:44",1.32,55.52,44.85,1.27,1,-58.8,10.0,52.56,0.4067,0.352,OFFLOAD
4005,"Day 3, 18:45",0.67,55.4,54.55,9.43,6,-59.8,10.0,52.08,0.6168,0.5504,OFFLOAD
4006,"Day 3, 18:46",0.61,55.3,49.76,7.5,4,-61.2,10.0,55.11,0.5303,0.5389,LOCAL
4007,"Day 3, 18:47",0.08,55.17,36.46,1.34,8,-62.5,10.0,50.29,0.6247,0.3283,OFFLOAD
4008,"Day 3, 18:48",0.88,55.07,49.62,9.94,6,-60.8,10.0,48.65,0.5998,0.526,OFFLOAD
4009,"Day 3, 18:49",0.81,54.98,37.53,5.97,3,-63.0,10.0,50.17,0.4527,0.4427,LOCAL
4010,"Day 3, 18:50",0.49,54.87,31.63,2.7,7,-63.6,10.0,48.43,0.5727,0.3428,OFFLOAD
4011,"Day 3, 18:51",1.22,54.8,25.08,1.99,7,-63.2,10.0,50.41,0.5487,0.3458,OFFLOAD
4012,"Day 3, 18:52",0.11,54.72,31.78,8.42,3,-61.5,10.0,46.91,0.434,0.4707,LOCAL
4013,"Day 3, 18:53",1.48,54.63,33.66,9.16,3,-61.6,10.0,43.65,0.4387,0.4592,LOCAL
4014,"Day 3, 18:54",0.92,54.48,49.96,8.29,8,-63.1,10.0,43.21,0.6718,0.4337,OFFLOAD
4015,"Day 3, 18:55",0.12,54.4,36.99,4.16,2,-64.5,10.0,47.72,0.4177,0.3721,LOCAL
4016,"Day 3, 18:56",1.2,54.29,28.77,1.91,6,-62.1,10.0,43.21,0.5275,0.2742,OFFLOAD
4017,"Day 3, 18:57",0.66,54.22,27.12,6.13,2,-60.2,10.0,45.48,0.3826,0.3999,LOCAL
4018,"Day 3, 18:58",0.84,54.07,43.48,5.83,10,-62.1,10.0,41.65,0.7198,0.359,OFFLOAD
4019,"Day 3, 18:59",0.15,53.99,34.87,3.92,5,-63.5,10.0,41.11,0.5158,0.3068,OFFLOAD
4020,"Day 3, 19:00",1.33,53.88,51.83,7.9,9,-62.8,10.0,44.89,0.7136,0.4388,LOCAL
4021,"Day 3, 19:01",0.77,53.78,36.35,1.71,4,-60.5,10.0,47.46,0.4854,0.3084,OFFLOAD
4022,"Day 3, 19:02",0.64,53.67,53.97,7.1,10,-60.1,10.0,47.23,0.7574,0.4408,OFFLOAD
4023,"Day 3, 19:03",0.07,53.57,44.96,6.71,3,-62.2,10.0,44.63,0.4819,0.4067,OFFLOAD
4024,"Day 3, 19:04",0.17,53.47,47.72,8.72,5,-62.7,10.0,47.45,0.5616,0.4835,OFFLOAD
4025,"Day 3, 19:05",1.18,53.36,57.78,9.45,7,-62.5,10.0,45.67,0.6654,0.4847,OFFLOAD
4026,"Day 3, 19:06",1.27,53.26,44.55,9.83,2,-63.5,10.0,45.26,0.4441,0.4905,LOCAL
4027,"Day 3, 19:07",1.37,53.1,56.42,6.93,10,-63.7,10.0,49.35,0.7658,0.4581,LOCAL
4028,"Day 3, 19:08",0.47,53.01,37.43,4.39,1,-63.9,10.0,53.77,0.3858,0.4444,LOCAL
4029,"Day 3, 19:09",0.15,52.91,30.96,4.97,3,-61.9,10.0,50.32,0.4338,0.4193,LOCAL
4030,"Day 3, 19:10",0.13,52.79,35.47,5.87,7,-63.1,10.0,46.19,0.5898,0.4001,OFFLOAD
4031,"Day 3, 19:11",0.65,52.7,40.84,6.48,6,-60.9,10.0,46.39,0.5729,0.4172,OFFLOAD
4032,"Day 3, 19:12",1.1,52.58,61.14,9.78,10,-63.1,10.0,49.02,0.7835,0.5258,LOCAL
4033,"Day 3, 19:13",0.06,52.41,69.72,9.14,8,-65.7,10.0,46.34,0.7453,0.4833,OFFLOAD
4034,"Day 3, 19:14",0.72,52.3,51.42,4.62,3,-66.8,12.3,48.94,0.5054,0.4026,OFFLOAD
4035,"Day 3, 19:15",0.2,52.2,50.2,5.6,8,-66.6,10.0,47.37,0.6771,0.4047,OFFLOAD
4036,"Day 3, 19:16",0.76,52.09,51.37,4.12,10,-68.2,10.0,44.05,0.7505,0.3367,OFFLOAD
4037,"Day 3, 19:17",0.99,52.0,44.51,6.88,3,-70.3,10.0,48.63,0.4813,0.4494,LOCAL
4038,"Day 3, 19:18",0.18,51.84,53.51,7.49,8,-70.8,10.4,46.45,0.6892,0.4442,LOCAL
4039,"Day 3, 19:19",0.37,51.74,41.43,7.61,3,-67.9,10.1,47.19,0.4719,0.4536,LOCAL
4040,"Day 3, 19:20",0.27,51.61,34.68,1.97,9,-66.3,10.0,52.16,0.6586,0.3649,LOCAL
4041,"Day 3, 19:21",1.34,51.53,24.2,3.29,1,-67.9,10.0,51.29,0.3404,0.388,LOCAL
4042,"Day 3, 19:22",0.93,51.41,40.47,8.66,6,-68.0,10.0,54.96,0.5731,0.566,LOCAL
4043,"Day 3, 19:23",1.45,51.32,34.6,8.74,3,-69.2,10.0,51.98,0.4469,0.532,LOCAL
4044,"Day 3, 19:24",0.0,51.17,43.64,6.13,9,-70.2,10.0,54.57,0.691,0.4978,OFFLOAD
4045,"Day 3, 19:25",0.21,51.08,41.87,3.41,10,-68.8,10.7,53.96,0.7196,0.4241,OFFLOAD
4046,"Day 3, 19:26",1.36,51.0,31.3,1.51,9,-67.4,10.0,55.15,0.646,0.3896,OFFLOAD
4047,"Day 3, 19:27",0.82,50.93,29.89,7.28,3,-68.9,10.0,53.67,0.432,0.5155,LOCAL
4048,"Day 3, 19:28",1.05,50.78,50.05,7.22,10,-68.3,10.0,53.12,0.7474,0.5074,LOCAL
4049,"Day 3, 19:29",0.47,50.62,50.7,4.85,10,-68.9,10.0,54.19,0.7508,0.4611,OFFLOAD
4050,"Day 3, 19:30",1.4,50.54,34.55,2.13,3,-68.2,11.1,48.85,0.448,0.3359,OFFLOAD
4051,"Day 3, 19:31",0.69,50.45,38.13,3.18,10,-66.2,10.0,45.08,0.7068,0.3225,OFFLOAD
4052,"Day 3, 19:32",0.3,50.35,48.8,8.5,6,-67.6,10.0,41.18,0.6048,0.422,OFFLOAD
4053,"Day 3, 19:33",1.05,50.26,36.58,2.3,5,-65.9,10.0,37.83,0.5261,0.2409,OFFLOAD
4054,"Day 3, 19:34",0.75,50.14,60.89,8.75,10,-67.4,10.0,37.68,0.7868,0.4011,OFFLOAD
4055,"Day 3, 19:35",0.75,50.03,54.98,6.3,7,-66.6,11.3,40.04,0.6613,0.3614,OFFLOAD
4056,"Day 3, 19:36",0.66,49.93,46.52,3.11,9,-66.3,10.0,44.89,0.7019,0.3191,OFFLOAD
4057,"Day 3, 19:37",0.89,49.85,39.31,4.96,4,-65.6,10.0,44.12,0.5015,0.3584,OFFLOAD
4058,"Day 3, 19:38",0.03,49.77,28.97,1.19,4,-66.3,10.0,42.98,0.4667,0.2542,OFFLOAD
4059,"Day 3, 19:39",0.67,49.67,49.5,7.51,10,-64.2,10.0,41.93,0.7477,0.4034,OFFLOAD
4060,"Day 3, 19:40",0.21,49.58,38.04,9.97,2,-62.7,10.0,41.26,0.4284,0.4593,LOCAL
4061,"Day 3, 19:41",0.35,49.44,45.37,4.81,8,-65.0,10.0,40.99,0.6641,0.3282,OFFLOAD
4062,"Day 3, 19:42",1.03,49.34,44.25,7.62,5,-66.7,10.0,37.91,0.5543,0.3746,OFFLOAD
4063,"Day 3, 19:43",0.93,49.25,41.31,7.06,4,-68.3,12.3,38.57,0.5093,0.372,OFFLOAD
4064,"Day 3, 19:44",0.86,49.14,54.45,10.0,7,-70.5,11.1,37.54,0.6606,0.4344,OFFLOAD
4065,"Day 3, 19:45",1.18,49.06,33.88,1.97,1,-70.6,10.0,36.23,0.3782,0.2211,OFFLOAD
4066,"Day 3, 19:46",1.1,48.99,30.97,2.79,6,-71.9,10.0,38.33,0.5433,0.2569,OFFLOAD
4067,"Day 3, 19:47",0.31,48.87,57.78,9.42,9,-70.9,10.0,42.4,0.7435,0.455,OFFLOAD
4068,"Day 3, 19:48",0.64,48.78,37.98,1.36,1,-70.0,10.0,43.55,0.3938,0.2634,OFFLOAD
4069,"Day 3, 19:49",0.4,48.69,41.29,4.68,8,-67.7,10.0,42.12,0.6509,0.3342,LOCAL
4070,"Day 3, 19:50",0.05,48.59,34.65,7.38,3,-69.5,10.0,45.22,0.4533,0.4289,LOCAL
4071,"Day 3, 19:51",0.89,48.48,38.44,6.31,5,-70.5,10.0,42.12,0.5355,0.3749,OFFLOAD
4072,"Day 3, 19:52",1.05,48.4,31.32,4.34,3,-72.3,10.0,38.31,0.4404,0.2955,OFFLOAD
4073,"Day 3, 19:53",1.19,48.33,24.56,3.83,1,-73.1,12.6,37.21,0.3467,0.2821,OFFLOAD
4074,"Day 3, 19:54",0.39,48.25,33.01,6.19,6,-72.9,10.0,39.57,0.5526,0.3514,OFFLOAD
4075,"Day 3, 19:55",1.29,48.16,40.45,8.5,4,-73.8,12.4,39.46,0.5074,0.4152,OFFLOAD
4076,"Day 3, 19:56",0.49,48.05,54.36,8.38,7,-74.2,12.8,43.41,0.6625,0.4457,LOCAL
4077,"Day 3, 19:57",0.57,47.91,48.63,3.81,8,-71.9,10.0,47.71,0.6775,0.3634,OFFLOAD
4078,"Day 3, 19:58",0.82,47.82,37.81,3.74,3,-70.3,10.0,49.2,0.4644,0.3767,OFFLOAD
4079,"Day 3, 19:59",1.17,47.75,26.77,1.37,3,-68.1,10.0,47.64,0.4253,0.3016,OFFLOAD
4080,"Day 3, 20:00",1.19,47.69,24.29,1.63,10,-66.9,10.9,50.88,0.6617,0.3445,OFFLOAD
4081,"Day 3, 20:01",0.43,47.6,37.74,9.51,5,-67.6,11.7,52.41,0.535,0.5612,LOCAL
4082,"Day 3, 20:02",0.13,47.47,45.21,9.83,5,-65.6,10.0,52.27,0.5618,0.5626,LOCAL
4083,"Day 3, 20:03",0.47,47.39,31.68,5.04,1,-64.6,10.0,50.88,0.3741,0.4272,LOCAL
4084,"Day 3, 20:04",0.39,47.31,23.61,2.3,3,-66.3,10.0,49.67,0.4161,0.3457,OFFLOAD
4085,"Day 3, 20:05",1.09,47.24,20.74,2.96,3,-68.4,10.0,46.46,0.4051,0.3299,OFFLOAD
4086,"Day 3, 20:06",1.09,47.18,23.14,5.32,4,-69.7,10.0,43.2,0.4486,0.3594,OFFLOAD
4087,"Day 3, 20:07",1.41,47.12,20.27,6.2,2,-69.9,10.0,44.25,0.3682,0.3905,LOCAL
4088,"Day 3, 20:08",1.02,47.06,16.38,5.54,1,-70.0,11.2,47.2,0.3202,0.4048,LOCAL
4089,"Day 3, 20:09",1.39,46.93,37.88,7.45,9,-71.1,10.0,48.0,0.6751,0.4572,LOCAL
4090,"Day 3, 20:10",1.07,46.81,38.86,6.97,5,-68.7,10.0,46.2,0.5392,0.4277,OFFLOAD
4091,"Day 3, 20:11",0.5,46.72,40.01,5.94,5,-70.0,10.0,43.6,0.5442,0.3783,OFFLOAD
4092,"Day 3, 20:12",1.32,46.61,53.49,7.35,10,-72.0,10.0,42.4,0.7653,0.4033,LOCAL
4093,"Day 3, 20:13",0.57,46.47,43.07,1.83,9,-69.8,10.0,42.29,0.6952,0.2643,OFFLOAD
4094,"Day 3, 20:14",0.23,46.4,28.75,2.49,3,-71.7,10.0,45.15,0.4357,0.3059,OFFLOAD
4095,"Day 3, 20:15",1.44,46.34,21.02,1.96,3,-69.6,10.0,48.74,0.4069,0.3274,OFFLOAD
4096,"Day 3, 20:16",0.32,46.28,18.56,7.88,1,-67.0,10.0,44.71,0.3301,0.4367,LOCAL
4097,"Day 3, 20:17",0.68,46.19,22.11,7.51,4,-66.0,10.0,49.66,0.4471,0.4758,LOCAL
4098,"Day 3, 20:18",0.27,46.11,22.69,4.63,2,-63.7,10.0,51.76,0.3798,0.4268,LOCAL
4099,"Day 3, 20:19",0.82,46.03,20.14,4.36,3,-63.9,10.0,50.06,0.4052,0.4013,LOCAL
4100,"Day 3, 20:20",0.4,45.91,39.76,9.76,7,-62.2,10.0,45.08,0.6147,0.4871,OFFLOAD
4101,"Day 3, 20:21",1.27,45.83,31.88,5.69,2,-64.0,10.0,49.0,0.4109,0.4234,LOCAL
4102,"Day 3, 20:22",0.82,45.76,26.53,8.35,1,-65.5,10.0,46.36,0.358,0.4637,LOCAL
4103,"Day 3, 20:23",0.95,45.6,51.8,7.98,9,-65.8,10.1,51.66,0.7265,0.5097,OFFLOAD
4104,"Day 3, 20:24",0.2,45.5,49.94,4.52,9,-63.3,10.2,54.36,0.7213,0.4554,OFFLOAD
4105,"Day 3, 20:25",0.01,45.41,33.9,2.01,2,-63.9,10.0,54.94,0.4205,0.3995,LOCAL
4106,"Day 3, 20:26",0.94,45.34,24.6,1.0,2,-65.0,10.0,54.13,0.3867,0.3641,LOCAL
4107,"Day 3, 20:27",0.33,45.23,33.54,6.53,4,-64.7,10.0,49.53,0.489,0.45,LOCAL
4108,"Day 3, 20:28",0.63,45.16,25.68,9.31,1,-65.8,10.0,51.6,0.3562,0.542,LOCAL
4109,"Day 3, 20:29",0.38,45.07,27.1,5.52,4,-67.4,10.0,53.87,0.4667,0.4739,LOCAL
4110,"Day 3, 20:30",0.25,44.95,32.04,5.34,7,-65.4,10.0,51.76,0.5893,0.4446,OFFLOAD
4111,"Day 3, 20:31",1.27,44.87,31.8,7.9,3,-62.8,10.0,48.07,0.4471,0.4691,LOCAL
4112,"Day 3, 20:32",1.06,44.76,34.67,6.87,5,-60.9,10.0,47.62,0.5276,0.439,OFFLOAD
4113,"Day 3, 20:33",1.37,44.69,30.84,3.65,5,-59.8,10.0,44.53,0.5138,0.3293,OFFLOAD
4114,"Day 3, 20:34",0.49,44.61,28.94,4.25,5,-60.9,10.0,45.7,0.5086,0.355,OFFLOAD
4115,"Day 3, 20:35",0.02,44.54,27.5,8.02,1,-59.9,10.0,45.44,0.3644,0.4468,LOCAL
4116,"Day 3, 20:36",0.22,44.45,26.61,8.16,3,-62.1,10.0,48.56,0.4311,0.4807,LOCAL
4117,"Day 3, 20:37",0.86,44.35,28.89,4.64,5,-60.3,10.0,48.66,0.5083,0.3936,OFFLOAD
4118,"Day 3, 20:38",0.32,44.29,20.87,1.19,7,-58.3,10.0,44.6,0.5511,0.2684,OFFLOAD
4119,"Day 3, 20:39",0.96,44.23,20.44,2.57,5,-57.4,12.1,42.82,0.4788,0.2932,OFFLOAD
4120,"Day 3, 20:40",1.29,44.14,41.19,8.78,9,-60.3,10.0,40.23,0.691,0.4213,OFFLOAD
4121,"Day 3, 20:41",0.76,44.06,32.82,3.11,5,-61.7,10.0,45.02,0.5227,0.3203,OFFLOAD
4122,"Day 3, 20:42",0.26,43.96,41.39,8.01,7,-64.1,10.0,44.34,0.6235,0.4366,OFFLOAD
4123,"Day 3, 20:43",0.9,43.86,52.74,9.08,7,-63.4,10.0,48.45,0.6624,0.5025,OFFLOAD
4124,"Day 3, 20:44",0.48,43.75,46.91,8.19,3,-64.7,10.0,50.73,0.5028,0.5044,LOCAL
4125,"Day 3, 20:45",0.95,43.63,44.03,5.66,6,-66.3,10.0,52.38,0.5972,0.4597,OFFLOAD
4126,"Day 3, 20:46",0.12,43.53,48.53,4.81,10,-67.9,10.0,52.26,0.7544,0.437,OFFLOAD
4127,"Day 3, 20:47",0.89,43.45,31.44,2.1,2,-68.7,10.0,53.95,0.4135,0.3893,LOCAL
4128,"Day 3, 20:48",0.37,43.35,30.91,4.58,4,-70.4,10.0,52.47,0.4826,0.4337,LOCAL
4129,"Day 3, 20:49",0.7,43.28,24.04,4.97,1,-67.9,10.4,47.13,0.3532,0.3878,LOCAL
4130,"Day 3, 20:50",0.94,43.17,32.49,4.71,5,-66.8,10.0,43.19,0.5225,0.344,OFFLOAD
4131,"Day 3, 20:51",0.93,43.06,55.1,9.22,8,-64.6,10.0,43.61,0.7069,0.4604,OFFLOAD
4132,"Day 3, 20:52",0.51,42.97,40.85,1.92,9,-64.7,10.6,43.42,0.6927,0.2779,OFFLOAD
4133,"Day 3, 20:53",0.62,42.87,47.11,6.36,8,-65.3,10.0,46.63,0.6796,0.4166,OFFLOAD
4134,"Day 3, 20:54",0.39,42.79,34.76,1.51,9,-63.4,10.0,45.02,0.6719,0.2803,OFFLOAD
4135,"Day 3, 20:55",0.5,42.71,28.43,2.96,6,-64.1,10.0,49.22,0.5447,0.3575,OFFLOAD
4136,"Day 3, 20:56",1.07,42.62,43.66,7.03,9,-64.7,10.0,48.39,0.7023,0.4507,OFFLOAD
4137,"Day 3, 20:57",1.16,42.53,37.22,2.27,8,-63.9,10.0,43.91,0.6447,0.2893,LOCAL
4138,"Day 3, 20:58",1.41,42.45,27.71,7.95,2,-65.2,10.0,48.87,0.4012,0.4785,LOCAL
4139,"Day 3, 20:59",0.46,42.33,38.32,7.29,6,-66.6,10.1,48.84,0.5799,0.4622,OFFLOAD
4140,"Day 3, 21:00",1.5,42.27,23.45,3.96,2,-64.9,12.8,45.4,0.3864,0.3529,LOCAL
4141,"Day 3, 21:01",0.98,42.17,27.74,5.28,6,-65.4,10.0,41.95,0.5424,0.3477,OFFLOAD
4142,"Day 3, 21:02",0.87,42.09,28.25,4.11,4,-67.5,10.0,43.74,0.4744,0.3338,OFFLOAD
4143,"Day 3, 21:03",0.17,42.03,21.21,1.24,4,-66.8,10.0,49.65,0.4509,0.319,OFFLOAD
4144,"Day 3, 21:04",0.26,41.96,19.58,3.35,2,-65.7,10.0,52.62,0.3752,0.4048,LOCAL
4145,"Day 3, 21:05",0.42,41.87,22.97,3.6,5,-63.3,12.3,49.29,0.4919,0.3808,OFFLOAD
4146,"Day 3, 21:06",0.21,41.8,25.05,2.46,10,-64.8,10.0,53.19,0.6746,0.3892,OFFLOAD
4147,"Day 3, 21:07",1.01,41.72,35.15,5.49,6,-64.9,10.0,56.52,0.5689,0.5072,OFFLOAD
4148,"Day 3, 21:08",1.49,41.62,45.85,9.39,5,-64.1,10.0,51.71,0.5708,0.5453,LOCAL
4149,"Day 3, 21:09",0.45,41.49,41.75,3.82,8,-65.7,10.0,52.17,0.6632,0.4113,OFFLOAD
4150,"Day 3, 21:10",1.03,41.39,48.5,4.48,10,-67.0,10.1,54.81,0.7561,0.4601,LOCAL
4151,"Day 3, 21:11",0.68,41.26,41.54,2.63,7,-67.6,10.0,55.43,0.6275,0.4213,OFFLOAD
4152,"Day 3, 21:12",0.95,41.19,26.73,2.66,1,-68.3,10.0,54.56,0.3653,0.411,LOCAL
4153,"Day 3, 21:13",1.21,41.05,42.79,7.51,9,-65.6,10.5,49.54,0.7014,0.476,OFFLOAD
4154,"Day 3, 21:14",0.87,40.95,44.87,9.91,4,-67.0,10.0,46.49,0.5343,0.504,LOCAL
4155,"Day 3, 21:15",1.43,40.83,45.99,8.36,5,-67.4,10.0,49.5,0.5726,0.4954,OFFLOAD
4156,"Day 3, 21:16",1.3,40.74,45.53,7.72,4,-64.7,10.0,46.41,0.5363,0.4485,OFFLOAD
4157,"Day 3, 21:17",0.51,40.65,38.11,3.52,6,-65.7,10.0,43.43,0.5816,0.3163,OFFLOAD
4158,"Day 3, 21:18",0.93,40.56,36.05,6.02,3,-67.6,10.0,40.58,0.4689,0.3551,OFFLOAD
4159,"Day 3, 21:19",0.55,40.48,32.75,3.46,4,-69.3,10.0,40.0,0.4931,0.2865,OFFLOAD
4160,"Day 3, 21:20",0.25,40.39,39.51,5.6,8,-66.9,11.1,42.77,0.6573,0.3658,OFFLOAD
4161,"Day 3, 21:21",1.46,40.31,37.49,3.21,10,-65.4,10.0,48.64,0.7185,0.3577,OFFLOAD
4162,"Day 3, 21:22",1.18,40.23,30.3,6.54,2,-65.5,10.0,48.17,0.4139,0.4361,LOCAL
4163,"Day 3, 21:23",1.22,40.08,55.74,9.58,8,-68.0,10.4,51.87,0.7132,0.5529,OFFLOAD
4164,"Day 3, 21:24",0.4,39.99,38.18,5.25,2,-65.3,10.0,49.23,0.443,0.4148,LOCAL
4165,"Day 3, 21:25",1.42,39.84,57.74,9.44,8,-65.2,10.0,47.63,0.7202,0.5033,OFFLOAD
4166,"Day 3, 21:26",0.91,39.73,53.21,5.93,9,-66.2,10.0,45.62,0.7403,0.3963,OFFLOAD
4167,"Day 3, 21:27",1.43,39.63,49.33,8.76,3,-68.4,10.6,44.95,0.516,0.4625,OFFLOAD
4168,"Day 3, 21:28",0.4,39.54,38.81,2.35,5,-66.0,10.7,42.16,0.5509,0.2782,OFFLOAD
4169,"Day 3, 21:29",0.09,39.45,43.08,5.81,7,-64.7,10.0,45.07,0.6365,0.3882,OFFLOAD
4170,"Day 3, 21:30",0.52,39.35,42.32,7.83,5,-63.3,10.0,43.56,0.5633,0.4252,OFFLOAD
4171,"Day 3, 21:31",0.15,39.26,43.73,3.12,10,-61.3,10.0,39.72,0.7439,0.2758,LOCAL
4172,"Day 3, 21:32",1.39,39.14,43.21,6.65,4,-60.1,10.0,36.89,0.5304,0.3428,OFFLOAD
4173,"Day 3, 21:33",1.02,39.06,33.46,3.6,4,-60.1,10.0,39.94,0.497,0.2896,OFFLOAD
4174,"Day 3, 21:34",0.36,38.99,29.2,1.76,3,-61.2,10.0,41.81,0.4482,0.2586,OFFLOAD
4175,"Day 3, 21:35",0.79,38.91,30.84,2.48,9,-63.5,10.0,42.93,0.6634,0.286,OFFLOAD
4176,"Day 3, 21:36",1.05,38.84,29.54,1.78,9,-63.3,10.0,43.23,0.6585,0.2711,OFFLOAD
4177,"Day 3, 21:37",0.01,38.76,29.02,2.2,6,-65.3,10.0,46.34,0.5534,0.3098,OFFLOAD
4178,"Day 3, 21:38",1.36,38.69,25.19,2.61,8,-65.4,10.0,44.9,0.6081,0.3066,OFFLOAD
4179,"Day 3, 21:39",0.39,38.61,34.93,7.69,6,-64.8,10.0,41.12,0.5737,0.4012,OFFLOAD
4180,"Day 3, 21:40",1.18,38.54,27.62,5.92,2,-66.9,11.4,44.97,0.4071,0.394,LOCAL
4181,"Day 3, 21:41",1.14,38.46,21.79,3.44,3,-67.0,10.0,43.65,0.4219,0.3163,OFFLOAD
4182,"Day 3, 21:42",0.33,38.38,27.31,4.59,3,-68.7,12.3,41.96,0.4425,0.3372,OFFLOAD
4183,"Day 3, 21:43",1.18,38.32,21.39,1.33,4,-68.7,10.0,47.89,0.4556,0.3031,OFFLOAD
4184,"Day 3, 21:44",0.7,38.23,41.63,7.1,8,-65.8,10.0,53.07,0.6673,0.5038,OFFLOAD
4185,"Day 3, 21:45",0.53,38.15,33.32,5.54,3,-64.1,10.0,55.34,0.4636,0.4929,LOCAL
4186,"Day 3, 21:46",0.74,38.02,43.61,6.52,7,-65.3,10.0,51.77,0.6395,0.4742,OFFLOAD
4187,"Day 3, 21:47",0.37,37.94,33.14,5.85,2,-67.8,11.4,52.63,0.4285,0.4713,LOCAL
4188,"Day 3, 21:48",1.43,37.8,36.68,3.31,10,-69.4,10.7,50.9,0.7195,0.3861,OFFLOAD
4189,"Day 3, 21:49",0.67,37.71,44.53,9.42,5,-70.5,10.0,47.19,0.5733,0.4985,OFFLOAD
4190,"Day 3, 21:50",1.25,37.62,38.67,5.87,3,-71.4,10.0,48.06,0.482,0.4184,OFFLOAD
4191,"Day 3, 21:51",0.65,37.52,44.58,6.01,7,-70.6,13.1,48.46,0.6438,0.4346,OFFLOAD
4192,"Day 3, 21:52",1.42,37.41,60.98,9.41,8,-72.5,10.0,50.01,0.7352,0.527,OFFLOAD
4193,"Day 3, 21:53",0.74,37.3,51.19,5.24,6,-73.7,10.1,47.77,0.6321,0.4,OFFLOAD
4194,"Day 3, 21:54",0.33,37.19,54.32,8.87,5,-71.8,10.0,49.95,0.6088,0.5129,OFFLOAD
4195,"Day 3, 21:55",0.75,37.11,33.87,4.06,1,-69.1,10.4,51.07,0.3967,0.406,LOCAL
4196,"Day 3, 21:56",1.01,37.04,22.23,1.05,1,-66.3,10.6,52.61,0.3557,0.3489,LOCAL
4197,"Day 3, 21:57",0.99,36.96,23.09,9.27,2,-66.4,10.0,48.22,0.3939,0.505,LOCAL
4198,"Day 3, 21:58",0.94,36.87,24.51,5.22,5,-64.5,10.0,49.01,0.5041,0.4117,OFFLOAD
4199,"Day 3, 21:59",0.73,36.8,21.18,9.88,1,-63.1,10.0,46.52,0.3528,0.5035,LOCAL
4200,"Day 3, 22:00",0.74,36.68,37.97,6.68,8,-62.2,10.0,47.27,0.6568,0.4308,OFFLOAD
4201,"Day 3, 22:01",0.63,36.59,39.38,7.23,5,-60.6,10.0,49.58,0.557,0.468,OFFLOAD
4202,"Day 3, 22:02",0.99,36.5,37.37,2.99,7,-61.6,10.0,44.77,0.6196,0.315,OFFLOAD
4203,"Day 3, 22:03",0.43,36.43,26.69,2.22,2,-63.1,10.0,48.37,0.4081,0.3302,OFFLOAD
4204,"Day 3, 22:04",0.27,36.36,20.93,5.18,3,-65.5,10.0,50.94,0.4233,0.4314,LOCAL
4205,"Day 3, 22:05",1.04,36.26,26.56,4.38,6,-63.1,10.0,52.29,0.547,0.4266,OFFLOAD
4206,"Day 3, 22:06",0.41,36.18,31.57,3.43,8,-64.9,10.0,50.94,0.6356,0.3876,OFFLOAD
4207,"Day 3, 22:07",0.44,36.11,30.82,2.52,9,-64.9,11.4,52.41,0.6681,0.3856,OFFLOAD
4208,"Day 3, 22:08",1.22,36.02,41.58,4.0,10,-62.5,10.0,56.09,0.7397,0.4642,OFFLOAD
4209,"Day 3, 22:09",0.91,35.93,34.61,1.35,8,-63.0,10.0,58.7,0.6459,0.4342,OFFLOAD
4210,"Day 3, 22:10",1.31,35.86,28.11,4.21,3,-61.9,10.0,55.37,0.4476,0.46,LOCAL
4211,"Day 3, 22:11",0.3,35.76,24.56,2.15,6,-62.0,10.2,52.2,0.5419,0.3704,OFFLOAD
4212,"Day 3, 22:12",0.27,35.68,32.76,7.3,5,-62.8,10.0,54.93,0.5357,0.5316,LOCAL
4213,"Day 3, 22:13",0.08,35.59,27.91,2.77,4,-62.4,10.0,53.73,0.4842,0.4034,OFFLOAD
4214,"Day 3, 22:14",1.08,35.48,49.63,8.81,9,-64.1,10.0,51.78,0.7338,0.5315,OFFLOAD
4215,"Day 3, 22:15",0.36,35.36,61.32,9.96,7,-65.8,10.0,54.1,0.706,0.5877,OFFLOAD
4216,"Day 3, 22:16",0.02,35.26,47.16,2.02,9,-67.8,11.2,57.67,0.7271,0.4396,OFFLOAD
4217,"Day 3, 22:17",1.0,35.17,41.14,3.22,10,-67.1,10.0,52.48,0.7397,0.3999,OFFLOAD
4218,"Day 3, 22:18",1.31,35.09,34.47,2.23,6,-65.6,10.0,48.35,0.576,0.3303,OFFLOAD
4219,"Day 3, 22:19",0.98,35.02,22.95,9.65,1,-66.9,10.0,48.5,0.3613,0.5173,LOCAL
4220,"Day 3, 22:20",0.55,34.9,29.5,3.21,10,-64.9,10.0,44.96,0.7001,0.3222,OFFLOAD
4221,"Day 3, 22:21",0.58,34.83,22.93,4.01,2,-65.0,10.0,47.9,0.3971,0.3702,LOCAL
4222,"Day 3, 22:22",0.25,34.76,16.79,2.17,2,-66.2,10.0,46.05,0.3762,0.3063,OFFLOAD
4223,"Day 3, 22:23",1.31,34.69,26.51,5.98,5,-65.6,10.0,47.92,0.5138,0.4197,OFFLOAD
4224,"Day 3, 22:24",0.14,34.58,53.76,8.71,10,-64.0,10.0,45.91,0.7861,0.4685,OFFLOAD
4225,"Day 3, 22:25",0.45,34.45,71.62,8.96,10,-64.7,10.0,43.56,0.8483,0.4535,OFFLOAD
4226,"Day 3, 22:26",1.35,34.32,69.64,7.72,7,-66.9,10.0,48.58,0.7352,0.4698,OFFLOAD
4227,"Day 3, 22:27",1.09,34.21,50.65,7.93,1,-68.0,10.0,50.78,0.4593,0.4984,LOCAL
4228,"Day 3, 22:28",0.1,34.06,48.98,5.49,9,-68.6,10.0,50.47,0.7352,0.4339,OFFLOAD
4229,"Day 3, 22:29",1.32,33.95,61.01,9.76,7,-67.6,10.0,47.59,0.7057,0.5109,OFFLOAD
4230,"Day 3, 22:30",0.54,33.85,46.97,8.11,2,-68.3,10.0,50.66,0.4828,0.5016,LOCAL
4231,"Day 3, 22:31",0.97,33.76,31.48,3.38,1,-67.4,10.0,51.55,0.3931,0.3932,LOCAL
4232,"Day 3, 22:32",0.88,33.68,27.57,6.78,3,-66.4,10.0,52.68,0.4497,0.4912,LOCAL
4233,"Day 3, 22:33",0.17,33.54,43.24,9.34,7,-68.2,10.0,50.02,0.6458,0.5254,OFFLOAD
4234,"Day 3, 22:34",1.49,33.46,38.65,6.92,2,-68.2,10.4,53.16,0.4528,0.5014,LOCAL
4235,"Day 3, 22:35",0.78,33.36,35.85,8.44,2,-67.6,10.0,49.28,0.4443,0.4951,LOCAL
4236,"Day 3, 22:36",0.48,33.28,29.81,6.02,2,-65.8,10.0,46.18,0.4237,0.4037,LOCAL
4237,"Day 3, 22:37",0.75,33.17,33.39,6.12,5,-65.4,10.1,50.59,0.541,0.4514,OFFLOAD
4238,"Day 3, 22:38",0.02,33.09,29.55,1.6,10,-65.0,10.0,51.74,0.7038,0.3509,OFFLOAD
4239,"Day 3, 22:39",1.1,33.03,22.49,2.71,3,-62.5,10.0,54.03,0.4325,0.4056,LOCAL
4240,"Day 3, 22:40",0.93,32.9,39.11,6.29,7,-60.9,10.0,56.76,0.6311,0.5305,OFFLOAD
4241,"Day 3, 22:41",0.64,32.82,34.38,6.83,2,-59.1,10.0,59.36,0.4401,0.581,LOCAL
4242,"Day 3, 22:42",1.02,32.71,29.64,2.8,8,-61.1,10.0,56.99,0.6331,0.4463,OFFLOAD
4243,"Day 3, 22:43",0.95,32.64,23.96,1.23,8,-63.3,10.0,58.69,0.6135,0.4311,OFFLOAD
4244,"Day 3, 22:44",0.76,32.56,30.46,9.36,4,-64.9,13.0,52.49,0.4966,0.5619,LOCAL
4245,"Day 3, 22:45",0.47,32.47,28.51,3.34,4,-65.5,10.0,54.44,0.4904,0.4265,OFFLOAD
4246,"Day 3, 22:46",0.02,32.4,23.94,1.13,2,-63.1,10.0,52.32,0.4052,0.3457,OFFLOAD
4247,"Day 3, 22:47",0.08,32.33,25.91,2.75,8,-63.5,10.0,56.31,0.6221,0.4359,OFFLOAD
4248,"Day 3, 22:48",0.16,32.23,46.11,7.71,7,-65.2,10.0,56.72,0.6578,0.5653,OFFLOAD
4249,"Day 3, 22:49",0.06,32.09,68.54,9.94,9,-66.4,10.0,55.43,0.8067,0.604,LOCAL
4250,"Day 3, 22:50",0.03,31.96,47.82,1.71,6,-67.9,10.0,54.97,0.6294,0.3924,OFFLOAD
4251,"Day 3, 22:51",0.66,31.84,64.21,9.04,9,-66.0,10.0,54.18,0.791,0.5658,OFFLOAD
4252,"Day 3, 22:52",0.16,31.73,49.36,2.33,10,-66.0,10.0,49.73,0.7749,0.347,OFFLOAD
4253,"Day 3, 22:53",0.8,31.63,49.51,6.16,9,-63.4,11.4,48.61,0.7396,0.435,OFFLOAD
4254,"Day 3, 22:54",1.28,31.53,50.31,8.76,5,-66.1,10.0,48.81,0.6019,0.4981,OFFLOAD
4255,"Day 3, 22:55",0.93,31.43,45.93,7.98,3,-66.4,10.0,44.9,0.5172,0.4409,OFFLOAD
4256,"Day 3, 22:56",0.93,31.35,34.83,6.01,2,-67.9,10.0,45.44,0.4435,0.3966,LOCAL
4257,"Day 3, 22:57",0.59,31.21,43.84,5.38,8,-67.5,10.0,48.16,0.6857,0.407,LOCAL
4258,"Day 3, 22:58",0.83,31.06,49.14,6.0,9,-65.6,10.0,52.32,0.7392,0.4675,OFFLOAD
4259,"Day 3, 22:59",1.15,30.98,38.22,6.25,2,-66.1,10.0,49.36,0.4556,0.4412,LOCAL
4260,"Day 3, 23:00",0.11,30.88,31.45,2.49,3,-65.8,10.0,51.77,0.4686,0.3734,OFFLOAD
4261,"Day 3, 23:01",0.52,30.81,25.9,7.6,1,-67.1,10.0,53.81,0.3787,0.5252,LOCAL
4262,"Day 3, 23:02",1.47,30.67,41.42,5.73,10,-66.0,10.0,53.71,0.7468,0.4772,OFFLOAD
4263,"Day 3, 23:03",1.09,30.58,40.58,5.38,7,-66.7,10.0,53.05,0.6395,0.4606,OFFLOAD
4264,"Day 3, 23:04",1.46,30.47,54.55,7.87,8,-64.8,10.0,56.92,0.723,0.572,OFFLOAD
4265,"Day 3, 23:05",0.63,30.36,55.88,5.96,8,-66.1,10.0,53.52,0.7291,0.4807,OFFLOAD
4266,"Day 3, 23:06",1.39,30.25,57.01,6.92,8,-63.5,10.0,49.63,0.7321,0.4607,OFFLOAD
4267,"Day 3, 23:07",0.83,30.15,43.71,7.03,2,-65.8,10.0,49.52,0.4765,0.4623,LOCAL
4268,"Day 3, 23:08",0.78,29.97,66.82,9.39,10,-67.2,10.0,45.37,0.8377,0.4804,LOCAL
4269,"Day 3, 23:09",1.5,29.86,45.31,3.43,4,-65.8,10.0,41.07,0.5516,0.2942,LOCAL
4270,"Day 3, 23:10",0.42,29.72,50.51,7.11,7,-67.3,10.0,43.8,0.6766,0.4093,LOCAL
4271,"Day 3, 23:11",0.2,29.57,47.33,2.34,9,-67.2,10.0,40.18,0.736,0.26,LOCAL
4272,"Day 3, 23:12",0.52,29.49,30.83,1.55,1,-66.1,10.0,39.85,0.3979,0.2376,LOCAL
4273,"Day 3, 23:13",0.06,29.38,28.2,2.56,6,-65.8,12.6,42.89,0.5645,0.2951,LOCAL
4274,"Day 3, 23:14",0.57,29.24,45.84,8.04,9,-65.5,10.0,44.8,0.7307,0.4415,LOCAL
4275,"Day 3, 23:15",0.37,29.14,35.53,8.14,2,-67.7,10.2,45.47,0.4501,0.4508,LOCAL
4276,"Day 3, 23:16",1.25,29.06,24.97,3.26,2,-65.4,10.0,50.97,0.4119,0.3837,LOCAL
4277,"Day 3, 23:17",0.31,28.96,27.69,4.87,5,-63.1,10.0,48.77,0.528,0.4005,LOCAL
4278,"Day 3, 23:18",0.73,28.87,27.55,4.46,4,-61.8,10.0,51.67,0.492,0.4215,LOCAL
4279,"Day 3, 23:19",0.69,28.74,41.12,7.56,7,-63.1,10.0,52.01,0.6448,0.5029,LOCAL
4280,"Day 3, 23:20",0.98,28.64,35.51,4.97,3,-65.3,10.0,53.59,0.4848,0.4567,LOCAL
4281,"Day 3, 23:21",1.01,28.53,41.59,9.56,5,-63.8,10.0,50.28,0.5763,0.5337,LOCAL
4282,"Day 3, 23:22",0.71,28.45,27.86,1.18,1,-65.2,10.0,54.29,0.3888,0.3706,LOCAL
4283,"Day 3, 23:23",0.0,28.33,37.91,6.41,6,-63.5,10.0,53.43,0.6002,0.4908,LOCAL
4284,"Day 3, 23:24",0.35,28.25,27.14,6.4,1,-61.5,10.0,50.77,0.3871,0.4601,LOCAL
4285,"Day 3, 23:25",0.71,28.12,43.4,7.72,7,-61.0,10.0,48.37,0.6536,0.4677,LOCAL
4286,"Day 3, 23:26",0.57,27.96,50.65,6.55,10,-61.6,10.0,45.24,0.7845,0.4083,LOCAL
4287,"Day 3, 23:27",0.14,27.87,36.4,7.74,1,-62.8,10.0,49.62,0.4204,0.4812,LOCAL
4288,"Day 3, 23:28",0.5,27.74,31.97,3.28,10,-61.1,10.0,50.64,0.7195,0.3806,LOCAL
4289,"Day 3, 23:29",0.4,27.62,34.74,4.83,7,-62.2,10.0,47.42,0.6246,0.386,LOCAL
4290,"Day 3, 23:30",0.02,27.52,30.37,2.57,4,-61.3,10.0,46.35,0.505,0.3191,LOCAL
4291,"Day 3, 23:31",0.7,27.43,24.26,1.58,5,-60.2,10.0,50.91,0.5177,0.341,LOCAL
4292,"Day 3, 23:32",0.74,27.33,31.75,7.37,5,-60.5,10.0,48.13,0.544,0.4565,LOCAL
4293,"Day 3, 23:33",0.05,27.18,42.63,4.62,10,-59.8,10.0,49.75,0.7584,0.4045,LOCAL
4294,"Day 3, 23:34",0.11,27.1,28.34,2.58,1,-60.1,10.0,50.31,0.3934,0.3595,LOCAL
4295,"Day 3, 23:35",1.38,27.02,21.33,1.24,3,-59.6,10.0,50.11,0.437,0.3239,LOCAL
4296,"Day 3, 23:36",1.05,26.94,22.99,5.03,4,-58.5,10.0,49.74,0.4785,0.4147,LOCAL
4297,"Day 3, 23:37",0.15,26.8,43.81,8.62,8,-57.1,10.0,52.8,0.6929,0.5386,LOCAL
4298,"Day 3, 23:38",0.21,26.67,36.12,1.42,8,-58.2,10.0,53.65,0.6661,0.3688,LOCAL
4299,"Day 3, 23:39",1.24,26.54,37.32,4.07,9,-59.2,10.0,55.73,0.704,0.4612,LOCAL
4300,"Day 3, 23:40",0.11,26.45,29.58,1.64,3,-57.4,10.0,52.41,0.4687,0.3595,LOCAL
4301,"Day 3, 23:41",0.12,26.29,57.28,9.24,9,-58.3,10.0,50.15,0.7759,0.5243,LOCAL
4302,"Day 3, 23:42",0.39,26.12,55.21,4.6,10,-57.1,10.0,51.07,0.8035,0.4183,LOCAL
4303,"Day 3, 23:43",0.8,26.03,35.82,2.18,2,-56.1,10.0,46.48,0.4551,0.3106,LOCAL
4304,"Day 3, 23:44",1.21,25.91,32.84,1.93,8,-59.2,10.0,43.06,0.6543,0.2734,LOCAL
4305,"Day 3, 23:45",0.85,25.77,36.52,2.96,10,-59.7,11.6,47.27,0.7379,0.3423,LOCAL
4306,"Day 3, 23:46",1.49,25.64,43.09,6.7,8,-61.5,10.0,48.36,0.6901,0.4421,LOCAL
4307,"Day 3, 23:47",0.12,25.56,26.85,9.37,1,-61.2,10.5,46.71,0.3905,0.494,LOCAL
4308,"Day 3, 23:48",0.96,25.43,43.15,7.06,8,-63.5,10.0,49.64,0.6914,0.4643,LOCAL
4309,"Day 3, 23:49",0.87,25.29,41.77,4.22,8,-64.0,10.0,47.51,0.6869,0.3716,LOCAL
4310,"Day 3, 23:50",0.1,25.16,40.96,3.64,7,-61.9,10.0,52.62,0.6505,0.412,LOCAL
4311,"Day 3, 23:51",1.42,25.02,54.05,8.91,7,-61.6,10.0,49.47,0.6945,0.5088,LOCAL
4312,"Day 3, 23:52",1.11,24.93,35.58,2.27,2,-61.7,10.0,52.2,0.4555,0.3728,LOCAL
4313,"Day 3, 23:53",0.05,24.85,27.2,7.25,1,-62.6,10.0,51.91,0.3928,0.4941,LOCAL
4314,"Day 3, 23:54",0.48,24.69,55.07,9.79,10,-65.0,10.0,53.04,0.805,0.5707,LOCAL
4315,"Day 3, 23:55",0.66,24.54,48.21,4.71,8,-66.4,10.0,48.53,0.7109,0.3941,LOCAL
4316,"Day 3, 23:56",0.39,24.44,39.01,7.01,3,-65.6,10.0,51.98,0.5043,0.4888,LOCAL
4317,"Day 3, 23:57",0.54,24.36,30.7,4.89,1,-63.2,10.0,49.19,0.4051,0.4054,LOCAL
4318,"Day 3, 23:58",0.29,24.24,31.69,4.07,8,-61.7,10.0,51.21,0.6541,0.4066,LOCAL
4319,"Day 3, 23:59",1.26,24.09,41.89,4.45,10,-63.3,10.0,52.78,0.7586,0.4341,LOCAL
4320,"Day 4, 00:00",0.18,24.01,30.82,7.23,1,-64.5,10.0,48.93,0.4066,0.4612,LOCAL
4321,"Day 4, 00:01",0.77,23.91,37.66,9.73,3,-64.0,10.0,49.3,0.4998,0.5276,LOCAL
4322,"Day 4, 00:02",1.11,23.75,54.77,8.61,9,-65.9,10.0,48.04,0.7694,0.4866,LOCAL
4323,"Day 4, 00:03",1.07,23.61,42.64,1.29,10,-66.4,10.0,45.66,0.7622,0.2806,LOCAL
4324,"Day 4, 00:04",0.15,23.5,37.81,6.37,4,-68.5,10.0,50.74,0.5369,0.4589,LOCAL
4325,"Day 4, 00:05",1.22,23.42,29.5,5.77,1,-69.5,12.0,53.87,0.4013,0.4858,LOCAL
4326,"Day 4, 00:06",0.71,23.27,47.22,7.3,9,-69.8,10.0,50.69,0.7443,0.4816,LOCAL
4327,"Day 4, 00:07",0.05,23.14,51.82,7.54,6,-69.3,10.0,47.22,0.6566,0.4517,LOCAL
4328,"Day 4, 00:08",0.48,23.02,44.05,6.33,4,-69.6,11.2,47.19,0.5589,0.4246,LOCAL
4329,"Day 4, 00:09",0.98,22.92,37.57,4.3,3,-70.3,10.0,51.05,0.5006,0.4106,LOCAL
4330,"Day 4, 00:10",1.15,22.8,39.27,5.37,6,-67.8,12.9,50.11,0.6115,0.4354,LOCAL
4331,"Day 4, 00:11",0.85,22.66,52.72,8.73,7,-67.5,10.0,48.35,0.6943,0.4927,LOCAL
4332,"Day 4, 00:12",0.42,22.55,44.5,9.36,2,-69.5,10.0,47.25,0.4913,0.4976,LOCAL
4333,"Day 4, 00:13",0.11,22.39,62.26,9.27,7,-67.3,10.0,48.09,0.7292,0.5036,LOCAL
4334,"Day 4, 00:14",0.65,22.24,61.45,9.65,5,-66.5,10.0,49.8,0.6557,0.5308,LOCAL
4335,"Day 4, 00:15",1.18,22.13,43.44,2.04,5,-67.3,10.0,46.82,0.5921,0.3104,LOCAL
4336,"Day 4, 00:16",1.17,22.01,45.92,8.21,4,-66.5,10.0,46.75,0.566,0.464,LOCAL
4337,"Day 4, 00:17",0.45,21.85,49.79,5.27,10,-68.3,10.3,42.24,0.7908,0.3507,LOCAL
4338,"Day 4, 00:18",0.9,21.73,41.24,2.9,7,-66.2,10.0,39.85,0.6554,0.2714,LOCAL
4339,"Day 4, 00:19",0.11,21.6,31.48,1.1,9,-66.6,10.0,39.08,0.6926,0.2204,LOCAL
4340,"Day 4, 00:20",0.32,21.49,34.13,4.2,6,-67.4,10.0,36.76,0.5967,0.2807,LOCAL
4341,"Day 4, 00:21",0.44,21.37,36.52,4.62,6,-69.3,12.6,41.05,0.6051,0.3314,LOCAL
4342,"Day 4, 00:22",1.03,21.24,42.64,6.76,7,-70.6,11.7,38.34,0.6608,0.3612,LOCAL
4343,"Day 4, 00:23",0.17,21.09,56.04,9.55,7,-71.7,10.0,44.26,0.7093,0.4744,LOCAL
4344,"Day 4, 00:24",1.26,20.97,41.69,3.76,6,-71.4,10.0,44.46,0.6226,0.3314,LOCAL
4345,"Day 4, 00:25",0.98,20.87,28.14,1.21,5,-68.5,10.0,42.95,0.5407,0.2545,LOCAL
4346,"Day 4, 00:26",1.2,20.75,36.23,2.74,8,-69.5,10.0,44.17,0.6739,0.3033,LOCAL
4347,"Day 4, 00:27",0.72,20.64,30.56,2.88,6,-71.0,10.3,40.51,0.5849,0.2767,LOCAL
4348,"Day 4, 00:28",0.75,20.54,34.4,7.91,4,-69.3,10.0,39.92,0.5285,0.3972,LOCAL
4349,"Day 4, 00:29",0.91,20.43,29.53,3.22,6,-69.2,10.0,45.04,0.5814,0.3231,LOCAL
4350,"Day 4, 00:30",1.49,20.28,52.36,8.43,9,-69.9,10.0,45.1,0.7656,0.454,LOCAL
4351,"Day 4, 00:31",0.85,20.17,42.51,5.16,3,-70.9,10.0,44.76,0.5222,0.3692,LOCAL
4352,"Day 4, 00:32",0.45,20.05,38.19,4.51,6,-68.7,10.5,46.23,0.6129,0.3678,LOCAL
4353,"Day 4, 00:33",1.17,19.97,30.09,9.27,1,-68.9,10.0,51.61,0.4086,0.5412,LOCAL
4354,"Day 4, 00:34",1.35,19.86,26.6,2.75,8,-70.8,11.4,50.51,0.6413,0.3698,LOCAL
4355,"Day 4, 00:35",1.3,19.72,53.5,9.73,8,-70.8,10.0,46.79,0.7357,0.5024,LOCAL
4356,"Day 4, 00:36",0.77,19.59,44.62,4.04,5,-71.5,10.9,43.78,0.6006,0.3349,LOCAL
4357,"Day 4, 00:37",0.83,19.45,53.73,9.59,7,-70.5,11.2,41.93,0.7026,0.4586,LOCAL
4358,"Day 4, 00:38",1.42,19.33,49.84,8.44,4,-71.4,10.7,39.98,0.5833,0.4127,LOCAL
4359,"Day 4, 00:39",1.08,19.16,58.0,5.95,10,-69.7,10.1,43.18,0.8226,0.3752,LOCAL
4360,"Day 4, 00:40",0.16,19.01,60.51,9.95,6,-68.9,10.0,47.56,0.693,0.5154,LOCAL
4361,"Day 4, 00:41",0.57,18.86,48.35,1.69,10,-70.6,10.0,46.54,0.7901,0.299,LOCAL
4362,"Day 4, 00:42",0.71,18.77,37.81,8.04,1,-69.6,10.0,43.56,0.4381,0.4304,LOCAL
4363,"Day 4, 00:43",0.37,18.69,26.89,9.37,1,-70.5,10.0,40.71,0.4005,0.4399,LOCAL
4364,"Day 4, 00:44",0.97,18.53,50.61,7.72,10,-70.9,10.2,43.59,0.7979,0.4232,LOCAL
4365,"Day 4, 00:45",1.03,18.37,56.97,5.64,10,-70.8,10.1,40.66,0.8203,0.3466,LOCAL
4366,"Day 4, 00:46",1.49,18.28,40.83,6.9,1,-70.7,10.0,40.12,0.4483,0.3735,LOCAL
4367,"Day 4, 00:47",0.23,18.18,28.58,2.29,4,-70.6,11.8,36.84,0.5124,0.2387,LOCAL
4368,"Day 4, 00:48",0.88,18.09,23.93,2.1,5,-68.1,10.0,34.92,0.5303,0.2153,LOCAL
4369,"Day 4, 00:49",0.07,18.01,19.65,2.94,2,-68.1,11.6,40.06,0.4117,0.2787,LOCAL
4370,"Day 4, 00:50",0.29,17.92,18.26,2.37,6,-65.3,10.0,44.23,0.5466,0.2946,LOCAL
4371,"Day 4, 00:51",1.23,17.81,19.52,1.24,10,-63.4,10.0,46.42,0.6898,0.2866,LOCAL
4372,"Day 4, 00:52",1.29,17.69,33.03,6.35,8,-62.5,10.1,49.55,0.6671,0.446,LOCAL
4373,"Day 4, 00:53",0.05,17.57,32.2,4.43,7,-62.7,10.0,47.64,0.6313,0.3781,LOCAL
4374,"Day 4, 00:54",0.76,17.47,28.25,3.5,5,-63.0,10.0,50.36,0.5465,0.383,LOCAL
4375,"Day 4, 00:55",0.33,17.39,26.13,9.19,2,-64.2,10.0,45.82,0.4349,0.4796,LOCAL
4376,"Day 4, 00:56",1.42,17.28,33.75,5.38,7,-65.9,10.4,44.16,0.6351,0.3704,LOCAL
4377,"Day 4, 00:57",0.63,17.21,22.64,4.28,1,-64.3,10.0,48.55,0.3875,0.3835,LOCAL
4378,"Day 4, 00:58",0.32,17.09,36.6,7.42,6,-64.1,10.0,51.26,0.612,0.4909,LOCAL
4379,"Day 4, 00:59",0.88,16.98,26.41,1.34,7,-62.4,10.0,53.57,0.6107,0.3658,LOCAL
4380,"Day 4, 01:00",0.86,16.86,37.2,5.4,8,-63.2,11.1,51.55,0.6836,0.447,LOCAL
4381,"Day 4, 01:01",1.34,16.76,33.39,6.19,3,-63.5,13.5,50.93,0.4947,0.4664,LOCAL
4382,"Day 4, 01:02",0.17,16.65,28.34,2.65,7,-65.9,10.0,47.32,0.619,0.3305,LOCAL
4383,"Day 4, 01:03",1.28,16.54,34.88,6.3,5,-66.5,10.0,48.59,0.5703,0.4344,LOCAL
4384,"Day 4, 01:04",1.49,16.45,29.36,3.71,4,-64.7,10.0,44.15,0.5158,0.3274,LOCAL
4385,"Day 4, 01:05",0.36,16.32,37.81,4.82,9,-64.5,10.0,42.31,0.7223,0.3393,LOCAL
4386,"Day 4, 01:06",0.62,16.18,40.39,4.03,9,-62.1,10.0,41.55,0.7312,0.3132,LOCAL
4387,"Day 4, 01:07",0.74,16.04,49.41,6.87,8,-60.2,10.4,39.94,0.7278,0.3725,LOCAL
4388,"Day 4, 01:08",0.55,15.88,49.92,3.97,10,-61.2,10.0,38.49,0.8001,0.2876,LOCAL
4389,"Day 4, 01:09",0.18,15.75,47.52,8.7,5,-61.0,10.0,36.55,0.6174,0.3916,LOCAL
4390,"Day 4, 01:10",0.11,15.61,52.21,8.45,6,-60.1,10.0,38.58,0.6691,0.4003,LOCAL
4391,"Day 4, 01:11",1.17,15.48,43.38,2.04,8,-61.2,10.0,40.63,0.7068,0.256,LOCAL
4392,"Day 4, 01:12",0.46,15.38,34.41,5.66,3,-61.4,10.0,40.18,0.5017,0.3429,LOCAL
4393,"Day 4, 01:13",0.34,15.27,40.89,9.73,4,-62.0,10.0,43.98,0.5597,0.4764,LOCAL
4394,"Day 4, 01:14",0.04,15.11,57.06,9.34,8,-60.4,10.0,49.09,0.757,0.5156,LOCAL
4395,"Day 4, 01:15",1.1,14.98,49.11,5.2,6,-59.9,10.0,44.79,0.6578,0.3704,LOCAL
4396,"Day 4, 01:16",0.77,14.88,38.18,4.68,3,-58.2,10.0,45.33,0.5152,0.3623,LOCAL
4397,"Day 4, 01:17",1.3,14.76,32.31,1.53,8,-56.6,10.0,50.17,0.669,0.3317,LOCAL
4398,"Day 4, 01:18",1.33,14.68,26.7,1.34,2,-58.9,10.0,51.14,0.4394,0.3376,LOCAL
4399,"Day 4, 01:19",0.8,14.53,45.53,6.16,10,-58.1,10.0,46.7,0.7864,0.4122,LOCAL
4400,"Day 4, 01:20",0.87,14.38,57.53,9.39,7,-60.7,10.0,45.42,0.7235,0.4809,LOCAL
4401,"Day 4, 01:21",0.34,14.26,46.76,5.85,4,-61.3,10.0,49.97,0.5818,0.4376,LOCAL
4402,"Day 4, 01:22",0.81,14.14,43.99,7.39,4,-60.7,10.0,45.86,0.5715,0.435,LOCAL
4403,"Day 4, 01:23",0.93,13.98,62.37,8.87,9,-62.4,10.4,48.17,0.8109,0.4957,LOCAL
4404,"Day 4, 01:24",1.33,13.85,48.2,3.79,5,-65.0,10.0,48.17,0.6209,0.3674,LOCAL
4405,"Day 4, 01:25",1.35,13.77,35.38,7.74,1,-65.6,10.0,43.63,0.4362,0.4236,LOCAL
4406,"Day 4, 01:26",0.26,13.65,32.28,2.96,6,-66.7,10.7,43.64,0.6021,0.3063,LOCAL
4407,"Day 4, 01:27",0.14,13.56,33.17,9.58,3,-65.3,12.0,40.22,0.5005,0.4469,LOCAL
4408,"Day 4, 01:28",1.42,13.42,41.73,5.93,9,-67.1,10.0,43.44,0.7388,0.3767,LOCAL
4409,"Day 4, 01:29",0.68,13.3,36.27,3.12,6,-69.1,10.0,47.93,0.616,0.3483,LOCAL
4410,"Day 4, 01:30",0.69,13.19,31.07,2.61,7,-70.9,10.0,51.62,0.6329,0.3747,LOCAL
4411,"Day 4, 01:31",0.11,13.09,25.37,2.03,6,-70.1,10.4,47.28,0.579,0.3158,LOCAL
4412,"Day 4, 01:32",0.7,13.02,18.54,2.6,1,-68.6,10.0,47.77,0.3793,0.3337,LOCAL
4413,"Day 4, 01:33",0.24,12.89,40.39,6.7,9,-67.5,10.0,52.0,0.7367,0.4813,LOCAL
4414,"Day 4, 01:34",0.89,12.81,28.58,2.95,1,-67.2,10.0,54.74,0.4145,0.4205,LOCAL
4415,"Day 4, 01:35",0.4,12.7,24.27,1.62,7,-67.4,10.9,58.24,0.6103,0.4368,LOCAL
4416,"Day 4, 01:36",1.49,12.56,43.38,7.88,9,-65.3,10.0,54.55,0.7458,0.5414,LOCAL
4417,"Day 4, 01:37",0.53,12.43,38.59,2.29,8,-65.1,10.0,48.92,0.6956,0.3376,LOCAL
4418,"Day 4, 01:38",1.31,12.35,29.99,9.6,1,-63.9,10.0,50.26,0.4195,0.5344,LOCAL
4419,"Day 4, 01:39",1.03,12.25,37.84,7.37,4,-65.7,10.0,45.98,0.5525,0.4357,LOCAL
4420,"Day 4, 01:40",0.29,12.11,39.07,4.79,9,-63.4,10.0,51.19,0.7331,0.4244,LOCAL
4421,"Day 4, 01:41",0.5,12.02,35.05,8.82,2,-66.1,10.0,46.35,0.4739,0.4753,LOCAL
4422,"Day 4, 01:42",0.13,11.88,46.42,7.29,7,-65.8,10.0,45.26,0.6895,0.4269,LOCAL
4423,"Day 4, 01:43",0.04,11.74,48.33,5.96,7,-66.0,10.0,43.41,0.6965,0.3772,LOCAL
4424,"Day 4, 01:44",0.6,11.64,34.38,3.25,4,-67.7,10.0,39.59,0.542,0.278,LOCAL
4425,"Day 4, 01:45",1.26,11.54,35.22,9.74,3,-66.3,10.0,42.83,0.5091,0.4666,LOCAL
4426,"Day 4, 01:46",0.34,11.44,28.98,2.47,6,-67.8,10.0,41.42,0.5937,0.2731,LOCAL
4427,"Day 4, 01:47",0.28,11.37,21.56,2.36,1,-68.4,10.0,38.14,0.393,0.2448,LOCAL
4428,"Day 4, 01:48",1.47,11.3,18.85,7.0,2,-69.7,10.0,40.07,0.4168,0.3756,LOCAL
4429,"Day 4, 01:49",0.91,11.22,21.56,5.25,3,-70.8,10.0,44.66,0.4623,0.3704,LOCAL
4430,"Day 4, 01:50",0.6,11.09,34.57,6.2,8,-70.0,10.0,49.62,0.6835,0.4426,LOCAL
4431,"Day 4, 01:51",1.36,10.97,38.2,3.25,8,-68.3,12.1,53.7,0.6952,0.421,LOCAL
4432,"Day 4, 01:52",0.58,10.82,48.75,5.83,9,-66.0,10.0,54.52,0.7685,0.4897,LOCAL
4433,"Day 4, 01:53",0.39,10.69,45.53,8.05,5,-65.8,10.0,55.27,0.6177,0.5547,LOCAL
4434,"Day 4, 01:54",1.31,10.58,35.66,2.9,7,-63.8,10.0,57.59,0.652,0.4571,LOCAL
4435,"Day 4, 01:55",0.24,10.46,41.72,8.44,5,-62.2,10.0,58.87,0.605,0.614,LOCAL
4436,"Day 4, 01:56",0.81,10.36,37.67,7.95,2,-63.8,10.0,60.86,0.4851,0.6323,LOCAL
4437,"Day 4, 01:57",0.85,10.27,26.03,1.07,4,-62.7,10.0,59.91,0.5144,0.4453,LOCAL
4438,"Day 4, 01:58",0.64,10.15,41.17,9.74,6,-61.8,10.0,59.32,0.6379,0.6531,LOCAL
4439,"Day 4, 01:59",0.08,10.03,43.24,9.1,4,-64.1,10.0,53.97,0.5762,0.5647,LOCAL
4440,"Day 4, 02:00",0.06,9.93,33.84,3.88,3,-61.8,10.0,53.22,0.5084,0.425,LOCAL
4441,"Day 4, 02:01",0.32,9.86,23.57,5.17,1,-63.4,10.0,55.24,0.4022,0.4823,LOCAL
4442,"Day 4, 02:02",0.85,9.78,21.52,6.27,2,-63.5,10.0,52.98,0.4294,0.482,LOCAL
4443,"Day 4, 02:03",0.86,9.69,27.2,3.93,4,-61.2,10.0,57.38,0.5194,0.48,LOCAL
4444,"Day 4, 02:04",0.88,9.62,22.93,1.31,1,-61.1,10.0,60.13,0.3995,0.4547,LOCAL
4445,"Day 4, 02:05",0.93,9.54,17.74,1.2,4,-61.9,10.0,63.36,0.4864,0.5055,LOCAL
4446,"Day 4, 02:06",0.26,9.43,22.78,2.85,8,-63.4,10.0,62.55,0.6452,0.5326,LOCAL
4447,"Day 4, 02:07",1.12,9.32,36.14,7.77,6,-64.1,11.9,63.64,0.6208,0.6802,LOCAL
4448,"Day 4, 02:08",0.52,9.24,23.9,3.07,2,-65.4,10.0,58.97,0.439,0.4813,LOCAL
4449,"Day 4, 02:09",1.47,9.1,38.47,4.59,10,-64.2,10.0,55.08,0.7688,0.4658,LOCAL
4450,"Day 4, 02:10",0.55,9.03,27.51,1.95,1,-64.0,10.0,56.03,0.4169,0.4121,LOCAL
4451,"Day 4, 02:11",0.56,8.93,28.26,4.52,5,-65.0,10.0,53.28,0.5597,0.4418,LOCAL
4452,"Day 4, 02:12",0.16,8.82,33.85,7.57,4,-63.5,10.0,51.25,0.545,0.4945,LOCAL
4453,"Day 4, 02:13",0.77,8.65,60.67,9.03,10,-63.2,10.0,53.32,0.8482,0.555,LOCAL
4454,"Day 4, 02:14",1.26,8.51,59.82,8.77,6,-65.2,10.0,54.31,0.7047,0.5606,LOCAL
4455,"Day 4, 02:15",1.36,8.39,41.21,2.03,5,-63.8,10.0,56.25,0.6046,0.417,LOCAL
4456,"Day 4, 02:16",0.46,8.26,41.87,3.96,8,-65.2,10.3,52.03,0.7135,0.4141,LOCAL
4457,"Day 4, 02:17",0.08,8.15,28.22,1.41,7,-65.5,10.0,52.67,0.6314,0.3567,LOCAL
4458,"Day 4, 02:18",0.99,8.07,26.29,6.83,2,-67.2,10.0,51.65,0.4484,0.4806,LOCAL
4459,"Day 4, 02:19",0.08,7.99,24.41,6.71,2,-66.6,10.0,56.03,0.4433,0.5312,LOCAL
4460,"Day 4, 02:20",0.05,7.91,24.29,9.3,2,-64.7,10.0,51.31,0.4431,0.5385,LOCAL
4461,"Day 4, 02:21",0.15,7.82,22.69,3.91,3,-65.3,10.0,49.7,0.4725,0.3862,LOCAL
4462,"Day 4, 02:22",1.27,7.74,27.28,7.51,2,-66.9,10.0,45.28,0.452,0.4326,LOCAL
4463,"Day 4, 02:23",1.3,7.64,31.92,5.82,5,-67.0,12.0,47.01,0.5733,0.4125,LOCAL
4464,"Day 4, 02:24",0.58,7.53,28.6,3.52,7,-67.5,10.2,50.19,0.6329,0.3821,LOCAL
4465,"Day 4, 02:25",0.87,7.39,40.36,4.61,10,-64.7,10.0,46.56,0.7789,0.3722,LOCAL
4466,"Day 4, 02:26",0.58,7.3,32.73,6.68,2,-62.3,10.0,45.57,0.4727,0.4145,LOCAL
4467,"Day 4, 02:27",1.44,7.2,28.66,1.91,5,-62.5,10.0,43.34,0.5624,0.2753,LOCAL
4468,"Day 4, 02:28",0.52,7.09,32.75,4.24,6,-63.6,10.0,41.73,0.6132,0.3199,LOCAL
4469,"Day 4, 02:29",0.97,6.97,24.88,1.42,9,-63.4,10.0,46.14,0.6902,0.2884,LOCAL
4470,"Day 4, 02:30",0.77,6.84,41.95,6.81,9,-64.3,10.0,50.5,0.7504,0.4673,LOCAL
4471,"Day 4, 02:31",1.06,6.67,58.34,7.81,9,-63.2,10.0,52.03,0.8076,0.5094,LOCAL
4472,"Day 4, 02:32",1.33,6.57,42.33,9.17,2,-63.6,10.0,53.4,0.5063,0.5595,LOCAL
4473,"Day 4, 02:33",1.32,6.48,32.23,2.49,4,-65.7,10.0,53.53,0.5411,0.3941,LOCAL
4474,"Day 4, 02:34",0.61,6.32,46.81,6.31,10,-67.3,10.6,55.8,0.8034,0.5198,LOCAL
4475,"Day 4, 02:35",1.48,6.23,33.59,3.51,4,-69.3,10.0,53.14,0.546,0.4148,LOCAL
4476,"Day 4, 02:36",1.38,6.14,28.15,3.25,2,-67.1,10.0,56.86,0.4573,0.4557,LOCAL
4477,"Day 4, 02:37",0.1,5.99,47.56,6.25,10,-67.8,10.0,55.46,0.8073,0.5121,LOCAL
4478,"Day 4, 02:38",0.3,5.88,37.96,3.27,4,-68.2,10.0,54.48,0.5636,0.4252,LOCAL
4479,"Day 4, 02:39",1.4,5.8,28.17,5.14,1,-67.4,10.0,56.69,0.4228,0.5006,LOCAL
4480,"Day 4, 02:40",1.43,5.69,31.92,4.2,7,-65.5,10.0,56.23,0.646,0.471,LOCAL
4481,"Day 4, 02:41",0.47,5.62,24.12,2.17,1,-63.5,10.0,56.62,0.4103,0.4255,LOCAL
4482,"Day 4, 02:42",1.0,5.52,23.55,1.93,7,-62.7,10.0,60.17,0.6177,0.4708,LOCAL
4483,"Day 4, 02:43",0.8,5.42,27.54,4.21,5,-60.9,10.0,59.96,0.5621,0.5247,LOCAL
4484,"Day 4, 02:44",0.47,5.35,21.98,8.05,1,-59.7,10.0,54.16,0.4032,0.5408,LOCAL
4485,"Day 4, 02:45",0.37,5.27,23.73,7.88,2,-59.8,10.0,49.63,0.4446,0.4848,LOCAL
4486,"Day 4, 02:46",1.07,5.15,33.17,7.21,7,-58.9,10.0,53.82,0.6518,0.5155,LOCAL
4487,"Day 4, 02:47",1.13,5.06,32.01,7.53,3,-58.5,10.0,55.84,0.5077,0.5491,LOCAL
4488,"Day 4, 02:48",1.33,5.0,33.36,3.54,6,-57.4,10.0,58.42,0.6173,0.4849,LOCAL
4489,"Day 4, 02:49",0.9,5.0,23.48,5.29,1,-56.6,10.0,53.06,0.4083,0.4584,LOCAL
4490,"Day 4, 02:50",0.91,5.0,37.46,6.35,8,-59.5,10.0,54.34,0.7022,0.5005,LOCAL
4491,"Day 4, 02:51",1.34,5.0,29.02,4.94,1,-61.1,10.0,52.96,0.427,0.4484,LOCAL
4492,"Day 4, 02:52",0.42,5.0,38.77,5.01,7,-60.8,10.0,53.35,0.6726,0.4549,LOCAL
4493,"Day 4, 02:53",0.44,5.0,63.98,9.53,9,-63.6,10.0,50.61,0.8308,0.5365,LOCAL
4494,"Day 4, 02:54",1.24,5.0,64.26,5.56,10,-64.5,10.0,46.23,0.8656,0.3927,LOCAL
4495,"Day 4, 02:55",0.32,5.0,60.8,6.65,6,-66.9,10.0,49.71,0.7148,0.4548,LOCAL
4496,"Day 4, 02:56",0.43,5.0,48.32,7.24,3,-68.5,10.0,53.86,0.566,0.5168,LOCAL
4497,"Day 4, 02:57",1.19,5.0,46.96,5.6,7,-70.4,10.0,50.21,0.7001,0.4339,LOCAL
4498,"Day 4, 02:58",0.61,5.0,45.11,4.42,7,-71.0,10.0,46.06,0.6945,0.3626,LOCAL
4499,"Day 4, 02:59",0.76,5.0,48.75,6.08,7,-72.2,14.8,43.62,0.707,0.3957,LOCAL
4500,"Day 4, 03:00",0.21,5.0,51.5,7.24,7,-71.1,11.6,40.32,0.7174,0.3881,LOCAL
4501,"Day 4, 03:01",1.12,5.0,60.13,7.26,8,-71.2,10.0,46.23,0.7813,0.4353,LOCAL
4502,"Day 4, 03:02",1.0,5.0,51.33,6.36,4,-71.4,10.0,43.33,0.6107,0.3865,LOCAL
4503,"Day 4, 03:03",0.96,5.0,35.42,1.38,2,-72.7,10.0,42.87,0.485,0.258,LOCAL
4504,"Day 4, 03:04",0.52,5.0,20.23,2.36,1,-71.3,10.0,45.52,0.3975,0.3061,LOCAL
4505,"Day 4, 03:05",1.13,5.0,29.93,7.01,6,-69.3,10.0,41.5,0.6056,0.3873,LOCAL
4506,"Day 4, 03:06",1.49,5.0,43.69,8.46,7,-68.6,10.0,40.54,0.6882,0.4158,LOCAL
4507,"Day 4, 03:07",0.55,5.0,41.31,5.14,7,-69.5,10.0,44.08,0.6813,0.3625,LOCAL
4508,"Day 4, 03:08",0.21,5.0,46.17,9.34,5,-67.0,10.0,40.65,0.6288,0.4387,LOCAL
4509,"Day 4, 03:09",1.28,5.0,48.12,6.02,7,-65.9,12.4,39.43,0.704,0.3528,LOCAL
4510,"Day 4, 03:10",0.49,5.0,38.27,3.63,5,-65.6,10.0,43.12,0.6007,0.3164,LOCAL
4511,"Day 4, 03:11",0.92,5.0,47.49,4.82,10,-66.9,10.0,40.02,0.8073,0.3206,LOCAL
4512,"Day 4, 03:12",0.91,5.0,59.89,7.19,10,-65.0,10.0,44.43,0.8508,0.4169,LOCAL
4513,"Day 4, 03:13",1.26,5.0,44.01,9.23,1,-64.0,10.5,47.37,0.4797,0.497,LOCAL
4514,"Day 4, 03:14",1.15,5.0,36.1,1.6,9,-62.0,10.0,45.42,0.7321,0.2862,LOCAL
4515,"Day 4, 03:15",0.09,5.0,46.68,5.89,9,-59.9,10.0,47.08,0.7708,0.4092,LOCAL
4516,"Day 4, 03:16",1.05,5.0,49.45,8.74,5,-60.7,10.0,51.48,0.639,0.5264,LOCAL
4517,"Day 4, 03:17",0.55,5.0,53.56,4.68,10,-63.2,10.0,50.35,0.8291,0.4125,LOCAL
4518,"Day 4, 03:18",0.73,5.0,69.54,7.89,10,-63.9,10.0,46.22,0.8848,0.4509,LOCAL
4519,"Day 4, 03:19",1.24,5.0,64.28,5.2,10,-64.1,10.0,48.48,0.8656,0.4058,LOCAL
4520,"Day 4, 03:20",1.44,5.0,66.04,5.68,10,-64.1,10.0,47.72,0.8715,0.4102,LOCAL
4521,"Day 4, 03:21",1.36,5.0,42.11,1.84,1,-65.3,10.0,45.06,0.4729,0.2888,LOCAL
4522,"Day 4, 03:22",0.23,5.0,50.53,5.61,10,-62.9,10.0,41.03,0.819,0.3485,LOCAL
4523,"Day 4, 03:23",0.57,5.0,45.1,2.62,10,-64.5,10.0,38.98,0.7995,0.2576,LOCAL
4524,"Day 4, 03:24",1.31,5.0,38.89,4.25,7,-65.6,10.0,36.58,0.6717,0.2807,LOCAL
4525,"Day 4, 03:25",0.95,5.0,42.91,6.25,6,-65.6,10.0,35.09,0.6513,0.3202,LOCAL
4526,"Day 4, 03:26",0.08,5.0,36.32,3.44,5,-67.2,10.0,40.26,0.5945,0.2881,LOCAL
4527,"Day 4, 03:27",0.47,5.0,25.78,3.01,3,-65.7,10.0,38.08,0.487,0.2606,LOCAL
4528,"Day 4, 03:28",0.97,5.0,46.78,9.91,6,-68.0,10.0,39.87,0.6648,0.4467,LOCAL
4529,"Day 4, 03:29",0.12,5.0,45.15,3.17,8,-65.4,11.2,45.68,0.7303,0.3312,LOCAL
4530,"Day 4, 03:30",0.33,5.0,52.8,9.38,6,-63.7,11.3,49.38,0.6868,0.5234,LOCAL
4531,"Day 4, 03:31",0.01,5.0,42.59,5.31,3,-62.3,10.0,46.69,0.5465,0.3909,LOCAL
4532,"Day 4, 03:32",1.2,5.0,60.5,9.58,10,-63.9,10.0,50.47,0.8525,0.5362,LOCAL
4533,"Day 4, 03:33",0.37,5.0,44.17,1.49,8,-63.5,10.8,53.86,0.7265,0.3752,LOCAL
4534,"Day 4, 03:34",0.47,5.0,32.84,5.71,2,-64.0,10.0,53.71,0.4768,0.4768,LOCAL
4535,"Day 4, 03:35",1.05,5.0,28.79,6.15,3,-64.2,10.0,58.05,0.4967,0.5448,LOCAL
4536,"Day 4, 03:36",0.97,5.0,22.72,2.15,4,-66.0,10.0,55.23,0.5106,0.4067,LOCAL
4537,"Day 4, 03:37",0.46,5.0,19.79,1.34,3,-65.9,10.0,53.17,0.4661,0.361,LOCAL
4538,"Day 4, 03:38",0.28,5.0,50.11,8.8,10,-65.6,10.0,49.22,0.8175,0.5034,LOCAL
4539,"Day 4, 03:39",0.28,5.0,54.22,5.18,10,-66.4,12.2,46.52,0.8319,0.3923,LOCAL
4540,"Day 4, 03:40",0.12,5.0,61.4,8.04,8,-68.7,11.2,44.68,0.7872,0.4439,LOCAL
4541,"Day 4, 03:41",0.61,5.0,43.15,3.83,1,-67.8,10.0,40.59,0.4776,0.3004,LOCAL
4542,"Day 4, 03:42",0.59,5.0,34.77,2.97,5,-68.7,10.0,40.82,0.5883,0.2808,LOCAL
4543,"Day 4, 03:43",0.87,5.0,27.13,7.59,1,-69.1,10.0,38.51,0.4211,0.3783,LOCAL
4544,"Day 4, 03:44",0.43,5.0,35.28,9.78,5,-67.9,10.0,37.35,0.5903,0.4245,LOCAL
4545,"Day 4, 03:45",1.36,5.0,38.07,8.69,4,-66.5,10.0,36.31,0.5637,0.3897,LOCAL
4546,"Day 4, 03:46",1.05,5.0,33.6,1.13,10,-67.7,10.0,40.44,0.7585,0.2317,LOCAL
4547,"Day 4, 03:47",1.08,5.0,37.09,6.74,4,-69.6,10.0,41.01,0.5607,0.3765,LOCAL
4548,"Day 4, 03:48",0.49,5.0,38.23,9.22,4,-69.1,10.0,39.9,0.5656,0.4297,LOCAL
4549,"Day 4, 03:49",1.36,5.0,31.15,3.57,6,-68.1,10.0,42.39,0.6095,0.3087,LOCAL
4550,"Day 4, 03:50",1.26,5.0,20.56,3.53,1,-67.9,10.0,43.69,0.3976,0.3189,LOCAL
4551,"Day 4, 03:51",0.93,5.0,30.11,8.82,4,-67.3,10.0,40.04,0.5365,0.4208,LOCAL
4552,"Day 4, 03:52",1.13,5.0,22.69,8.46,1,-69.1,10.0,46.05,0.4052,0.4635,LOCAL
4553,"Day 4, 03:53",0.4,5.0,23.69,1.06,10,-69.1,10.0,44.45,0.7248,0.2638,LOCAL
4554,"Day 4, 03:54",0.69,5.0,26.3,3.14,6,-70.0,10.0,41.39,0.5935,0.2896,LOCAL
4555,"Day 4, 03:55",1.42,5.0,42.53,6.6,8,-70.0,12.3,39.65,0.7192,0.369,LOCAL
4556,"Day 4, 03:56",0.56,5.0,43.82,5.68,6,-71.7,10.0,46.11,0.655,0.3946,LOCAL
4557,"Day 4, 03:57",0.31,5.0,37.67,4.68,5,-71.3,10.0,44.5,0.5989,0.3548,LOCAL
4558,"Day 4, 03:58",0.89,5.0,38.55,8.17,4,-69.3,10.0,41.75,0.5661,0.4183,LOCAL
4559,"Day 4, 03:59",1.4,5.0,40.35,9.0,5,-69.6,10.2,45.5,0.6066,0.4724,LOCAL
4560,"Day 4, 04:00",1.02,5.0,43.57,7.57,4,-70.1,10.0,42.77,0.5835,0.4119,LOCAL
4561,"Day 4, 04:01",1.12,5.0,32.8,1.01,7,-68.3,10.0,42.89,0.6506,0.2489,LOCAL
4562,"Day 4, 04:02",0.9,5.0,28.0,5.51,3,-70.2,10.0,43.37,0.4942,0.3656,LOCAL
4563,"Day 4, 04:03",1.11,5.0,23.69,7.92,1,-69.7,10.0,40.03,0.4087,0.3983,LOCAL
4564,"Day 4, 04:04",0.2,5.0,31.53,4.91,6,-67.8,10.0,43.85,0.6126,0.3548,LOCAL
4565,"Day 4, 04:05",1.29,5.0,46.13,7.32,7,-65.9,10.0,46.12,0.697,0.4357,LOCAL
4566,"Day 4, 04:06",0.96,5.0,54.82,7.57,9,-66.3,10.0,42.88,0.7979,0.4128,LOCAL
4567,"Day 4, 04:07",0.2,5.0,41.18,8.21,2,-66.4,10.0,47.73,0.5063,0.4735,LOCAL
4568,"Day 4, 04:08",0.03,5.0,48.24,6.23,7,-66.3,10.0,46.07,0.7063,0.4079,LOCAL
4569,"Day 4, 04:09",1.25,5.0,57.84,8.93,7,-66.6,10.1,50.91,0.7381,0.5251,LOCAL
4570,"Day 4, 04:10",0.05,5.0,59.35,5.4,9,-66.8,10.0,48.94,0.8152,0.4156,LOCAL
4571,"Day 4, 04:11",1.46,5.0,59.61,7.0,7,-65.6,10.0,51.82,0.7439,0.4868,LOCAL
4572,"Day 4, 04:12",0.18,5.0,44.02,3.02,4,-67.8,10.0,53.78,0.5863,0.4104,LOCAL
4573,"Day 4, 04:13",0.19,5.0,30.52,2.01,5,-67.5,10.0,57.08,0.574,0.4277,LOCAL
4574,"Day 4, 04:14",1.3,5.0,31.08,9.46,3,-69.5,12.6,58.21,0.5043,0.6373,LOCAL
4575,"Day 4, 04:15",0.42,5.0,24.62,1.44,6,-66.8,10.0,56.66,0.5881,0.4077,LOCAL
4576,"Day 4, 04:16",0.12,5.0,20.66,5.97,2,-68.4,10.0,59.51,0.4346,0.5619,LOCAL
4577,"Day 4, 04:17",0.62,5.0,17.26,1.04,2,-69.1,10.0,62.47,0.422,0.4861,LOCAL
4578,"Day 4, 04:18",0.91,5.0,32.32,7.71,6,-68.2,10.7,60.05,0.6142,0.6157,LOCAL
4579,"Day 4, 04:19",0.22,5.0,38.49,5.98,7,-65.9,10.0,60.62,0.6719,0.5791,LOCAL
4580,"Day 4, 04:20",0.06,5.0,34.84,8.12,3,-67.8,10.0,57.38,0.5194,0.5847,LOCAL
4581,"Day 4, 04:21",0.44,5.0,33.68,5.06,5,-66.1,10.0,57.53,0.5847,0.5103,LOCAL
4582,"Day 4, 04:22",0.51,5.0,53.54,8.36,9,-66.3,10.0,55.46,0.7941,0.5649,LOCAL
4583,"Day 4, 04:23",0.22,5.0,42.31,2.42,6,-68.1,10.0,54.81,0.6503,0.4081,LOCAL
4584,"Day 4, 04:24",0.72,5.0,38.27,3.72,7,-66.7,10.0,55.66,0.6704,0.4515,LOCAL
4585,"Day 4, 04:25",0.23,5.0,59.44,7.97,10,-67.8,10.0,55.85,0.8502,0.5603,LOCAL
4586,"Day 4, 04:26",0.38,5.0,54.73,4.29,9,-70.0,10.0,59.06,0.7985,0.5131,LOCAL
4587,"Day 4, 04:27",0.73,5.0,45.63,3.32,7,-71.7,11.4,57.47,0.6961,0.4701,LOCAL
4588,"Day 4, 04:28",0.32,5.0,48.25,4.98,9,-70.9,12.3,60.71,0.7759,0.5622,LOCAL
4589,"Day 4, 04:29",0.95,5.0,44.41,7.73,3,-71.3,10.0,55.69,0.5515,0.5522,LOCAL
4590,"Day 4, 04:30",1.09,5.0,62.99,9.14,10,-68.6,10.0,55.35,0.8613,0.5829,LOCAL
4591,"Day 4, 04:31",0.87,5.0,40.1,1.07,8,-66.1,11.3,49.65,0.7115,0.3183,LOCAL
4592,"Day 4, 04:32",1.48,5.0,40.43,5.32,6,-65.2,10.0,51.19,0.6418,0.4377,LOCAL
4593,"Day 4, 04:33",0.55,5.0,32.53,1.68,8,-63.6,10.0,52.42,0.6855,0.3606,LOCAL
4594,"Day 4, 04:34",0.31,5.0,27.43,6.48,1,-65.2,10.0,47.35,0.423,0.4265,LOCAL
4595,"Day 4, 04:35",0.86,5.0,32.9,3.92,10,-66.0,10.0,49.1,0.7564,0.3802,LOCAL
4596,"Day 4, 04:36",1.07,5.0,32.02,4.34,6,-64.7,10.0,52.04,0.613,0.4227,LOCAL
4597,"Day 4, 04:37",1.17,5.0,27.19,9.72,1,-66.2,10.2,50.11,0.4209,0.5365,LOCAL
4598,"Day 4, 04:38",0.53,5.0,28.19,5.3,4,-67.0,10.0,51.84,0.5304,0.4444,LOCAL
4599,"Day 4, 04:39",1.37,5.0,42.13,5.49,10,-68.7,10.0,51.75,0.7879,0.4482,LOCAL
4600,"Day 4, 04:40",0.37,5.0,34.02,2.3,9,-70.0,11.4,55.33,0.726,0.4158,LOCAL
4601,"Day 4, 04:41",1.48,5.0,23.25,1.45,1,-68.4,10.3,54.93,0.4067,0.3862,LOCAL
4602,"Day 4, 04:42",0.81,5.0,41.22,8.72,7,-68.1,10.0,53.97,0.6805,0.5552,LOCAL
4603,"Day 4, 04:43",1.21,5.0,51.61,6.08,9,-68.0,10.0,57.41,0.7863,0.534,LOCAL
4604,"Day 4, 04:44",1.17,5.0,41.78,2.99,6,-66.9,10.0,52.39,0.647,0.393,LOCAL
4605,"Day 4, 04:45",0.1,5.0,29.68,9.72,1,-64.6,10.0,56.79,0.4312,0.6165,LOCAL
4606,"Day 4, 04:46",1.35,5.0,45.21,9.98,6,-62.8,10.0,53.18,0.6587,0.577,LOCAL
4607,"Day 4, 04:47",0.73,5.0,29.31,1.63,2,-62.8,10.0,50.53,0.464,0.3381,LOCAL
4608,"Day 4, 04:48",0.86,5.0,27.58,2.13,4,-63.0,10.0,48.86,0.5277,0.3329,LOCAL
4609,"Day 4, 04:49",0.74,5.0,29.53,8.32,2,-64.4,10.0,48.39,0.4647,0.4829,LOCAL
4610,"Day 4, 04:50",1.39,5.0,25.67,3.66,3,-65.4,10.0,45.4,0.4852,0.3375,LOCAL
4611,"Day 4, 04:51",0.58,5.0,23.4,2.85,4,-65.5,10.0,48.32,0.5135,0.3455,LOCAL
4612,"Day 4, 04:52",1.24,5.0,19.03,3.91,3,-67.6,10.0,45.38,0.4622,0.3435,LOCAL
4613,"Day 4, 04:53",0.55,5.0,21.07,3.21,4,-67.8,10.0,49.44,0.5054,0.366,LOCAL
4614,"Day 4, 04:54",0.04,5.0,39.91,8.0,8,-68.1,10.0,47.67,0.7121,0.4677,LOCAL
4615,"Day 4, 04:55",1.2,5.0,35.35,2.57,8,-67.0,10.0,43.16,0.6944,0.2903,LOCAL
4616,"Day 4, 04:56",0.93,5.0,44.52,6.87,8,-64.4,10.0,41.62,0.7269,0.3848,LOCAL
4617,"Day 4, 04:57",0.13,5.0,56.31,9.8,7,-66.2,10.2,43.83,0.7344,0.4773,LOCAL
4618,"Day 4, 04:58",0.97,5.0,41.51,4.82,3,-67.2,10.0,45.32,0.5413,0.3657,LOCAL
4619,"Day 4, 04:59",0.08,5.0,31.7,3.02,3,-64.8,10.0,42.65,0.5084,0.2972,LOCAL
4620,"Day 4, 05:00",0.31,5.0,36.75,6.02,6,-66.0,10.0,39.06,0.6307,0.3432,LOCAL
4621,"Day 4, 05:01",1.33,5.0,36.47,4.86,5,-63.7,10.0,37.03,0.5932,0.2991,LOCAL
4622,"Day 4, 05:02",1.2,5.0,50.95,5.89,10,-63.7,10.0,36.47,0.819,0.3208,LOCAL
4623,"Day 4, 05:03",1.04,5.0,68.03,9.31,8,-62.8,10.0,39.54,0.809,0.4291,LOCAL
4624,"Day 4, 05:04",0.15,5.0,56.49,7.2,5,-65.5,10.0,36.82,0.665,0.3561,LOCAL
4625,"Day 4, 05:05",0.67,5.0,49.31,3.16,7,-65.9,10.0,39.93,0.7091,0.2784,LOCAL
4626,"Day 4, 05:06",0.9,5.0,50.3,9.07,5,-65.0,10.0,41.22,0.6422,0.4365,LOCAL
4627,"Day 4, 05:07",1.44,5.0,54.22,6.46,8,-62.5,10.1,44.4,0.7601,0.3988,LOCAL
4628,"Day 4, 05:08",0.1,5.0,35.29,4.62,1,-62.0,10.0,40.95,0.4509,0.323,LOCAL
4629,"Day 4, 05:09",1.46,5.0,30.97,7.83,2,-60.3,10.0,40.8,0.4687,0.4021,LOCAL
4630,"Day 4, 05:10",0.5,5.0,49.75,8.38,9,-59.9,10.0,39.04,0.7809,0.402,LOCAL
4631,"Day 4, 05:11",0.07,5.0,40.78,8.42,2,-59.5,10.0,44.79,0.5051,0.4509,LOCAL
4632,"Day 4, 05:12",0.73,5.0,34.7,2.15,8,-62.4,10.0,45.01,0.6928,0.2962,LOCAL
4633,"Day 4, 05:13",0.27,5.0,33.83,4.31,5,-62.8,10.0,46.11,0.5855,0.3604,LOCAL
4634,"Day 4, 05:14",1.12,5.0,26.18,2.89,2,-65.4,10.0,43.12,0.4524,0.2979,LOCAL
4635,"Day 4, 05:15",0.07,5.0,53.17,9.77,10,-63.9,10.0,41.35,0.8285,0.4551,LOCAL
4636,"Day 4, 05:16",0.59,5.0,34.79,9.62,1,-61.8,10.0,42.5,0.4484,0.4609,LOCAL
4637,"Day 4, 05:17",0.03,5.0,34.0,3.0,7,-62.5,10.0,48.47,0.6564,0.3507,LOCAL
4638,"Day 4, 05:18",1.02,5.0,38.63,7.69,5,-62.0,10.0,53.16,0.6012,0.5196,LOCAL
4639,"Day 4, 05:19",0.75,5.0,55.56,9.06,8,-61.6,10.0,56.85,0.7658,0.6008,LOCAL
4640,"Day 4, 05:20",0.81,5.0,44.96,3.35,8,-63.1,10.0,52.3,0.7286,0.401,LOCAL
4641,"Day 4, 05:21",0.66,5.0,49.82,5.48,8,-63.5,10.0,46.99,0.7459,0.398,LOCAL
4642,"Day 4, 05:22",1.42,5.0,46.57,3.3,10,-63.3,10.0,49.01,0.8034,0.3637,LOCAL
4643,"Day 4, 05:23",1.12,5.0,58.61,8.4,9,-61.9,10.2,46.08,0.8109,0.4629,LOCAL
4644,"Day 4, 05:24",0.25,5.0,65.69,7.63,9,-62.5,10.5,46.93,0.837,0.4527,LOCAL
4645,"Day 4, 05:25",0.44,5.0,67.79,9.14,7,-64.6,10.3,49.0,0.7741,0.5106,LOCAL
4646,"Day 4, 05:26",0.86,5.0,72.64,9.28,8,-66.4,10.0,53.95,0.8255,0.5688,LOCAL
4647,"Day 4, 05:27",0.33,5.0,52.76,7.1,2,-64.1,10.3,58.33,0.5467,0.5734,LOCAL
4648,"Day 4, 05:28",1.0,5.0,46.23,4.71,4,-61.8,10.0,54.84,0.5928,0.4657,LOCAL
4649,"Day 4, 05:29",1.11,5.0,36.88,4.94,4,-62.2,10.0,56.2,0.5599,0.4891,LOCAL
4650,"Day 4, 05:30",0.06,5.0,38.57,3.95,9,-62.4,10.0,54.37,0.7424,0.4408,LOCAL
4651,"Day 4, 05:31",0.86,5.0,44.83,9.29,5,-64.3,10.0,55.89,0.6231,0.5938,LOCAL
4652,"Day 4, 05:32",0.91,5.0,46.47,8.35,5,-63.7,10.0,57.2,0.6288,0.588,LOCAL
4653,"Day 4, 05:33",0.97,5.0,38.19,2.07,7,-65.8,10.0,57.63,0.6697,0.4369,LOCAL
4654,"Day 4, 05:34",0.65,5.0,26.69,4.39,3,-65.7,10.0,53.45,0.49,0.4405,LOCAL
4655,"Day 4, 05:35",0.53,5.0,30.08,9.97,3,-65.5,10.0,57.69,0.502,0.6352,LOCAL
4656,"Day 4, 05:36",0.8,5.0,35.11,5.03,8,-67.0,10.8,59.83,0.6942,0.5455,LOCAL
4657,"Day 4, 05:37",0.56,5.0,28.64,6.9,2,-68.0,10.0,55.3,0.4619,0.5263,LOCAL
4658,"Day 4, 05:38",1.26,5.0,43.34,7.12,8,-65.5,11.3,58.37,0.7223,0.5773,LOCAL
4659,"Day 4, 05:39",0.16,5.0,33.89,6.62,4,-65.8,10.0,54.4,0.5509,0.508,LOCAL
4660,"Day 4, 05:40",1.38,5.0,28.11,3.86,3,-65.7,10.0,54.9,0.4938,0.4452,LOCAL
4661,"Day 4, 05:41",0.47,5.0,22.62,3.34,2,-64.3,11.6,56.18,0.441,0.4535,LOCAL
4662,"Day 4, 05:42",0.38,5.0,44.2,8.06,9,-62.5,10.0,53.75,0.7616,0.536,LOCAL
4663,"Day 4, 05:43",0.31,5.0,56.67,9.68,7,-62.5,10.0,53.74,0.7354,0.5763,LOCAL
4664,"Day 4, 05:44",0.98,5.0,42.19,5.55,2,-62.5,10.0,50.06,0.5087,0.4311,LOCAL
4665,"Day 4, 05:45",0.06,5.0,43.55,5.15,6,-61.9,10.0,51.85,0.6548,0.4408,LOCAL
4666,"Day 4, 05:46",0.39,5.0,30.53,1.1,3,-63.1,10.0,51.45,0.5038,0.3351,LOCAL
4667,"Day 4, 05:47",1.03,5.0,18.41,4.12,1,-61.0,10.0,49.92,0.3904,0.3938,LOCAL
4668,"Day 4, 05:48",1.21,5.0,22.93,1.6,8,-63.7,10.0,51.9,0.6509,0.3527,LOCAL
4669,"Day 4, 05:49",0.19,5.0,50.99,9.6,9,-63.7,10.0,47.76,0.7857,0.5086,LOCAL
4670,"Day 4, 05:50",1.4,5.0,53.2,8.69,6,-63.7,10.0,48.72,0.6866,0.4955,LOCAL
4671,"Day 4, 05:51",1.04,5.0,63.62,9.96,7,-66.1,10.0,44.13,0.7586,0.4835,LOCAL
4672,"Day 4, 05:52",0.8,5.0,58.31,9.97,5,-64.8,10.0,43.42,0.6704,0.4775,LOCAL
4673,"Day 4, 05:53",0.22,5.0,59.66,7.72,7,-67.3,10.6,49.31,0.746,0.479,LOCAL
4674,"Day 4, 05:54",0.09,5.0,41.79,2.73,3,-66.2,10.0,52.97,0.5436,0.3933,LOCAL
4675,"Day 4, 05:55",0.54,5.0,34.44,3.28,7,-67.8,10.0,50.87,0.6572,0.3831,LOCAL
4676,"Day 4, 05:56",0.59,5.0,31.93,4.94,4,-68.8,10.0,50.86,0.5434,0.4244,LOCAL
4677,"Day 4, 05:57",1.13,5.0,26.11,3.39,2,-67.1,10.0,50.64,0.4522,0.3834,LOCAL
4678,"Day 4, 05:58",0.36,5.0,23.51,3.51,2,-64.8,10.0,49.14,0.4442,0.3704,LOCAL
4679,"Day 4, 05:59",1.4,5.0,29.86,6.55,5,-63.7,10.0,45.04,0.5699,0.4064,LOCAL
4680,"Day 4, 06:00",0.0,5.0,36.17,9.66,4,-64.7,10.0,47.27,0.5591,0.5052,LOCAL
4681,"Day 4, 06:01",0.0,5.0,40.76,9.75,4,-66.5,10.0,42.75,0.5752,0.4662,LOCAL
4682,"Day 4, 06:02",2.93,5.0,34.16,4.28,4,-67.9,10.0,42.41,0.5477,0.3266,LOCAL
4683,"Day 4, 06:03",0.37,5.0,30.23,4.19,5,-67.5,10.0,47.74,0.5728,0.3731,LOCAL
4684,"Day 4, 06:04",0.0,5.0,44.57,7.78,7,-66.6,10.0,47.17,0.6935,0.4572,LOCAL
4685,"Day 4, 06:05",3.07,5.0,36.97,9.6,2,-68.3,10.0,51.89,0.4873,0.5526,LOCAL
4686,"Day 4, 06:06",0.06,5.0,20.47,1.04,1,-67.8,10.0,48.87,0.3991,0.3058,LOCAL
4687,"Day 4, 06:07",1.69,5.0,18.46,1.91,5,-66.1,10.0,49.21,0.5296,0.331,LOCAL
4688,"Day 4, 06:08",5.83,5.0,19.89,2.7,5,-65.3,10.0,47.28,0.5284,0.3313,LOCAL
4689,"Day 4, 06:09",6.68,5.0,27.34,3.62,9,-64.2,10.0,42.91,0.6932,0.3144,LOCAL
4690,"Day 4, 06:10",3.35,5.0,24.36,2.3,5,-65.3,10.0,40.9,0.5477,0.2647,LOCAL
4691,"Day 4, 06:11",3.43,5.0,37.77,8.34,6,-66.1,10.0,42.46,0.6295,0.4285,LOCAL
4692,"Day 4, 06:12",6.34,5.0,29.01,1.01,5,-63.7,10.0,42.69,0.5595,0.2472,LOCAL
4693,"Day 4, 06:13",6.57,5.0,30.63,5.66,4,-63.4,10.0,39.12,0.5299,0.3347,LOCAL
4694,"Day 4, 06:14",3.17,5.0,34.11,3.35,7,-65.9,10.9,40.18,0.6521,0.2879,LOCAL
4695,"Day 4, 06:15",6.39,5.0,35.12,3.41,6,-66.3,10.0,37.02,0.6158,0.2628,LOCAL
4696,"Day 4, 06:16",8.66,5.0,21.73,3.87,1,-65.3,10.0,43.47,0.3905,0.3255,LOCAL
4697,"Day 4, 06:17",4.61,5.0,47.78,7.91,10,-62.9,10.0,41.31,0.8028,0.4082,LOCAL
4698,"Day 4, 06:18",5.12,5.0,51.26,6.41,9,-64.9,10.0,39.64,0.7792,0.3574,LOCAL
4699,"Day 4, 06:19",9.55,5.0,40.56,2.45,7,-65.6,10.0,39.03,0.6651,0.2538,LOCAL
4700,"Day 4, 06:20",7.0,5.0,55.99,8.21,8,-65.0,12.0,41.86,0.758,0.426,LOCAL
4701,"Day 4, 06:21",8.69,5.0,46.97,5.44,6,-63.2,10.0,38.33,0.6539,0.3232,LOCAL
4702,"Day 4, 06:22",9.45,5.0,43.37,4.45,7,-62.2,10.0,43.92,0.6751,0.3439,LOCAL
4703,"Day 4, 06:23",6.8,5.0,36.15,2.67,8,-64.3,10.0,41.47,0.6888,0.2785,LOCAL
4704,"Day 4, 06:24",10.57,5.0,40.03,3.63,9,-66.5,10.0,46.82,0.7317,0.3501,LOCAL
4705,"Day 4, 06:25",8.07,5.0,38.1,7.59,3,-66.6,10.0,48.84,0.5188,0.4692,LOCAL
4706,"Day 4, 06:26",9.76,5.0,45.44,5.64,10,-64.8,10.0,54.01,0.7869,0.4786,LOCAL
4707,"Day 4, 06:27",10.43,5.0,55.58,9.32,7,-64.6,10.0,49.13,0.7164,0.5155,LOCAL
4708,"Day 4, 06:28",13.39,5.0,62.75,7.22,9,-66.8,10.0,53.57,0.8071,0.5127,LOCAL
4709,"Day 4, 06:29",9.79,5.0,56.7,8.95,5,-66.6,10.0,50.0,0.6513,0.5154,LOCAL
4710,"Day 4, 06:30",12.83,5.0,38.61,5.03,1,-67.4,10.0,52.47,0.4434,0.4449,LOCAL
4711,"Day 4, 06:31",13.57,5.0,31.0,2.66,7,-66.3,10.0,53.21,0.6256,0.3944,LOCAL
4712,"Day 4, 06:32",10.69,5.0,45.68,7.0,9,-64.0,10.0,52.08,0.7513,0.4897,LOCAL
4713,"Day 4, 06:33",14.32,5.0,40.34,3.53,8,-62.9,10.0,51.38,0.6922,0.395,LOCAL
4714,"Day 4, 06:34",11.24,5.0,33.96,3.11,5,-63.1,10.0,54.24,0.5695,0.4183,LOCAL
4715,"Day 4, 06:35",13.05,5.0,47.7,6.05,9,-62.1,10.0,48.96,0.7549,0.432,LOCAL
4716,"Day 4, 06:36",14.17,5.0,37.35,6.44,2,-62.9,10.0,48.93,0.472,0.4414,LOCAL
4717,"Day 4, 06:37",15.9,5.0,38.76,9.87,4,-62.1,10.0,46.98,0.5443,0.5077,LOCAL
4718,"Day 4, 06:38",12.91,5.0,39.13,5.58,6,-62.6,10.0,47.14,0.6201,0.402,LOCAL
4719,"Day 4, 06:39",15.03,5.0,50.62,7.69,9,-61.9,10.0,46.47,0.7621,0.4482,LOCAL
4720,"Day 4, 06:40",18.16,5.0,36.05,1.15,2,-61.4,10.0,42.37,0.4614,0.248,LOCAL
4721,"Day 4, 06:41",19.59,5.0,34.01,4.26,5,-60.1,10.0,39.91,0.5571,0.3058,LOCAL
4722,"Day 4, 06:42",14.34,5.0,36.01,3.78,8,-61.9,10.3,43.99,0.677,0.3286,LOCAL
4723,"Day 4, 06:43",19.99,5.0,52.46,6.99,10,-60.9,10.0,43.24,0.7961,0.4014,LOCAL
4724,"Day 4, 06:44",17.12,5.0,37.81,9.34,1,-62.0,10.0,46.32,0.4341,0.4881,LOCAL
4725,"Day 4, 06:45",20.44,5.0,29.56,8.76,1,-62.8,10.0,42.61,0.4003,0.4403,LOCAL
4726,"Day 4, 06:46",18.73,5.0,26.92,3.5,6,-63.8,10.0,44.63,0.5686,0.3264,LOCAL
4727,"Day 4, 06:47",21.81,5.0,31.0,8.09,4,-63.2,10.0,46.36,0.5083,0.4572,LOCAL
4728,"Day 4, 06:48",21.21,5.0,40.64,8.73,6,-61.9,10.0,47.91,0.6129,0.4884,LOCAL
4729,"Day 4, 06:49",23.0,5.0,58.88,8.49,9,-62.7,10.0,45.52,0.7791,0.4593,LOCAL
4730,"Day 4, 06:50",23.43,5.0,55.69,5.96,8,-61.8,10.0,48.27,0.7323,0.4227,LOCAL
4731,"Day 4, 06:51",21.55,5.0,51.06,6.53,7,-61.9,10.0,49.25,0.6839,0.447,LOCAL
4732,"Day 4, 06:52",23.76,5.0,44.25,7.34,4,-64.0,10.0,48.22,0.5517,0.4567,LOCAL
4733,"Day 4, 06:53",22.7,5.0,48.99,5.83,9,-66.5,10.0,52.08,0.7449,0.4605,LOCAL
4734,"Day 4, 06:54",20.82,5.0,49.18,5.53,8,-68.7,10.0,52.64,0.7134,0.4595,LOCAL
4735,"Day 4, 06:55",19.66,5.0,51.89,4.93,9,-66.2,10.0,48.0,0.7596,0.3942,LOCAL
4736,"Day 4, 06:56",24.48,5.0,45.29,5.45,4,-64.3,10.0,44.68,0.5543,0.3756,LOCAL
4737,"Day 4, 06:57",23.64,5.0,42.24,7.15,4,-65.4,10.0,44.36,0.5449,0.4153,LOCAL
4738,"Day 4, 06:58",24.64,5.0,34.15,2.01,10,-62.9,10.5,48.0,0.7251,0.3227,LOCAL
4739,"Day 4, 06:59",26.04,5.0,22.84,1.11,2,-61.6,10.0,46.9,0.4034,0.2879,LOCAL
4740,"Day 4, 07:00",24.78,5.0,21.69,4.86,3,-61.7,10.0,50.33,0.4362,0.4167,LOCAL
4741,"Day 4, 07:01",25.47,5.0,35.82,5.44,8,-61.7,10.0,47.74,0.6597,0.4044,LOCAL
4742,"Day 4, 07:02",23.64,5.0,27.85,7.78,1,-61.5,10.0,48.87,0.3895,0.4743,LOCAL
4743,"Day 4, 07:03",25.63,5.0,54.49,8.67,10,-60.6,10.0,50.55,0.7948,0.5144,LOCAL
4744,"Day 4, 07:04",28.7,5.0,39.93,6.29,2,-59.1,10.0,54.83,0.4592,0.5051,LOCAL
4745,"Day 4, 07:05",29.11,5.0,55.3,8.36,9,-61.1,10.0,57.62,0.7574,0.5941,LOCAL
4746,"Day 4, 07:06",27.02,5.0,40.72,9.85,1,-60.9,10.0,58.1,0.4295,0.638,LOCAL
4747,"Day 4, 07:07",24.39,5.0,28.83,1.8,2,-62.8,10.0,59.78,0.4268,0.4617,LOCAL
4748,"Day 4, 07:08",28.25,5.0,24.1,4.25,2,-64.2,10.0,58.52,0.4045,0.504,LOCAL
4749,"Day 4, 07:09",31.02,5.01,24.04,5.75,3,-62.6,10.0,61.55,0.4351,0.5884,LOCAL
4750,"Day 4, 07:10",25.69,5.02,18.91,1.56,1,-64.4,10.0,62.28,0.3551,0.4957,LOCAL
4751,"Day 4, 07:11",29.88,5.03,23.29,9.28,2,-63.1,10.3,57.37,0.3991,0.6144,LOCAL
4752,"Day 4, 07:12",28.52,5.0,37.01,7.04,7,-62.2,10.0,56.83,0.6243,0.5501,LOCAL
4753,"Day 4, 07:13",31.62,5.0,56.66,8.6,9,-61.6,10.0,59.78,0.7584,0.6317,LOCAL
4754,"Day 4, 07:14",32.22,5.0,58.4,6.24,8,-63.0,10.0,54.5,0.7286,0.4997,LOCAL
4755,"Day 4, 07:15",32.65,5.0,63.88,7.12,9,-63.0,10.0,56.07,0.7821,0.5419,LOCAL
4756,"Day 4, 07:16",30.67,5.0,47.99,2.71,6,-61.4,10.0,55.03,0.6245,0.4182,LOCAL
4757,"Day 4, 07:17",31.21,5.0,46.85,6.57,6,-64.0,10.0,51.7,0.6197,0.4746,LOCAL
4758,"Day 4, 07:18",31.02,5.0,35.14,9.35,1,-62.7,10.0,50.78,0.4039,0.5339,LOCAL
4759,"Day 4, 07:19",30.41,5.0,30.83,3.01,7,-63.2,10.0,52.47,0.5998,0.3944,LOCAL
4760,"Day 4, 07:20",32.25,5.0,38.04,6.35,7,-63.4,10.0,54.07,0.6223,0.4972,LOCAL
4761,"Day 4, 07:21",30.31,5.0,60.49,8.49,10,-62.3,10.0,50.73,0.8088,0.5119,LOCAL
4762,"Day 4, 07:22",36.18,5.0,47.95,4.72,4,-60.2,10.0,47.5,0.546,0.384,LOCAL
4763,"Day 4, 07:23",35.64,5.0,34.83,2.74,4,-60.6,10.0,50.13,0.5009,0.3616,LOCAL
4764,"Day 4, 07:24",33.97,5.0,33.06,2.7,8,-59.1,10.0,53.07,0.6373,0.3937,LOCAL
4765,"Day 4, 07:25",34.37,5.0,31.14,3.43,9,-59.3,10.0,54.9,0.6649,0.4344,LOCAL
4766,"Day 4, 07:26",36.02,5.0,31.09,3.37,9,-58.0,10.0,57.05,0.6623,0.4613,LOCAL
4767,"Day 4, 07:27",34.05,5.02,20.49,1.44,4,-60.1,10.0,59.4,0.4531,0.4469,LOCAL
4768,"Day 4, 07:28",37.34,5.0,30.47,4.46,10,-58.1,10.0,54.87,0.6931,0.4598,LOCAL
4769,"Day 4, 07:29",36.11,5.0,33.62,8.17,4,-60.8,10.0,58.17,0.496,0.5971,LOCAL
4770,"Day 4, 07:30",33.77,5.0,29.46,1.16,8,-59.4,10.0,61.61,0.6249,0.4746,LOCAL
4771,"Day 4, 07:31",38.24,5.0,41.16,6.39,7,-60.8,10.0,55.26,0.6242,0.5131,LOCAL
4772,"Day 4, 07:32",36.66,5.0,48.37,9.72,5,-61.4,10.0,53.22,0.5818,0.571,LOCAL
4773,"Day 4, 07:33",37.35,5.01,37.26,4.79,2,-62.5,10.0,56.92,0.4368,0.4951,LOCAL
4774,"Day 4, 07:34",35.94,5.0,40.33,3.79,8,-63.8,10.0,59.36,0.6597,0.5051,LOCAL
4775,"Day 4, 07:35",39.49,5.0,32.74,2.13,7,-63.6,10.0,53.46,0.5928,0.3842,LOCAL
4776,"Day 4, 07:36",36.56,5.0,37.31,3.88,10,-63.9,10.0,50.9,0.7182,0.3984,LOCAL
4777,"Day 4, 07:37",39.77,5.0,38.32,3.31,10,-65.6,10.0,53.35,0.717,0.4124,LOCAL
4778,"Day 4, 07:38",39.93,5.0,59.18,7.41,10,-63.8,10.0,54.32,0.7897,0.5267,LOCAL
4779,"Day 4, 07:39",40.91,5.0,48.13,6.48,4,-62.7,10.0,52.49,0.5396,0.4815,LOCAL
4780,"Day 4, 07:40",39.92,5.0,54.1,6.48,9,-61.1,10.0,55.87,0.737,0.5233,LOCAL
4781,"Day 4, 07:41",42.99,5.0,62.61,6.76,9,-61.8,10.0,55.15,0.7621,0.5209,LOCAL
4782,"Day 4, 07:42",43.87,5.0,61.64,8.08,6,-62.4,10.0,56.01,0.6524,0.565,LOCAL
4783,"Day 4, 07:43",39.72,5.0,55.56,5.53,6,-62.7,10.0,52.78,0.6374,0.4611,LOCAL
4784,"Day 4, 07:44",42.09,5.01,38.56,1.98,6,-65.2,10.0,53.47,0.5743,0.3806,LOCAL
4785,"Day 4, 07:45",42.97,5.01,38.61,5.48,6,-66.7,10.0,56.27,0.5732,0.5035,LOCAL
4786,"Day 4, 07:46",41.35,5.01,36.37,4.71,7,-65.2,10.0,52.13,0.6028,0.4331,LOCAL
4787,"Day 4, 07:47",45.33,5.05,28.01,2.35,4,-66.5,10.0,48.17,0.4625,0.3315,LOCAL
4788,"Day 4, 07:48",41.56,5.05,41.44,8.81,6,-65.8,10.0,49.24,0.5851,0.5039,LOCAL
4789,"Day 4, 07:49",41.81,5.08,29.94,1.58,5,-68.0,10.7,46.95,0.5094,0.3022,LOCAL
4790,"Day 4, 07:50",41.31,5.1,27.33,1.7,6,-67.4,10.0,49.72,0.5361,0.3312,LOCAL
4791,"Day 4, 07:51",45.15,5.1,36.03,5.1,8,-68.7,10.0,49.24,0.6307,0.4111,LOCAL
4792,"Day 4, 07:52",44.58,5.12,38.6,7.82,5,-67.7,10.0,47.86,0.5356,0.465,LOCAL
4793,"Day 4, 07:53",47.69,5.12,43.9,4.09,10,-67.4,11.6,46.09,0.7244,0.3592,LOCAL
4794,"Day 4, 07:54",44.12,5.12,36.76,3.01,8,-67.4,10.0,45.21,0.6348,0.3195,LOCAL
4795,"Day 4, 07:55",43.55,5.11,52.13,9.63,7,-65.8,10.4,42.44,0.6545,0.4619,LOCAL
4796,"Day 4, 07:56",43.85,5.12,46.05,9.02,3,-67.3,10.0,41.87,0.4927,0.4406,LOCAL
4797,"Day 4, 07:57",44.24,5.16,35.45,7.97,1,-67.7,12.8,40.2,0.385,0.4089,LOCAL
4798,"Day 4, 07:58",44.16,5.17,35.37,2.71,8,-65.1,10.0,41.98,0.6298,0.2837,LOCAL
4799,"Day 4, 07:59",45.14,5.13,64.23,9.44,10,-64.3,10.0,41.06,0.7994,0.4445,LOCAL
4800,"Day 4, 08:00",48.03,5.15,53.17,9.0,3,-66.8,10.0,37.55,0.5113,0.4064,LOCAL
4801,"Day 4, 08:01",49.52,5.18,38.74,1.67,5,-67.0,10.0,39.68,0.5285,0.2392,LOCAL
4802,"Day 4, 08:02",47.46,5.19,39.64,5.27,7,-67.2,10.0,41.1,0.6048,0.3405,LOCAL
4803,"Day 4, 08:03",47.37,5.24,31.15,1.85,3,-66.4,10.0,44.26,0.4351,0.2819,LOCAL
4804,"Day 4, 08:04",48.95,5.24,50.81,9.3,7,-64.1,10.0,41.75,0.6415,0.4466,LOCAL
4805,"Day 4, 08:05",48.85,5.24,52.88,4.9,8,-66.1,10.0,44.21,0.684,0.3577,LOCAL
4806,"Day 4, 08:06",51.32,5.27,40.56,2.11,5,-66.6,10.0,44.59,0.5321,0.2913,LOCAL
4807,"Day 4, 08:07",52.05,5.33,32.84,1.79,4,-64.2,10.0,45.05,0.4689,0.2875,LOCAL
4808,"Day 4, 08:08",50.08,5.37,36.09,5.52,5,-65.3,10.0,47.15,0.5181,0.4006,LOCAL
4809,"Day 4, 08:09",48.34,5.42,29.94,9.73,2,-64.1,10.0,51.77,0.3941,0.5544,LOCAL
4810,"Day 4, 08:10",50.28,5.48,26.82,7.19,3,-64.5,10.0,56.2,0.4152,0.5454,LOCAL
4811,"Day 4, 08:11",53.68,5.56,26.09,5.17,3,-62.8,10.0,59.19,0.4074,0.537,LOCAL
4812,"Day 4, 08:12",49.29,5.56,51.33,9.69,8,-63.5,10.0,56.54,0.6774,0.6125,LOCAL
4813,"Day 4, 08:13",49.28,5.6,39.05,5.16,3,-66.1,10.0,55.86,0.4594,0.4902,LOCAL
4814,"Day 4, 08:14",51.12,5.67,27.44,1.11,2,-65.5,10.0,57.31,0.3809,0.4084,LOCAL
4815,"Day 4, 08:15",53.71,5.75,25.61,7.58,2,-63.5,10.0,55.62,0.3705,0.5474,LOCAL
4816,"Day 4, 08:16",52.66,5.78,22.64,1.1,10,-62.7,10.0,59.34,0.6416,0.4375,LOCAL
4817,"Day 4, 08:17",51.45,5.84,22.82,2.15,5,-65.1,10.0,56.36,0.4689,0.4216,LOCAL
4818,"Day 4, 08:18",56.52,5.9,23.17,1.46,9,-62.8,10.0,50.92,0.6025,0.3381,LOCAL
4819,"Day 4, 08:19",52.11,5.94,31.85,5.36,6,-60.9,10.0,52.61,0.5344,0.4549,LOCAL
4820,"Day 4, 08:20",52.16,6.01,26.09,1.86,3,-61.9,10.0,50.3,0.4091,0.3414,LOCAL
4821,"Day 4, 08:21",54.88,6.07,31.44,4.98,5,-62.2,10.7,48.22,0.4936,0.3996,LOCAL
4822,"Day 4, 08:22",53.59,6.13,32.8,9.01,3,-61.5,10.0,51.99,0.4302,0.5389,LOCAL
4823,"Day 4, 08:23",53.53,6.2,30.91,4.94,4,-62.5,10.0,52.55,0.4586,0.4436,LOCAL
4824,"Day 4, 08:24",54.23,6.28,23.97,3.46,2,-61.2,10.0,51.31,0.3631,0.3925,LOCAL
4825,"Day 4, 08:25",54.24,6.31,39.41,7.85,7,-61.5,10.0,54.39,0.5921,0.5385,LOCAL
4826,"Day 4, 08:26",57.86,6.4,27.57,1.9,3,-63.6,10.0,57.22,0.4051,0.427,LOCAL
4827,"Day 4, 08:27",59.78,6.44,38.65,4.74,9,-63.4,10.0,60.68,0.6509,0.5491,LOCAL
4828,"Day 4, 08:28",57.25,6.52,29.15,2.0,3,-62.5,10.0,62.88,0.4114,0.5171,LOCAL
4829,"Day 4, 08:29",57.06,6.59,21.51,1.56,7,-64.9,10.0,65.19,0.5248,0.5482,LOCAL
4830,"Day 4, 08:30",58.53,6.67,21.04,2.19,5,-62.8,10.0,66.46,0.4508,0.5889,LOCAL
4831,"Day 4, 08:31",58.43,6.74,22.0,1.67,8,-61.3,10.0,63.58,0.5592,0.5211,LOCAL
4832,"Day 4, 08:32",56.16,6.8,33.75,9.44,5,-60.6,10.0,64.57,0.4987,0.7334,LOCAL
4833,"Day 4, 08:33",56.51,6.87,31.81,2.69,4,-59.6,10.0,65.44,0.4563,0.5812,LOCAL
4834,"Day 4, 08:34",57.82,6.93,31.97,5.87,5,-61.1,10.0,60.34,0.4898,0.572,LOCAL
4835,"Day 4, 08:35",60.58,7.03,31.62,9.2,2,-62.1,10.0,62.81,0.3792,0.6958,LOCAL
4836,"Day 4, 08:36",57.01,7.13,19.38,2.01,1,-62.2,10.0,62.18,0.3066,0.5054,LOCAL
4837,"Day 4, 08:37",62.79,7.23,20.99,3.44,5,-62.6,10.0,61.83,0.4435,0.5353,LOCAL
4838,"Day 4, 08:38",58.63,7.33,19.0,1.8,1,-62.6,10.0,61.29,0.3026,0.4854,LOCAL
4839,"Day 4, 08:39",59.42,7.41,21.22,1.77,7,-60.6,10.0,64.39,0.519,0.5383,LOCAL
4840,"Day 4, 08:40",62.03,7.5,29.93,9.5,4,-63.2,10.0,61.95,0.4405,0.6888,LOCAL
4841,"Day 4, 08:41",60.27,7.56,38.51,6.29,6,-61.8,10.0,64.48,0.543,0.653,LOCAL
4842,"Day 4, 08:42",61.01,7.64,33.03,5.99,3,-62.5,10.0,60.24,0.4176,0.5735,LOCAL
4843,"Day 4, 08:43",62.18,7.75,25.0,1.48,2,-60.7,10.0,59.22,0.3526,0.4451,LOCAL
4844,"Day 4, 08:44",64.77,7.83,31.57,5.9,6,-61.7,10.0,60.91,0.5116,0.5817,LOCAL
4845,"Day 4, 08:45",60.14,7.86,44.11,5.0,10,-59.6,10.0,54.99,0.7024,0.4748,LOCAL
4846,"Day 4, 08:46",65.2,7.94,39.0,3.78,6,-58.8,10.0,54.77,0.5368,0.4416,LOCAL
4847,"Day 4, 08:47",60.28,8.03,32.0,5.51,1,-58.6,10.0,49.24,0.3445,0.4214,LOCAL
4848,"Day 4, 08:48",61.48,8.06,55.58,8.71,9,-59.9,10.0,52.95,0.7052,0.5425,LOCAL
4849,"Day 4, 08:49",63.9,8.13,41.56,2.87,4,-59.8,10.0,50.25,0.4774,0.3661,LOCAL
4850,"Day 4, 08:50",64.77,8.17,51.86,7.24,9,-59.7,10.0,54.08,0.6871,0.5195,LOCAL
4851,"Day 4, 08:51",61.73,8.22,55.49,9.87,5,-61.2,10.0,58.14,0.5643,0.6392,LOCAL
4852,"Day 4, 08:52",61.93,8.28,46.02,5.33,4,-62.6,10.0,54.66,0.4957,0.479,LOCAL
4853,"Day 4, 08:53",66.15,8.38,37.12,9.35,2,-61.8,10.0,52.99,0.3881,0.5591,LOCAL
4854,"Day 4, 08:54",63.06,8.46,30.51,1.96,7,-62.5,10.0,49.2,0.5445,0.3323,LOCAL
4855,"Day 4, 08:55",66.58,8.57,24.75,3.14,3,-62.1,10.1,52.79,0.3789,0.4016,LOCAL
4856,"Day 4, 08:56",68.05,8.7,23.81,3.92,2,-61.3,10.0,53.88,0.3382,0.434,LOCAL
4857,"Day 4, 08:57",69.08,8.82,23.05,6.24,3,-60.4,10.0,48.98,0.3688,0.437,LOCAL
4858,"Day 4, 08:58",65.89,8.92,24.07,3.12,6,-61.2,10.0,53.16,0.482,0.4054,LOCAL
4859,"Day 4, 08:59",69.07,9.0,28.25,2.7,9,-60.0,10.0,56.47,0.5967,0.4367,LOCAL
4860,"Day 4, 09:00",69.72,9.12,24.96,5.58,3,-58.2,11.0,59.51,0.3741,0.555,LOCAL
4861,"Day 4, 09:01",69.25,9.26,21.07,1.51,1,-59.6,10.0,59.5,0.291,0.4501,LOCAL
4862,"Day 4, 09:02",69.11,9.35,20.23,1.29,10,-57.9,10.0,57.34,0.6031,0.4134,LOCAL
4863,"Day 4, 09:03",67.15,9.46,24.26,5.03,5,-56.6,10.0,51.71,0.445,0.4362,LOCAL
4864,"Day 4, 09:04",70.04,9.53,39.08,5.09,9,-55.3,10.0,51.37,0.6324,0.4339,LOCAL
4865,"Day 4, 09:05",70.62,9.6,50.43,7.59,8,-55.3,10.0,54.11,0.6362,0.5286,LOCAL
4866,"Day 4, 09:06",69.38,9.65,53.02,5.62,9,-57.0,10.0,54.56,0.682,0.485,LOCAL
4867,"Day 4, 09:07",67.07,9.75,35.05,1.4,2,-59.7,10.0,52.78,0.3774,0.3579,LOCAL
4868,"Day 4, 09:08",67.44,9.83,39.15,6.23,6,-60.4,10.0,51.47,0.5311,0.4635,LOCAL
4869,"Day 4, 09:09",69.94,9.96,27.13,3.09,1,-58.6,10.0,55.72,0.3101,0.4365,LOCAL
4870,"Day 4, 09:10",69.91,10.04,43.59,9.63,7,-61.4,10.9,55.81,0.5776,0.6038,LOCAL
4871,"Day 4, 09:11",69.83,10.13,35.61,1.78,7,-64.0,10.0,56.41,0.5497,0.4129,LOCAL
4872,"Day 4, 09:12",73.3,10.26,28.24,2.54,2,-63.9,10.0,57.63,0.3435,0.4486,LOCAL
4873,"Day 4, 09:13",72.65,10.41,23.88,7.0,1,-66.3,10.0,53.5,0.294,0.5064,LOCAL
4874,"Day 4, 09:14",69.9,10.47,40.61,6.35,10,-65.9,10.0,52.75,0.6716,0.4813,LOCAL
4875,"Day 4, 09:15",70.32,10.53,47.97,5.65,10,-66.0,10.0,48.12,0.6966,0.4135,LOCAL
4876,"Day 4, 09:16",68.87,10.6,50.09,9.04,6,-65.7,10.0,50.64,0.5661,0.5246,LOCAL
4877,"Day 4, 09:17",71.84,10.7,38.27,1.56,5,-63.5,10.0,52.29,0.4851,0.3561,LOCAL
4878,"Day 4, 09:18",70.39,10.82,31.58,6.31,2,-65.8,10.0,48.46,0.3587,0.4334,LOCAL
4879,"Day 4, 09:19",70.31,10.91,28.92,2.0,9,-63.8,10.0,47.71,0.5944,0.3181,LOCAL
4880,"Day 4, 09:20",75.74,11.01,29.16,1.17,9,-65.7,10.0,52.34,0.5869,0.347,LOCAL
4881,"Day 4, 09:21",71.97,11.12,33.35,7.36,5,-66.2,10.0,55.51,0.4671,0.5406,LOCAL
4882,"Day 4, 09:22",71.11,11.19,48.32,9.26,7,-67.2,10.0,53.54,0.5907,0.5633,LOCAL
4883,"Day 4, 09:23",76.06,11.29,45.1,4.31,7,-67.3,11.3,57.48,0.5718,0.4946,LOCAL
4884,"Day 4, 09:24",76.17,11.4,43.83,6.94,4,-64.8,10.0,54.15,0.462,0.5129,LOCAL
4885,"Day 4, 09:25",76.98,11.51,38.24,4.69,6,-64.3,10.0,58.5,0.5111,0.5148,LOCAL
4886,"Day 4, 09:26",71.66,11.57,51.99,8.01,8,-62.4,10.0,54.73,0.6371,0.5468,LOCAL
4887,"Day 4, 09:27",74.07,11.7,34.87,8.42,1,-60.2,10.0,51.8,0.3284,0.522,LOCAL
4888,"Day 4, 09:28",76.56,11.84,28.97,3.82,3,-62.4,10.0,48.86,0.3738,0.3752,LOCAL
4889,"Day 4, 09:29",76.62,11.99,22.54,1.52,3,-61.2,10.0,49.78,0.351,0.3273,LOCAL
4890,"Day 4, 09:30",78.22,12.13,21.84,1.89,5,-59.9,10.0,54.38,0.4159,0.3895,LOCAL
4891,"Day 4, 09:31",76.35,12.25,21.57,2.18,8,-61.8,10.0,50.86,0.5226,0.3555,LOCAL
4892,"Day 4, 09:32",73.36,12.4,15.79,1.81,2,-59.7,10.0,55.65,0.2966,0.4036,LOCAL
4893,"Day 4, 09:33",74.24,12.54,19.65,2.92,5,-58.2,10.0,50.47,0.4136,0.3698,LOCAL
4894,"Day 4, 09:34",74.62,12.69,19.63,7.96,2,-59.0,10.0,51.55,0.3077,0.5077,LOCAL
4895,"Day 4, 09:35",78.58,12.83,27.61,6.92,4,-60.6,10.0,53.95,0.3995,0.5098,LOCAL
4896,"Day 4, 09:36",74.59,12.97,24.71,1.96,2,-61.4,10.0,53.81,0.3252,0.3841,LOCAL
4897,"Day 4, 09:37",77.67,13.11,22.83,2.36,5,-61.4,10.0,49.7,0.4188,0.3474,LOCAL
4898,"Day 4, 09:38",78.87,13.23,28.47,4.36,7,-62.4,10.0,52.15,0.5065,0.4246,LOCAL
4899,"Day 4, 09:39",75.08,13.35,29.89,3.9,6,-65.0,10.0,55.64,0.482,0.4558,LOCAL
4900,"Day 4, 09:40",77.53,13.51,19.98,2.72,1,-67.3,10.0,57.19,0.2684,0.447,LOCAL
4901,"Day 4, 09:41",77.63,13.66,16.4,3.49,5,-65.7,10.0,51.74,0.3955,0.3981,LOCAL
4902,"Day 4, 09:42",77.49,13.79,26.9,6.18,6,-67.3,10.7,49.09,0.4672,0.4386,LOCAL
4903,"Day 4, 09:43",79.47,13.88,52.95,9.51,8,-69.4,12.3,52.41,0.6253,0.563,LOCAL
4904,"Day 4, 09:44",76.93,13.96,47.68,3.63,8,-68.5,10.0,51.61,0.6105,0.4001,LOCAL
4905,"Day 4, 09:45",77.57,14.02,65.58,9.17,9,-66.9,10.0,49.82,0.7071,0.519,LOCAL
4906,"Day 4, 09:46",80.81,14.12,57.83,6.65,6,-68.7,10.0,53.46,0.57,0.4971,LOCAL
4907,"Day 4, 09:47",80.37,14.2,64.7,9.58,7,-66.3,10.0,48.57,0.6296,0.5162,LOCAL
4908,"Day 4, 09:48",82.17,14.3,51.64,4.74,6,-66.7,10.0,45.99,0.546,0.3699,LOCAL
4909,"Day 4, 09:49",79.86,14.42,46.31,8.04,5,-66.8,10.0,48.03,0.4957,0.4723,LOCAL
4910,"Day 4, 09:50",80.17,14.56,33.91,6.71,2,-66.2,10.0,43.5,0.3466,0.3967,LOCAL
4911,"Day 4, 09:51",78.52,14.72,19.88,1.02,2,-64.0,10.0,44.2,0.2997,0.2606,LOCAL
4912,"Day 4, 09:52",80.07,14.83,40.18,6.76,9,-62.4,10.0,41.9,0.6133,0.3844,LOCAL
4913,"Day 4, 09:53",83.06,14.98,31.45,5.74,2,-61.7,10.0,46.7,0.333,0.4017,LOCAL
4914,"Day 4, 09:54",80.25,15.15,21.84,3.35,1,-62.8,10.0,51.14,0.2683,0.3878,LOCAL
4915,"Day 4, 09:55",81.26,15.3,29.09,7.14,4,-64.3,10.0,49.22,0.397,0.4619,LOCAL
4916,"Day 4, 09:56",82.69,15.45,25.87,3.15,5,-63.4,10.0,45.58,0.4183,0.3264,LOCAL
4917,"Day 4, 09:57",82.07,15.57,37.9,7.24,8,-65.6,10.0,44.31,0.5662,0.417,LOCAL
4918,"Day 4, 09:58",82.9,15.64,63.69,8.93,10,-65.3,10.0,49.43,0.7251,0.5088,LOCAL
4919,"Day 4, 09:59",79.29,15.71,59.77,5.23,10,-63.5,10.0,45.06,0.7167,0.3736,LOCAL
4920,"Day 4, 10:00",82.08,15.82,47.12,5.28,5,-65.8,10.0,48.94,0.4931,0.4126,LOCAL
4921,"Day 4, 10:01",81.91,15.98,32.71,5.41,1,-67.1,10.0,53.78,0.3026,0.47,LOCAL
4922,"Day 4, 10:02",83.54,16.15,23.53,2.5,2,-69.1,10.0,57.45,0.3028,0.4451,LOCAL
4923,"Day 4, 10:03",84.64,16.29,25.24,1.92,9,-68.9,10.5,60.87,0.5519,0.4832,LOCAL
4924,"Day 4, 10:04",81.38,16.43,27.32,3.6,6,-69.3,10.0,55.12,0.4589,0.4416,LOCAL
4925,"Day 4, 10:05",84.88,16.58,27.0,2.92,5,-71.3,15.4,51.16,0.4173,0.3928,LOCAL
4926,"Day 4, 10:06",83.47,16.73,32.97,7.77,5,-72.8,12.9,55.34,0.4401,0.557,LOCAL
4927,"Day 4, 10:07",84.22,16.89,29.2,7.78,3,-70.2,10.0,52.41,0.3555,0.513,LOCAL
4928,"Day 4, 10:08",84.14,17.05,30.04,7.66,3,-67.3,10.0,56.52,0.3584,0.5614,LOCAL
4929,"Day 4, 10:09",86.07,17.21,23.92,1.96,5,-65.3,12.6,54.99,0.4038,0.4063,LOCAL
4930,"Day 4, 10:10",86.95,17.36,19.08,1.12,10,-64.0,10.0,52.82,0.5603,0.3513,LOCAL
4931,"Day 4, 10:11",87.2,17.54,22.76,9.95,1,-64.7,10.6,49.06,0.2575,0.5321,LOCAL
4932,"Day 4, 10:12",81.97,17.73,14.82,1.96,1,-64.2,10.0,51.64,0.2373,0.3587,LOCAL
4933,"Day 4, 10:13",84.25,17.9,18.18,1.81,4,-63.1,10.0,49.23,0.3504,0.3287,LOCAL
4934,"Day 4, 10:14",84.62,18.08,18.23,8.13,2,-61.4,10.0,47.52,0.2798,0.4695,LOCAL
4935,"Day 4, 10:15",82.47,18.21,23.83,3.51,9,-59.5,10.0,45.55,0.5474,0.3351,LOCAL
4936,"Day 4, 10:16",83.47,18.34,35.96,9.1,6,-60.1,10.0,43.21,0.4831,0.4539,LOCAL
4937,"Day 4, 10:17",86.01,18.47,42.08,4.67,7,-62.5,10.0,40.8,0.5355,0.3231,LOCAL
4938,"Day 4, 10:18",87.49,18.59,41.11,3.46,9,-63.0,10.0,46.12,0.5998,0.3392,LOCAL
4939,"Day 4, 10:19",82.98,18.73,39.19,6.88,4,-63.7,10.0,50.75,0.4246,0.4717,LOCAL
4940,"Day 4, 10:20",86.64,18.86,45.5,7.72,6,-65.8,10.0,53.28,0.511,0.5217,LOCAL
4941,"Day 4, 10:21",84.42,19.0,34.81,3.23,5,-66.3,10.0,53.68,0.4417,0.4143,LOCAL
4942,"Day 4, 10:22",85.62,19.1,56.35,9.32,9,-65.9,10.0,53.23,0.6552,0.5611,LOCAL
4943,"Day 4, 10:23",85.05,19.21,44.17,2.04,10,-66.9,10.0,49.05,0.6482,0.3326,LOCAL
4944,"Day 4, 10:24",84.42,19.35,38.56,4.88,3,-65.5,10.0,46.7,0.3843,0.3802,LOCAL
4945,"Day 4, 10:25",85.53,19.49,41.17,7.59,5,-65.6,10.0,52.17,0.4615,0.5055,LOCAL
4946,"Day 4, 10:26",86.26,19.67,29.46,4.85,1,-65.2,10.0,53.28,0.2792,0.45,LOCAL
4947,"Day 4, 10:27",85.08,19.8,27.21,1.33,9,-63.7,10.0,53.19,0.5529,0.3609,LOCAL
4948,"Day 4, 10:28",86.47,19.93,43.37,9.8,7,-65.4,10.0,54.13,0.5372,0.5841,LOCAL
4949,"Day 4, 10:29",85.84,20.01,66.1,9.86,9,-65.9,10.0,56.83,0.6876,0.6206,LOCAL
4950,"Day 4, 10:30",87.8,20.14,53.46,6.88,4,-66.2,10.0,53.71,0.4652,0.5059,LOCAL
4951,"Day 4, 10:31",90.27,20.33,34.35,4.1,1,-65.5,10.0,56.63,0.2893,0.4739,LOCAL
4952,"Day 4, 10:32",89.68,20.51,29.42,9.5,2,-63.5,10.0,56.49,0.3077,0.607,LOCAL
4953,"Day 4, 10:33",87.53,20.67,28.02,2.55,4,-62.2,10.0,58.95,0.3758,0.4679,LOCAL
4954,"Day 4, 10:34",90.32,20.86,25.94,8.53,2,-63.5,10.0,56.04,0.294,0.5768,LOCAL
4955,"Day 4, 10:35",88.85,21.06,22.45,1.47,1,-63.2,10.0,55.57,0.2487,0.394,LOCAL
4956,"Day 4, 10:36",89.22,21.23,28.21,6.9,4,-61.5,10.0,57.52,0.373,0.5561,LOCAL
4957,"Day 4, 10:37",91.56,21.42,23.46,1.58,2,-60.6,10.0,53.28,0.2827,0.3682,LOCAL
4958,"Day 4, 10:38",90.82,21.58,37.19,9.73,5,-60.8,10.0,57.21,0.4366,0.6226,LOCAL
4959,"Day 4, 10:39",90.3,21.72,39.88,3.65,7,-60.9,10.0,52.21,0.5165,0.4074,LOCAL
4960,"Day 4, 10:40",86.61,21.9,29.21,4.39,1,-58.9,10.0,53.47,0.2745,0.4409,LOCAL
4961,"Day 4, 10:41",88.66,22.01,50.41,7.87,10,-59.1,10.0,53.93,0.6604,0.5334,LOCAL
4962,"Day 4, 10:42",91.29,22.19,32.64,1.43,2,-60.6,10.0,56.38,0.314,0.4038,LOCAL
4963,"Day 4, 10:43",87.29,22.38,23.17,5.13,1,-62.2,10.0,52.78,0.2516,0.451,LOCAL
4964,"Day 4, 10:44",90.91,22.58,21.1,9.06,1,-64.1,10.0,52.82,0.2386,0.5498,LOCAL
4965,"Day 4, 10:45",87.62,22.74,27.59,5.72,6,-63.4,10.0,48.49,0.441,0.4189,LOCAL
4966,"Day 4, 10:46",92.81,22.9,29.01,3.65,7,-64.2,10.0,46.44,0.473,0.347,LOCAL
4967,"Day 4, 10:47",87.47,23.09,24.25,3.71,2,-63.0,11.9,50.33,0.289,0.3934,LOCAL
4968,"Day 4, 10:48",89.73,23.28,19.25,1.91,3,-63.4,10.0,45.69,0.3029,0.2964,LOCAL
4969,"Day 4, 10:49",90.34,23.44,30.3,9.36,5,-62.0,10.0,42.39,0.4104,0.4534,LOCAL
4970,"Day 4, 10:50",88.46,23.58,36.35,4.64,9,-64.3,10.0,40.29,0.5742,0.3183,LOCAL
4971,"Day 4, 10:51",92.85,23.69,56.6,7.35,10,-62.7,10.0,45.37,0.6733,0.4294,LOCAL
4972,"Day 4, 10:52",88.07,23.77,73.57,9.94,9,-61.3,10.0,44.12,0.7048,0.4829,LOCAL
4973,"Day 4, 10:53",91.55,23.9,56.13,4.44,6,-60.1,10.0,42.27,0.5333,0.3294,LOCAL
4974,"Day 4, 10:54",91.38,24.05,42.72,2.13,6,-60.5,10.0,43.64,0.4864,0.2834,LOCAL
4975,"Day 4, 10:55",91.53,24.16,60.17,9.55,8,-60.2,10.0,44.51,0.6171,0.4766,LOCAL
4976,"Day 4, 10:56",93.45,24.33,47.08,9.1,2,-59.2,10.0,48.69,0.3581,0.5055,LOCAL
4977,"Day 4, 10:57",91.94,24.45,48.56,5.57,9,-61.5,10.0,53.71,0.6104,0.4732,LOCAL
4978,"Day 4, 10:58",94.09,24.61,45.95,8.24,5,-60.0,10.6,52.09,0.4578,0.5227,LOCAL
4979,"Day 4, 10:59",92.58,24.79,35.82,5.19,2,-58.3,10.0,53.3,0.3193,0.4587,LOCAL
4980,"Day 4, 11:00",94.05,24.95,28.44,1.21,10,-60.5,10.0,55.41,0.5711,0.3856,LOCAL
4981,"Day 4, 11:01",88.94,25.06,50.79,9.72,8,-63.3,10.0,53.94,0.5867,0.5798,LOCAL
4982,"Day 4, 11:02",91.41,25.24,39.87,6.08,2,-63.6,10.0,50.69,0.3346,0.4511,LOCAL
4983,"Day 4, 11:03",91.08,25.43,28.81,8.62,1,-62.0,10.0,45.99,0.2611,0.467,LOCAL
4984,"Day 4, 11:04",90.59,25.57,42.39,6.54,7,-62.7,10.0,48.58,0.5191,0.4403,LOCAL
4985,"Day 4, 11:05",94.44,25.75,37.57,9.63,2,-61.0,10.0,47.01,0.3212,0.502,LOCAL
4986,"Day 4, 11:06",93.25,25.87,57.48,8.99,9,-63.6,10.0,49.58,0.6375,0.512,LOCAL
4987,"Day 4, 11:07",93.81,26.05,38.95,2.59,3,-62.2,10.0,54.38,0.3616,0.4069,LOCAL
4988,"Day 4, 11:08",94.78,26.24,28.32,3.93,2,-64.0,10.0,57.47,0.2876,0.4811,LOCAL
4989,"Day 4, 11:09",93.01,26.4,23.9,1.41,10,-64.7,10.0,53.79,0.5545,0.3701,LOCAL
4990,"Day 4, 11:10",89.77,26.56,24.58,2.55,7,-64.0,10.0,48.76,0.4565,0.3424,LOCAL
4991,"Day 4, 11:11",95.2,26.76,22.01,3.94,4,-62.2,10.0,44.81,0.3341,0.3391,LOCAL
4992,"Day 4, 11:12",92.13,26.97,20.88,6.07,1,-62.9,10.0,41.84,0.2294,0.3666,LOCAL
4993,"Day 4, 11:13",94.45,27.11,43.61,9.21,8,-61.0,10.0,45.14,0.5503,0.4738,LOCAL
4994,"Day 4, 11:14",92.06,27.28,32.66,2.61,6,-63.7,10.0,43.52,0.4453,0.2944,LOCAL
4995,"Day 4, 11:15",92.92,27.41,51.1,8.09,8,-66.0,10.0,43.23,0.5784,0.4289,LOCAL
4996,"Day 4, 11:16",94.12,27.52,62.43,7.94,9,-64.4,10.0,47.37,0.6511,0.4633,LOCAL
4997,"Day 4, 11:17",92.72,27.63,60.09,5.87,10,-63.1,10.0,52.19,0.6798,0.4628,LOCAL
4998,"Day 4, 11:18",91.63,27.72,75.23,9.92,9,-61.4,10.0,56.32,0.6993,0.6152,LOCAL
4999,"Day 4, 11:19",95.64,27.85,59.51,4.63,7,-61.7,10.0,54.28,0.568,0.4568,LOCAL
5000,"Day 4, 11:20",94.39,27.99,52.27,5.63,7,-63.7,10.0,56.61,0.5444,0.5119,LOCAL
5001,"Day 4, 11:21",94.85,28.13,51.88,5.56,7,-63.6,10.0,53.39,0.5421,0.4691,LOCAL
5002,"Day 4, 11:22",90.95,28.27,41.57,2.58,6,-65.5,10.0,57.67,0.4767,0.4502,LOCAL
5003,"Day 4, 11:23",92.69,28.38,62.92,9.27,10,-63.9,10.1,58.9,0.6886,0.6355,LOCAL
5004,"Day 4, 11:24",95.58,28.55,46.13,6.77,3,-63.2,10.0,55.35,0.3803,0.5238,LOCAL
5005,"Day 4, 11:25",95.92,28.7,41.28,2.87,8,-61.5,10.0,54.65,0.5375,0.4173,LOCAL
5006,"Day 4, 11:26",92.36,28.85,45.6,9.21,5,-60.7,10.0,57.83,0.4528,0.6182,LOCAL
5007,"Day 4, 11:27",93.38,29.03,33.3,2.22,3,-63.2,10.0,57.24,0.3379,0.4352,LOCAL
5008,"Day 4, 11:28",93.73,29.19,32.88,3.38,8,-64.6,10.0,60.67,0.5107,0.5149,LOCAL
5009,"Day 4, 11:29",95.51,29.4,25.61,2.2,2,-63.3,10.0,54.31,0.2723,0.3963,LOCAL
5010,"Day 4, 11:30",93.5,29.59,21.93,1.05,4,-65.7,10.0,54.55,0.3321,0.3705,LOCAL
5011,"Day 4, 11:31",91.63,29.74,32.56,4.81,9,-63.5,10.0,49.61,0.5469,0.4077,LOCAL
5012,"Day 4, 11:32",97.01,29.95,25.1,5.42,1,-65.1,10.0,52.03,0.2324,0.4496,LOCAL
5013,"Day 4, 11:33",93.49,30.14,22.9,1.35,5,-65.2,11.5,48.66,0.3697,0.3156,OFFLOAD
5014,"Day 4, 11:34",92.81,30.32,40.01,9.63,7,-67.6,10.0,45.03,0.5003,0.4833,LOCAL
5015,"Day 4, 11:35",94.74,30.46,51.82,7.26,8,-65.1,10.0,40.93,0.5736,0.3889,OFFLOAD
5016,"Day 4, 11:36",96.03,30.66,36.27,1.65,4,-64.8,10.0,41.38,0.3769,0.2523,OFFLOAD
5017,"Day 4, 11:37",96.17,30.84,48.51,9.38,7,-66.6,10.0,47.02,0.5243,0.4958,LOCAL
5018,"Day 4, 11:38",94.85,31.01,36.69,1.04,6,-69.0,10.0,44.61,0.4496,0.2648,OFFLOAD
5019,"Day 4, 11:39",92.18,31.21,30.31,1.87,2,-70.4,10.0,47.2,0.291,0.3098,LOCAL
5020,"Day 4, 11:40",92.14,31.37,37.68,8.26,4,-67.7,10.0,43.08,0.3866,0.4318,LOCAL
5021,"Day 4, 11:41",96.32,31.53,32.89,2.19,10,-65.6,10.0,48.7,0.5733,0.3328,OFFLOAD
5022,"Day 4, 11:42",94.57,31.73,32.85,2.99,8,-63.9,10.0,48.29,0.5055,0.3486,OFFLOAD
5023,"Day 4, 11:43",96.26,31.93,36.83,6.23,5,-63.3,10.0,52.08,0.4116,0.4705,LOCAL
5024,"Day 4, 11:44",94.73,32.09,32.29,2.64,8,-64.4,10.0,49.87,0.5028,0.3563,OFFLOAD
5025,"Day 4, 11:45",92.41,32.28,43.31,5.72,9,-62.2,10.0,47.96,0.5796,0.4136,OFFLOAD
5026,"Day 4, 11:46",91.87,32.45,43.41,3.9,10,-61.7,10.0,44.01,0.6154,0.3309,OFFLOAD
5027,"Day 4, 11:47",93.57,32.65,32.98,4.82,2,-64.2,10.0,45.52,0.2961,0.3676,LOCAL
5028,"Day 4, 11:48",94.85,32.79,40.74,4.69,10,-65.9,10.0,42.2,0.6011,0.3351,OFFLOAD
5029,"Day 4, 11:49",96.63,32.98,49.99,7.96,6,-63.9,10.0,41.33,0.4906,0.4096,OFFLOAD
5030,"Day 4, 11:50",96.4,33.15,56.61,6.39,10,-66.2,10.0,44.77,0.6538,0.4,OFFLOAD
5031,"Day 4, 11:51",94.51,33.34,40.77,2.84,8,-67.1,10.0,49.75,0.5309,0.3601,OFFLOAD
5032,"Day 4, 11:52",91.99,33.53,35.95,2.1,8,-68.1,10.0,46.71,0.5175,0.3108,OFFLOAD
5033,"Day 4, 11:53",92.83,33.72,37.78,2.8,10,-70.2,10.0,44.74,0.5924,0.31,OFFLOAD
5034,"Day 4, 11:54",96.79,33.92,40.86,4.81,8,-69.1,11.9,44.78,0.5269,0.3659,LOCAL
5035,"Day 4, 11:55",92.38,34.09,36.29,7.66,3,-70.2,10.0,42.62,0.3423,0.4129,LOCAL
5036,"Day 4, 11:56",92.48,34.23,44.31,5.08,8,-69.0,10.0,44.58,0.545,0.3655,OFFLOAD
5037,"Day 4, 11:57",93.22,34.43,32.14,5.55,1,-66.5,12.9,46.59,0.256,0.4041,LOCAL
5038,"Day 4, 11:58",94.19,34.57,47.57,7.42,8,-64.4,10.0,49.64,0.5533,0.4734,OFFLOAD
5039,"Day 4, 11:59",95.39,34.75,51.59,6.38,7,-64.7,10.6,48.58,0.5304,0.4382,OFFLOAD
5040,"Day 4, 12:00",96.72,34.93,48.04,5.74,7,-67.0,10.0,50.69,0.5157,0.4426,OFFLOAD
5041,"Day 4, 12:01",93.65,35.09,59.81,9.69,7,-68.6,10.0,51.75,0.5612,0.5532,LOCAL
5042,"Day 4, 12:02",96.15,35.23,58.93,6.92,7,-65.8,10.0,51.77,0.5542,0.4841,OFFLOAD
5043,"Day 4, 12:03",93.7,35.42,41.48,2.37,4,-66.6,10.0,51.26,0.3915,0.3647,LOCAL
5044,"Day 4, 12:04",96.98,35.62,29.88,3.96,2,-67.0,10.0,47.75,0.2757,0.3674,LOCAL
5045,"Day 4, 12:05",93.49,35.77,35.66,2.7,9,-65.8,10.0,48.55,0.5459,0.344,OFFLOAD
5046,"Day 4, 12:06",94.25,35.97,31.0,2.17,4,-65.5,10.0,44.08,0.3532,0.2883,OFFLOAD
5047,"Day 4, 12:07",96.06,36.18,30.07,2.84,7,-63.4,10.0,46.85,0.4519,0.3306,OFFLOAD
5048,"Day 4, 12:08",92.76,36.39,24.22,2.04,4,-65.6,10.0,47.31,0.331,0.3151,LOCAL
5049,"Day 4, 12:09",93.07,36.59,21.25,4.2,3,-66.1,10.0,43.83,0.2849,0.3368,LOCAL
5050,"Day 4, 12:10",92.98,36.77,26.1,5.51,4,-68.3,13.8,45.58,0.3367,0.3962,LOCAL
5051,"Day 4, 12:11",96.15,36.96,25.56,3.21,6,-66.2,12.1,44.09,0.3998,0.3203,OFFLOAD
5052,"Day 4, 12:12",94.06,37.17,26.52,5.75,4,-63.9,10.0,47.94,0.336,0.4141,LOCAL
5053,"Day 4, 12:13",97.15,37.34,34.25,4.96,7,-61.5,10.0,45.66,0.4631,0.3724,LOCAL
5054,"Day 4, 12:14",92.19,37.54,23.36,3.55,1,-62.6,10.0,49.88,0.2222,0.3791,LOCAL
5055,"Day 4, 12:15",95.26,37.72,34.56,9.77,4,-64.4,11.4,47.33,0.3615,0.5126,LOCAL
5056,"Day 4, 12:16",93.83,37.87,46.05,7.45,7,-63.3,10.0,47.57,0.5086,0.453,OFFLOAD
5057,"Day 4, 12:17",92.27,38.06,32.02,1.65,2,-62.0,10.0,43.35,0.2866,0.2689,LOCAL
5058,"Day 4, 12:18",95.93,38.25,32.67,6.9,4,-60.5,10.0,41.63,0.3531,0.3856,LOCAL
5059,"Day 4, 12:19",93.94,38.43,32.08,6.63,3,-61.8,10.0,42.21,0.3187,0.3837,LOCAL
5060,"Day 4, 12:20",92.11,38.54,58.85,9.6,10,-64.5,10.0,39.74,0.66,0.438,OFFLOAD
5061,"Day 4, 12:21",93.53,38.72,48.49,3.17,10,-63.2,10.0,40.81,0.6213,0.2857,OFFLOAD
5062,"Day 4, 12:22",91.69,38.89,48.22,6.86,5,-61.0,10.0,46.52,0.4479,0.428,LOCAL
5063,"Day 4, 12:23",96.51,39.07,35.37,1.45,4,-62.9,10.0,43.14,0.3604,0.2621,OFFLOAD
5064,"Day 4, 12:24",96.64,39.29,27.28,3.11,1,-62.0,10.0,41.25,0.2266,0.2877,LOCAL
5065,"Day 4, 12:25",97.17,39.46,22.99,1.07,9,-60.1,10.0,46.17,0.4905,0.2799,OFFLOAD
5066,"Day 4, 12:26",97.11,39.68,28.33,7.58,4,-60.3,10.0,48.58,0.334,0.4664,LOCAL
5067,"Day 4, 12:27",93.23,39.87,26.06,5.94,2,-63.0,10.0,52.85,0.2615,0.4722,LOCAL
5068,"Day 4, 12:28",95.87,40.05,37.56,9.47,5,-64.6,10.0,55.1,0.4026,0.588,LOCAL
5069,"Day 4, 12:29",94.38,40.2,33.81,2.25,9,-65.6,10.0,54.99,0.5315,0.4062,OFFLOAD
5070,"Day 4, 12:30",93.99,40.41,28.73,7.21,3,-65.0,10.0,55.37,0.304,0.535,LOCAL
5071,"Day 4, 12:31",93.73,40.53,55.5,9.64,8,-66.6,10.0,56.71,0.5729,0.6135,LOCAL
5072,"Day 4, 12:32",95.21,40.69,51.69,8.98,4,-67.4,10.0,58.76,0.417,0.6259,LOCAL
5073,"Day 4, 12:33",94.91,40.83,48.57,3.79,9,-67.7,10.0,53.91,0.5814,0.4311,OFFLOAD
5074,"Day 4, 12:34",96.27,41.0,54.93,8.16,7,-67.4,10.9,51.07,0.5314,0.5098,LOCAL
5075,"Day 4, 12:35",92.7,41.17,38.61,1.76,4,-67.7,10.0,52.23,0.3743,0.3604,LOCAL
5076,"Day 4, 12:36",95.5,41.34,44.69,9.32,4,-67.2,10.0,53.3,0.3912,0.562,LOCAL
5077,"Day 4, 12:37",93.79,41.5,32.86,1.53,6,-66.7,10.0,49.66,0.4221,0.3262,OFFLOAD
5078,"Day 4, 12:38",92.35,41.69,36.21,4.37,7,-66.2,10.0,54.32,0.4707,0.4507,LOCAL
5079,"Day 4, 12:39",95.02,41.83,43.37,3.98,10,-66.0,10.0,55.96,0.5965,0.4619,OFFLOAD
5080,"Day 4, 12:40",92.06,42.02,39.75,9.39,3,-65.6,10.0,54.49,0.343,0.5783,LOCAL
5081,"Day 4, 12:41",94.04,42.2,32.04,5.52,4,-64.8,10.0,58.77,0.3478,0.5396,LOCAL
5082,"Day 4, 12:42",95.76,42.38,34.68,8.92,3,-67.1,11.3,61.53,0.3191,0.6711,LOCAL
5083,"Day 4, 12:43",90.81,42.51,43.88,5.52,9,-65.4,10.0,59.41,0.5686,0.549,LOCAL
5084,"Day 4, 12:44",92.38,42.65,51.37,8.34,7,-66.9,10.0,57.29,0.5222,0.5889,LOCAL
5085,"Day 4, 12:45",91.6,42.78,47.23,4.53,8,-66.6,10.0,55.51,0.5437,0.4698,OFFLOAD
5086,"Day 4, 12:46",90.43,42.94,50.93,7.73,7,-64.4,10.0,56.36,0.5232,0.561,LOCAL
5087,"Day 4, 12:47",92.22,43.06,50.19,4.74,10,-64.4,11.8,59.45,0.6227,0.5353,LOCAL
5088,"Day 4, 12:48",92.83,43.19,48.99,5.29,8,-64.7,10.0,56.07,0.5474,0.4961,OFFLOAD
5089,"Day 4, 12:49",92.83,43.37,44.69,5.54,5,-63.0,10.0,54.96,0.4271,0.4879,LOCAL
5090,"Day 4, 12:50",91.75,43.5,48.93,6.69,8,-61.7,10.0,53.55,0.5484,0.4993,LOCAL
5091,"Day 4, 12:51",92.49,43.69,38.07,9.97,1,-63.9,10.0,55.37,0.264,0.604,LOCAL
5092,"Day 4, 12:52",95.07,43.82,46.95,4.81,10,-63.6,10.0,50.51,0.606,0.4174,OFFLOAD
5093,"Day 4, 12:53",91.45,44.01,37.46,6.65,2,-63.9,10.0,54.76,0.2979,0.5133,LOCAL
5094,"Day 4, 12:54",95.24,44.18,33.66,4.49,5,-64.2,10.0,50.86,0.3837,0.4132,LOCAL
5095,"Day 4, 12:55",91.32,44.33,30.77,1.93,9,-65.5,10.0,54.0,0.5192,0.3857,OFFLOAD
5096,"Day 4, 12:56",89.55,44.48,59.33,9.57,9,-63.2,10.0,52.68,0.6216,0.5609,OFFLOAD
5097,"Day 4, 12:57",93.62,44.66,47.58,7.54,3,-61.5,10.0,55.61,0.3641,0.5464,LOCAL
5098,"Day 4, 12:58",94.15,44.83,37.4,2.17,5,-61.6,10.0,52.95,0.3974,0.3791,LOCAL
5099,"Day 4, 12:59",89.55,45.01,31.2,6.82,2,-63.8,10.0,56.8,0.2773,0.5442,LOCAL
5100,"Day 4, 13:00",89.67,45.19,22.44,1.29,3,-64.7,10.0,57.54,0.2813,0.4161,LOCAL
5101,"Day 4, 13:01",92.24,45.4,16.39,1.98,1,-64.9,10.0,56.44,0.1859,0.4183,LOCAL
5102,"Day 4, 13:02",90.37,45.6,14.75,2.48,3,-65.8,10.0,51.73,0.2527,0.3727,LOCAL
5103,"Day 4, 13:03",91.37,45.76,38.96,9.17,6,-63.9,10.0,47.9,0.4407,0.4992,LOCAL
5104,"Day 4, 13:04",89.29,45.88,40.05,4.23,10,-65.1,10.0,53.03,0.5874,0.4315,OFFLOAD
5105,"Day 4, 13:05",93.54,46.07,39.67,2.73,8,-63.8,10.0,49.61,0.5094,0.3558,OFFLOAD
5106,"Day 4, 13:06",93.7,46.27,28.26,5.74,2,-63.0,10.0,53.49,0.2589,0.4748,LOCAL
5107,"Day 4, 13:07",92.6,46.48,19.24,6.78,1,-61.0,10.0,57.04,0.1937,0.5465,LOCAL
5108,"Day 4, 13:08",88.78,46.61,44.69,8.4,9,-62.1,10.0,52.26,0.5683,0.5268,LOCAL
5109,"Day 4, 13:09",93.66,46.73,52.34,5.14,10,-61.3,10.0,56.63,0.6226,0.4999,OFFLOAD
5110,"Day 4, 13:10",89.47,46.86,67.31,9.45,8,-63.3,10.0,58.16,0.6111,0.6289,LOCAL
5111,"Day 4, 13:11",91.83,47.02,51.01,9.98,2,-63.5,10.0,55.64,0.3403,0.6078,LOCAL
5112,"Day 4, 13:12",92.78,47.19,38.53,2.44,4,-64.2,10.0,53.25,0.3649,0.3894,LOCAL
5113,"Day 4, 13:13",89.08,47.36,35.12,8.7,3,-63.5,10.0,55.01,0.3233,0.5676,LOCAL
5114,"Day 4, 13:14",88.52,47.53,31.11,5.82,3,-64.0,10.0,55.75,0.3098,0.5052,LOCAL
5115,"Day 4, 13:15",90.06,47.69,29.95,4.39,5,-65.8,12.1,50.92,0.3732,0.4173,LOCAL
5116,"Day 4, 13:16",89.94,47.85,36.5,7.55,5,-64.9,10.0,55.65,0.3961,0.5472,LOCAL
5117,"Day 4, 13:17",86.88,48.01,34.06,5.17,4,-65.9,10.0,59.12,0.3569,0.5359,LOCAL
5118,"Day 4, 13:18",91.76,48.2,29.29,6.63,1,-66.6,10.0,56.27,0.2276,0.5323,LOCAL
5119,"Day 4, 13:19",89.23,48.36,35.81,8.52,5,-67.2,10.0,51.62,0.394,0.5225,LOCAL
5120,"Day 4, 13:20",88.1,48.47,50.34,7.94,8,-66.4,10.0,48.46,0.5513,0.4741,OFFLOAD
5121,"Day 4, 13:21",86.37,48.64,38.82,2.25,6,-68.2,12.7,51.9,0.4433,0.3767,OFFLOAD
5122,"Day 4, 13:22",89.84,48.84,26.2,1.98,1,-69.7,11.8,49.17,0.2187,0.3376,LOCAL
5123,"Day 4, 13:23",89.89,48.98,33.41,4.03,9,-69.6,10.0,53.95,0.5236,0.4376,OFFLOAD
5124,"Day 4, 13:24",90.48,49.17,30.3,1.97,9,-69.6,10.0,56.35,0.5116,0.4168,OFFLOAD
5125,"Day 4, 13:25",87.26,49.35,35.72,4.48,8,-67.5,10.0,50.99,0.5001,0.4144,OFFLOAD
5126,"Day 4, 13:26",88.64,49.51,43.9,6.86,6,-65.0,10.0,53.89,0.4564,0.5076,LOCAL
5127,"Day 4, 13:27",86.3,49.68,32.55,3.51,3,-63.2,10.0,56.61,0.315,0.4589,LOCAL
5128,"Day 4, 13:28",87.37,49.8,39.44,4.71,10,-65.3,10.0,50.83,0.5823,0.4184,OFFLOAD
5129,"Day 4, 13:29",90.4,49.98,39.78,4.11,5,-64.9,10.0,52.27,0.4037,0.4196,LOCAL
5130,"Day 4, 13:30",88.78,50.15,32.95,4.9,2,-63.3,10.0,53.18,0.2769,0.4501,LOCAL
5131,"Day 4, 13:31",85.69,50.31,34.68,8.14,3,-63.1,10.0,49.6,0.3224,0.491,LOCAL
5132,"Day 4, 13:32",90.3,50.45,45.99,8.97,6,-62.2,10.0,45.18,0.4599,0.4682,LOCAL
5133,"Day 4, 13:33",89.44,50.58,47.19,5.77,6,-62.4,10.0,47.08,0.4651,0.4061,OFFLOAD
5134,"Day 4, 13:34",86.6,50.75,37.71,2.35,6,-64.3,10.0,42.66,0.436,0.2805,OFFLOAD
5135,"Day 4, 13:35",85.24,50.93,28.3,2.39,5,-65.5,10.0,47.26,0.3698,0.3234,LOCAL
5136,"Day 4, 13:36",89.12,51.06,37.65,4.0,10,-63.3,10.0,49.26,0.5715,0.3839,OFFLOAD
5137,"Day 4, 13:37",84.83,51.24,28.58,1.77,4,-63.4,10.0,49.09,0.3359,0.3263,LOCAL
5138,"Day 4, 13:38",85.51,51.4,26.54,1.96,5,-64.3,10.0,48.32,0.3625,0.3232,LOCAL
5139,"Day 4, 13:39",86.7,51.52,32.08,2.82,10,-63.8,10.0,45.11,0.5549,0.3138,OFFLOAD
5140,"Day 4, 13:40",86.02,51.72,20.93,7.88,1,-63.5,10.0,42.36,0.2016,0.4162,LOCAL
5141,"Day 4, 13:41",83.64,51.84,34.24,5.76,8,-66.0,10.3,39.72,0.4966,0.3427,OFFLOAD
5142,"Day 4, 13:42",88.26,52.01,45.14,8.53,6,-66.2,10.8,45.86,0.4576,0.4659,LOCAL
5143,"Day 4, 13:43",87.22,52.13,46.45,5.81,8,-67.8,10.0,48.15,0.5336,0.4177,OFFLOAD
5144,"Day 4, 13:44",85.6,52.28,46.87,8.25,6,-67.9,10.0,50.82,0.4672,0.5068,LOCAL
5145,"Day 4, 13:45",85.96,52.4,48.92,7.73,6,-69.8,10.0,54.01,0.4737,0.5309,LOCAL
5146,"Day 4, 13:46",82.76,52.55,31.31,1.27,4,-69.5,11.7,57.6,0.3466,0.4214,LOCAL
5147,"Day 4, 13:47",86.39,52.69,34.4,4.07,7,-67.0,10.0,57.1,0.4568,0.4795,LOCAL
5148,"Day 4, 13:48",82.07,52.81,30.35,1.28,10,-66.8,10.0,59.89,0.5539,0.4503,LOCAL
5149,"Day 4, 13:49",82.54,52.94,35.99,5.07,6,-64.5,10.0,59.32,0.4327,0.5365,LOCAL
5150,"Day 4, 13:50",83.23,53.11,26.11,2.86,1,-66.2,10.0,61.82,0.2219,0.5206,LOCAL
5151,"Day 4, 13:51",86.08,53.23,34.24,4.14,10,-65.4,10.0,57.45,0.5609,0.4861,OFFLOAD
5152,"Day 4, 13:52",81.24,53.39,36.21,4.23,6,-66.9,10.0,51.63,0.4348,0.4154,LOCAL
5153,"Day 4, 13:53",82.58,53.47,60.26,8.43,10,-65.2,10.0,50.77,0.6569,0.5108,OFFLOAD
5154,"Day 4, 13:54",84.39,53.62,43.0,2.46,7,-64.1,10.0,49.57,0.4885,0.3486,OFFLOAD
5155,"Day 4, 13:55",86.16,53.79,38.56,9.69,3,-65.6,10.0,54.19,0.33,0.5821,LOCAL
5156,"Day 4, 13:56",83.81,53.87,64.47,9.41,10,-64.7,10.0,51.6,0.6691,0.5445,OFFLOAD
5157,"Day 4, 13:57",82.64,54.01,45.5,2.29,2,-64.6,10.0,48.72,0.3243,0.3355,LOCAL
5158,"Day 4, 13:58",83.09,54.18,29.65,1.61,1,-66.0,10.0,51.7,0.2329,0.3506,LOCAL
5159,"Day 4, 13:59",80.34,54.29,36.02,4.84,9,-67.5,10.0,52.27,0.5391,0.4379,OFFLOAD
5160,"Day 4, 14:00",79.41,54.43,45.93,8.82,5,-64.9,10.0,51.25,0.435,0.5258,LOCAL
5161,"Day 4, 14:01",81.82,54.5,62.05,8.43,9,-64.3,10.0,55.64,0.6277,0.569,LOCAL
5162,"Day 4, 14:02",80.89,54.58,60.28,4.62,8,-64.0,10.0,57.45,0.5878,0.4982,OFFLOAD
5163,"Day 4, 14:03",82.65,54.73,46.86,9.62,2,-66.1,10.0,60.42,0.3279,0.6671,LOCAL
5164,"Day 4, 14:04",82.71,54.87,40.51,8.25,4,-68.4,10.0,60.01,0.3754,0.6264,LOCAL
5165,"Day 4, 14:05",83.34,54.99,42.68,7.39,5,-68.9,11.4,54.35,0.4169,0.5305,LOCAL
5166,"Day 4, 14:06",79.03,55.08,54.22,8.77,7,-66.9,10.0,55.31,0.5336,0.5733,LOCAL
5167,"Day 4, 14:07",78.39,55.14,68.65,9.06,10,-67.9,10.0,55.17,0.69,0.5786,OFFLOAD
5168,"Day 4, 14:08",80.92,55.28,43.01,1.15,1,-67.4,10.0,59.0,0.2812,0.4336,LOCAL
5169,"Day 4, 14:09",78.92,55.39,43.73,5.83,6,-67.1,10.0,54.7,0.4616,0.492,LOCAL
5170,"Day 4, 14:10",81.62,55.55,30.38,7.75,1,-68.7,10.2,55.29,0.2355,0.5481,LOCAL
5171,"Day 4, 14:11",82.32,55.71,27.86,9.6,2,-66.2,10.0,57.06,0.2604,0.6172,LOCAL
5172,"Day 4, 14:12",82.28,55.88,23.78,8.47,2,-66.5,10.5,55.26,0.246,0.5666,LOCAL
5173,"Day 4, 14:13",82.07,56.04,19.06,1.62,4,-67.0,10.0,58.66,0.2995,0.4404,LOCAL
5174,"Day 4, 14:14",79.22,56.19,25.31,7.54,4,-67.6,10.0,58.42,0.3255,0.5849,LOCAL
5175,"Day 4, 14:15",81.25,56.35,24.49,6.72,3,-66.4,10.0,54.09,0.2843,0.5065,LOCAL
5176,"Day 4, 14:16",77.76,56.43,45.2,7.82,9,-65.8,10.0,52.84,0.5719,0.519,OFFLOAD
5177,"Day 4, 14:17",75.86,56.55,52.16,9.78,6,-64.7,10.0,52.4,0.4939,0.5628,LOCAL
5178,"Day 4, 14:18",80.34,56.66,39.63,2.32,8,-64.8,10.0,48.5,0.5132,0.334,OFFLOAD
5179,"Day 4, 14:19",76.84,56.81,29.29,4.47,2,-65.7,10.0,53.65,0.272,0.4449,LOCAL
5180,"Day 4, 14:20",79.95,56.92,45.7,8.54,7,-66.5,10.0,55.15,0.4996,0.5654,LOCAL
5181,"Day 4, 14:21",77.64,57.01,39.44,2.7,9,-65.7,10.0,50.7,0.551,0.3668,OFFLOAD
5182,"Day 4, 14:22",74.89,57.16,32.4,5.12,3,-67.4,10.0,50.26,0.3203,0.4225,LOCAL
5183,"Day 4, 14:23",78.76,57.32,22.98,2.4,2,-67.2,10.0,52.65,0.2463,0.3813,LOCAL
5184,"Day 4, 14:24",78.91,57.47,15.39,2.63,4,-67.0,10.0,48.98,0.2893,0.3467,LOCAL
5185,"Day 4, 14:25",77.38,57.6,28.45,8.27,5,-68.7,10.8,54.11,0.3721,0.5478,LOCAL
5186,"Day 4, 14:26",74.24,57.75,24.28,5.64,1,-70.0,10.0,57.54,0.222,0.5248,LOCAL
5187,"Day 4, 14:27",75.22,57.86,24.93,1.79,9,-68.2,10.0,56.12,0.5027,0.4092,OFFLOAD
5188,"Day 4, 14:28",74.53,58.01,27.72,3.79,6,-67.9,10.0,55.32,0.4082,0.4489,LOCAL
5189,"Day 4, 14:29",74.22,58.09,48.36,8.03,7,-65.6,10.0,58.72,0.5158,0.6015,LOCAL
5190,"Day 4, 14:30",76.27,58.23,36.29,8.38,1,-66.8,10.0,52.89,0.2603,0.5336,LOCAL
5191,"Day 4, 14:31",75.51,58.37,27.64,8.57,1,-65.0,10.0,50.99,0.2309,0.5167,LOCAL
5192,"Day 4, 14:32",73.04,58.48,39.49,9.41,5,-66.0,10.0,55.02,0.4159,0.5855,LOCAL
5193,"Day 4, 14:33",73.58,58.53,61.33,8.77,9,-63.6,10.0,55.82,0.6315,0.5798,OFFLOAD
5194,"Day 4, 14:34",73.38,58.66,39.56,3.97,1,-61.4,10.0,59.53,0.2754,0.5121,LOCAL
5195,"Day 4, 14:35",71.57,58.76,31.01,1.18,6,-64.1,10.0,60.41,0.423,0.4559,LOCAL
5196,"Day 4, 14:36",75.15,58.86,28.05,1.89,10,-64.8,10.0,54.34,0.5471,0.3889,OFFLOAD
5197,"Day 4, 14:37",71.54,58.99,35.55,4.42,7,-64.8,10.0,50.15,0.4736,0.4038,OFFLOAD
5198,"Day 4, 14:38",74.11,59.12,40.94,4.15,10,-65.5,10.0,53.42,0.5934,0.4342,LOCAL
5199,"Day 4, 14:39",75.07,59.21,35.58,2.06,10,-67.6,10.0,51.64,0.5731,0.3612,OFFLOAD
5200,"Day 4, 14:40",74.49,59.35,29.87,4.66,2,-66.2,10.0,56.01,0.2738,0.4795,LOCAL
5201,"Day 4, 14:41",74.07,59.48,27.53,3.68,4,-67.9,10.0,56.04,0.336,0.4555,LOCAL
5202,"Day 4, 14:42",70.33,59.61,27.2,9.31,2,-67.5,10.0,50.66,0.2703,0.5315,LOCAL
5203,"Day 4, 14:43",73.24,59.7,29.92,2.89,10,-69.1,11.5,50.54,0.5553,0.374,OFFLOAD
5204,"Day 4, 14:44",73.28,59.85,21.75,1.68,4,-68.6,10.0,53.42,0.3164,0.3724,LOCAL
5205,"Day 4, 14:45",70.03,59.9,52.28,9.48,9,-66.9,10.0,53.61,0.6031,0.5698,LOCAL
5206,"Day 4, 14:46",71.04,60.03,34.62,3.1,1,-68.2,10.0,49.33,0.2596,0.3621,LOCAL
5207,"Day 4, 14:47",67.91,60.13,36.33,6.96,3,-68.5,10.0,52.43,0.3401,0.4928,LOCAL
5208,"Day 4, 14:48",73.41,60.24,36.3,9.4,4,-68.5,10.0,47.2,0.3666,0.498,LOCAL
5209,"Day 4, 14:49",67.65,60.32,43.65,7.94,5,-67.3,10.0,44.63,0.4358,0.4374,LOCAL
5210,"Day 4, 14:50",69.73,60.4,47.26,7.34,6,-67.3,11.7,41.0,0.4802,0.3963,OFFLOAD
5211,"Day 4, 14:51",72.55,60.52,39.84,8.54,2,-68.9,10.0,45.13,0.3098,0.457,LOCAL
5212,"Day 4, 14:52",67.68,60.62,36.69,8.78,3,-70.1,10.0,47.85,0.341,0.489,LOCAL
5213,"Day 4, 14:53",71.38,60.69,53.69,8.9,8,-69.5,10.0,44.04,0.5698,0.4562,OFFLOAD
5214,"Day 4, 14:54",66.73,60.78,51.86,4.69,9,-67.3,10.0,45.64,0.6053,0.3654,OFFLOAD
5215,"Day 4, 14:55",65.85,60.89,35.83,6.72,1,-67.1,10.0,44.76,0.2703,0.4082,LOCAL
5216,"Day 4, 14:56",65.48,60.96,44.63,9.18,5,-68.9,10.1,45.31,0.4415,0.4751,LOCAL
5217,"Day 4, 14:57",70.72,61.07,35.21,3.43,3,-67.9,10.0,44.56,0.3306,0.3241,LOCAL
5218,"Day 4, 14:58",64.98,61.17,32.6,7.53,3,-69.5,12.0,46.2,0.3299,0.4473,LOCAL
5219,"Day 4, 14:59",67.66,61.23,50.88,8.58,8,-67.9,10.0,49.94,0.5647,0.5055,OFFLOAD
5220,"Day 4, 15:00",67.27,61.32,51.37,8.69,6,-69.3,10.0,50.92,0.4969,0.519,LOCAL
5221,"Day 4, 15:01",68.97,61.42,37.74,3.23,3,-68.3,10.0,49.65,0.3415,0.3686,LOCAL
5222,"Day 4, 15:02",65.15,61.45,54.78,8.19,10,-66.7,10.0,52.74,0.6518,0.5271,LOCAL
5223,"Day 4, 15:03",63.69,61.54,37.27,2.73,3,-68.1,10.2,55.59,0.3476,0.4263,LOCAL
5224,"Day 4, 15:04",67.43,61.66,28.34,8.53,2,-70.1,10.0,57.66,0.2756,0.5988,LOCAL
5225,"Day 4, 15:05",65.43,61.76,33.15,5.78,3,-68.1,10.0,60.37,0.3302,0.5702,LOCAL
5226,"Day 4, 15:06",63.35,61.85,32.04,7.41,3,-68.0,10.0,61.43,0.3293,0.628,LOCAL
5227,"Day 4, 15:07",62.64,61.9,41.7,6.47,8,-67.1,10.0,60.46,0.5391,0.5889,LOCAL
5228,"Day 4, 15:08",66.32,61.96,49.57,7.78,7,-65.2,10.0,60.52,0.5261,0.6226,LOCAL
5229,"Day 4, 15:09",63.99,62.04,39.45,8.8,3,-67.2,10.0,55.91,0.354,0.5818,LOCAL
5230,"Day 4, 15:10",65.95,62.16,30.14,9.59,1,-65.3,10.0,59.07,0.2483,0.6458,LOCAL
5231,"Day 4, 15:11",62.67,62.24,26.77,1.51,6,-66.8,10.0,56.76,0.4163,0.4109,LOCAL
5232,"Day 4, 15:12",66.31,62.31,30.0,3.25,10,-68.6,10.0,50.76,0.5621,0.3812,LOCAL
5233,"Day 4, 15:13",63.71,62.38,32.15,3.71,9,-66.4,10.0,48.18,0.5384,0.3656,OFFLOAD
5234,"Day 4, 15:14",61.31,62.46,43.32,9.05,6,-67.0,10.0,45.97,0.476,0.4776,LOCAL
5235,"Day 4, 15:15",64.2,62.56,29.61,1.02,4,-65.5,10.0,41.58,0.3535,0.2382,OFFLOAD
5236,"Day 4, 15:16",61.96,62.67,25.21,1.78,2,-63.1,10.0,39.38,0.2713,0.2397,LOCAL
5237,"Day 4, 15:17",61.77,62.71,45.36,6.24,10,-63.0,10.0,37.83,0.622,0.3394,OFFLOAD
5238,"Day 4, 15:18",63.63,62.79,49.21,8.05,7,-61.0,10.0,35.84,0.5276,0.3704,OFFLOAD
5239,"Day 4, 15:19",59.86,62.88,37.72,8.81,2,-63.7,10.0,35.81,0.3179,0.3892,LOCAL
5240,"Day 4, 15:20",59.1,62.94,40.49,5.12,6,-63.0,10.0,35.95,0.4687,0.2979,OFFLOAD
5241,"Day 4, 15:21",58.51,63.01,45.47,8.26,4,-65.7,10.0,39.76,0.4169,0.4047,LOCAL
5242,"Day 4, 15:22",61.36,63.11,32.36,1.74,2,-66.6,10.1,37.51,0.2966,0.2249,OFFLOAD
5243,"Day 4, 15:23",57.2,63.19,34.5,7.59,4,-64.9,10.0,39.19,0.3802,0.3834,LOCAL
5244,"Day 4, 15:24",62.56,63.25,45.72,10.0,6,-66.3,10.0,38.84,0.4813,0.441,LOCAL
5245,"Day 4, 15:25",56.9,63.28,49.8,8.96,6,-67.8,10.0,40.44,0.504,0.4275,OFFLOAD
5246,"Day 4, 15:26",61.85,63.34,66.26,9.14,9,-68.4,10.0,44.16,0.6591,0.4632,OFFLOAD
5247,"Day 4, 15:27",60.23,63.42,48.14,1.0,7,-69.2,10.2,45.24,0.528,0.2699,OFFLOAD
5248,"Day 4, 15:28",59.91,63.49,48.73,5.48,7,-69.2,10.0,48.39,0.5305,0.4119,OFFLOAD
5249,"Day 4, 15:29",60.62,63.55,66.76,8.98,9,-68.7,10.0,44.75,0.6624,0.4645,OFFLOAD
5250,"Day 4, 15:30",57.14,63.6,56.98,7.48,4,-69.3,10.0,41.34,0.4583,0.3977,OFFLOAD
5251,"Day 4, 15:31",54.67,63.67,40.45,1.99,6,-67.6,10.0,42.59,0.4741,0.2709,OFFLOAD
5252,"Day 4, 15:32",54.24,63.74,40.31,4.41,7,-68.4,10.0,39.54,0.5091,0.3067,OFFLOAD
5253,"Day 4, 15:33",56.77,63.83,30.71,1.49,6,-68.8,10.0,36.22,0.4366,0.2091,OFFLOAD
5254,"Day 4, 15:34",57.61,63.89,55.37,8.68,10,-68.2,10.0,37.75,0.6615,0.3999,OFFLOAD
5255,"Day 4, 15:35",55.13,63.93,66.01,6.57,10,-67.8,10.0,40.14,0.7024,0.3653,LOCAL
5256,"Day 4, 15:36",56.36,64.0,43.74,5.2,1,-66.5,10.0,40.96,0.3075,0.3376,LOCAL
5257,"Day 4, 15:37",57.41,64.07,34.58,3.66,3,-64.2,10.0,46.27,0.3438,0.3456,LOCAL
5258,"Day 4, 15:38",54.45,64.14,32.2,8.71,3,-65.7,10.0,43.04,0.3398,0.4427,LOCAL
5259,"Day 4, 15:39",54.95,64.2,26.56,1.86,5,-64.6,10.1,47.88,0.3892,0.3164,OFFLOAD
5260,"Day 4, 15:40",56.71,64.3,28.55,2.61,8,-66.3,10.0,47.23,0.4984,0.3286,OFFLOAD
5261,"Day 4, 15:41",56.87,64.36,50.08,7.75,10,-67.6,10.0,49.58,0.6434,0.481,OFFLOAD
5262,"Day 4, 15:42",51.07,64.42,41.78,5.17,4,-67.4,10.0,47.98,0.413,0.4001,LOCAL
5263,"Day 4, 15:43",51.09,64.41,59.51,8.95,8,-67.7,12.5,49.14,0.615,0.5136,OFFLOAD
5264,"Day 4, 15:44",54.75,64.48,44.6,2.15,7,-67.3,10.0,48.2,0.5222,0.3268,OFFLOAD
5265,"Day 4, 15:45",53.61,64.53,55.2,7.58,9,-69.0,10.0,47.4,0.631,0.4546,OFFLOAD
5266,"Day 4, 15:46",51.45,64.58,49.19,5.19,6,-67.7,12.6,51.59,0.5081,0.4462,OFFLOAD
5267,"Day 4, 15:47",53.63,64.61,63.31,8.72,9,-69.7,10.0,47.26,0.6592,0.4816,OFFLOAD
5268,"Day 4, 15:48",52.82,64.63,73.06,8.69,9,-67.5,10.0,45.08,0.6945,0.4602,OFFLOAD
5269,"Day 4, 15:49",53.83,64.67,60.47,3.68,7,-66.2,10.0,41.03,0.5789,0.3002,OFFLOAD
5270,"Day 4, 15:50",54.03,64.71,61.15,9.35,6,-67.0,10.0,43.06,0.5459,0.4589,OFFLOAD
5271,"Day 4, 15:51",53.28,64.77,47.81,9.91,2,-64.6,10.0,40.75,0.3603,0.4537,LOCAL
5272,"Day 4, 15:52",48.94,64.78,53.65,9.02,6,-63.4,10.0,42.32,0.5272,0.4444,OFFLOAD
5273,"Day 4, 15:53",48.47,64.82,48.59,6.77,6,-64.8,10.0,44.79,0.5101,0.4097,OFFLOAD
5274,"Day 4, 15:54",46.99,64.87,34.41,4.91,1,-65.4,10.0,44.35,0.2876,0.3592,LOCAL
5275,"Day 4, 15:55",50.19,64.94,24.15,8.65,2,-65.5,10.0,41.65,0.2818,0.4295,LOCAL
5276,"Day 4, 15:56",49.29,64.99,29.16,3.84,5,-65.0,10.0,44.75,0.4057,0.336,OFFLOAD
5277,"Day 4, 15:57",47.17,65.06,28.12,3.32,5,-66.3,11.8,45.04,0.4051,0.3308,OFFLOAD
5278,"Day 4, 15:58",46.49,65.11,36.01,5.5,7,-67.7,10.0,41.14,0.5036,0.3466,OFFLOAD
5279,"Day 4, 15:59",49.03,65.16,42.19,6.45,6,-65.2,10.0,40.92,0.4864,0.3686,OFFLOAD
5280,"Day 4, 16:00",47.43,65.22,36.41,3.46,2,-65.9,10.0,46.48,0.3285,0.3426,LOCAL
5281,"Day 4, 16:01",47.12,65.22,42.16,4.81,8,-63.7,10.0,48.62,0.5591,0.3975,OFFLOAD
5282,"Day 4, 16:02",46.42,65.25,51.08,5.65,9,-64.1,10.0,51.6,0.6263,0.4505,OFFLOAD
5283,"Day 4, 16:03",45.73,65.31,33.86,2.99,1,-66.6,10.0,53.52,0.287,0.4064,LOCAL
5284,"Day 4, 16:04",45.45,65.35,26.09,1.2,4,-66.3,10.0,57.62,0.3651,0.415,LOCAL
5285,"Day 4, 16:05",43.9,65.4,21.03,3.61,3,-67.6,10.0,55.8,0.3146,0.4506,LOCAL
5286,"Day 4, 16:06",43.98,65.45,21.12,2.57,3,-69.0,10.0,52.99,0.3148,0.3896,LOCAL
5287,"Day 4, 16:07",43.53,65.49,20.59,3.67,5,-70.6,10.0,55.93,0.3835,0.4538,LOCAL
5288,"Day 4, 16:08",46.33,65.54,22.87,5.16,4,-69.1,11.2,53.93,0.3522,0.4692,LOCAL
5289,"Day 4, 16:09",42.22,65.56,27.55,4.57,6,-70.5,10.5,49.36,0.4448,0.4005,LOCAL
5290,"Day 4, 16:10",46.6,65.63,21.01,6.3,2,-68.2,10.0,52.75,0.2752,0.48,LOCAL
5291,"Day 4, 16:11",42.85,65.66,23.31,3.96,5,-69.1,10.0,47.71,0.3938,0.3671,LOCAL
5292,"Day 4, 16:12",43.32,65.68,37.18,9.98,5,-68.4,10.0,48.6,0.4416,0.5265,LOCAL
5293,"Day 4, 16:13",42.67,65.68,44.95,9.51,5,-68.0,10.0,48.52,0.4698,0.514,LOCAL
5294,"Day 4, 16:14",41.58,65.68,42.55,5.27,6,-67.0,10.0,51.77,0.498,0.4429,OFFLOAD
5295,"Day 4, 16:15",40.47,65.7,44.92,9.23,4,-64.9,11.5,56.19,0.438,0.6005,LOCAL
5296,"Day 4, 16:16",44.63,65.71,42.86,7.15,5,-65.4,10.2,59.33,0.4595,0.5891,LOCAL
5297,"Day 4, 16:17",42.79,65.71,30.93,1.21,10,-64.6,10.0,59.88,0.5955,0.4485,OFFLOAD
5298,"Day 4, 16:18",39.59,65.74,35.0,3.3,9,-66.5,10.0,53.5,0.5795,0.4139,OFFLOAD
5299,"Day 4, 16:19",38.35,65.78,30.99,2.54,7,-67.5,10.0,56.41,0.4973,0.4319,OFFLOAD
5300,"Day 4, 16:20",41.57,65.83,26.53,8.96,1,-66.7,10.0,54.38,0.2668,0.5662,LOCAL
5301,"Day 4, 16:21",42.39,65.86,29.49,6.76,3,-67.9,10.0,54.69,0.3458,0.515,LOCAL
5302,"Day 4, 16:22",38.81,65.9,23.4,2.35,3,-67.0,10.0,50.09,0.3298,0.3514,LOCAL
5303,"Day 4, 16:23",36.52,65.91,27.66,5.52,5,-66.2,10.0,45.54,0.4182,0.3852,LOCAL
5304,"Day 4, 16:24",40.95,65.96,19.12,1.61,1,-67.3,10.0,44.38,0.2415,0.277,LOCAL
5305,"Day 4, 16:25",38.89,65.99,22.54,6.47,3,-65.9,10.0,40.67,0.3266,0.367,LOCAL
5306,"Day 4, 16:26",38.02,66.04,20.58,6.18,1,-68.0,10.0,40.9,0.251,0.3616,LOCAL
5307,"Day 4, 16:27",36.47,66.04,23.87,4.1,7,-66.4,11.4,42.54,0.4748,0.3271,OFFLOAD
5308,"Day 4, 16:28",37.18,66.06,44.12,6.82,9,-68.4,10.0,45.01,0.6146,0.4129,OFFLOAD
5309,"Day 4, 16:29",35.9,66.07,39.01,3.49,7,-70.1,10.0,48.78,0.5286,0.3662,OFFLOAD
5310,"Day 4, 16:30",38.18,66.11,27.52,6.57,1,-68.3,10.6,45.22,0.2749,0.4103,LOCAL
5311,"Day 4, 16:31",34.99,66.12,21.56,1.67,6,-70.2,10.0,43.58,0.4338,0.2714,OFFLOAD
5312,"Day 4, 16:32",34.05,66.14,30.5,4.78,8,-69.6,10.0,46.92,0.5364,0.3798,OFFLOAD
5313,"Day 4, 16:33",34.92,66.16,38.67,6.81,6,-69.4,10.0,42.54,0.4938,0.391,OFFLOAD
5314,"Day 4, 16:34",35.68,66.18,35.91,7.09,4,-67.2,10.0,48.25,0.4129,0.4508,LOCAL
5315,"Day 4, 16:35",31.53,66.16,28.1,1.14,7,-67.7,10.0,49.13,0.4968,0.311,OFFLOAD
5316,"Day 4, 16:36",31.1,66.18,23.91,3.89,1,-65.7,10.0,46.43,0.2728,0.3529,LOCAL
5317,"Day 4, 16:37",33.92,66.13,53.23,8.05,9,-64.7,10.0,45.27,0.6512,0.446,OFFLOAD
5318,"Day 4, 16:38",32.03,66.11,54.74,7.35,8,-64.4,10.0,48.1,0.6244,0.4557,OFFLOAD
5319,"Day 4, 16:39",30.12,66.11,38.03,5.47,1,-62.6,10.0,52.48,0.3238,0.4561,LOCAL
5320,"Day 4, 16:40",31.35,66.13,27.68,2.69,1,-65.1,10.0,49.2,0.2857,0.3505,LOCAL
5321,"Day 4, 16:41",30.32,66.13,30.15,8.46,3,-67.0,10.0,49.11,0.3659,0.4938,LOCAL
5322,"Day 4, 16:42",33.03,66.14,24.44,2.48,3,-66.7,10.0,45.15,0.3418,0.3057,LOCAL
5323,"Day 4, 16:43",32.8,66.1,43.41,9.83,7,-66.2,10.0,49.6,0.5486,0.5332,LOCAL
5324,"Day 4, 16:44",28.35,66.05,34.49,1.75,10,-66.8,10.8,53.17,0.6291,0.3734,OFFLOAD
5325,"Day 4, 16:45",30.99,66.07,26.83,2.09,9,-68.7,10.0,56.96,0.5633,0.4282,OFFLOAD
5326,"Day 4, 16:46",32.21,66.09,29.21,3.79,5,-66.0,10.3,56.6,0.4298,0.4666,LOCAL
5327,"Day 4, 16:47",28.37,66.06,37.13,8.3,6,-66.5,10.0,57.54,0.4983,0.5915,LOCAL
5328,"Day 4, 16:48",32.33,66.01,48.32,6.8,9,-67.1,10.0,57.76,0.6366,0.557,OFFLOAD
5329,"Day 4, 16:49",30.4,66.01,36.18,2.44,8,-65.2,10.0,60.63,0.562,0.4909,OFFLOAD
5330,"Day 4, 16:50",31.43,66.03,27.05,9.83,1,-64.5,10.0,60.73,0.2835,0.6772,LOCAL
5331,"Day 4, 16:51",29.16,66.04,25.27,5.88,2,-64.9,10.0,56.61,0.3157,0.5181,LOCAL
5332,"Day 4, 16:52",27.31,66.02,25.12,2.45,6,-63.8,10.0,60.4,0.4579,0.4875,LOCAL
5333,"Day 4, 16:53",25.55,66.01,25.04,5.54,2,-63.4,10.0,63.83,0.3203,0.6224,LOCAL
5334,"Day 4, 16:54",27.02,65.96,41.61,7.06,8,-65.0,10.6,65.54,0.5862,0.6942,LOCAL
5335,"Day 4, 16:55",26.43,65.92,33.02,2.56,7,-66.7,10.0,65.42,0.522,0.5775,LOCAL
5336,"Day 4, 16:56",27.15,65.87,35.47,3.34,9,-66.9,11.3,66.24,0.5996,0.6171,LOCAL
5337,"Day 4, 16:57",28.13,65.82,39.07,6.32,8,-67.9,10.0,63.53,0.5758,0.6365,LOCAL
5338,"Day 4, 16:58",25.07,65.82,27.04,2.89,1,-69.4,12.4,57.25,0.2933,0.459,LOCAL
5339,"Day 4, 16:59",24.87,65.81,21.45,3.15,2,-68.9,10.0,58.02,0.309,0.4695,LOCAL
5340,"Day 4, 17:00",22.13,65.72,53.73,8.86,10,-70.5,10.0,59.27,0.7063,0.6304,LOCAL
5341,"Day 4, 17:01",23.99,65.68,45.53,9.09,2,-71.5,12.6,62.86,0.3948,0.7014,LOCAL
5342,"Day 4, 17:02",22.87,65.57,67.54,9.15,9,-72.5,13.6,57.84,0.7187,0.6273,OFFLOAD
5343,"Day 4, 17:03",25.51,65.54,53.52,2.5,10,-69.3,10.0,53.97,0.7007,0.3996,OFFLOAD
5344,"Day 4, 17:04",21.41,65.5,44.75,7.65,2,-69.0,11.7,57.91,0.3963,0.5853,LOCAL
5345,"Day 4, 17:05",20.23,65.45,40.01,4.66,5,-66.5,11.4,56.36,0.4865,0.4883,LOCAL
5346,"Day 4, 17:06",24.15,65.42,32.93,2.69,4,-67.6,10.0,51.97,0.4209,0.3807,LOCAL
5347,"Day 4, 17:07",23.17,65.33,52.32,8.01,10,-65.4,10.0,51.28,0.7004,0.5059,OFFLOAD
5348,"Day 4, 17:08",19.13,65.29,38.07,2.92,6,-66.1,10.0,51.73,0.5166,0.3837,OFFLOAD
5349,"Day 4, 17:09",23.5,65.29,27.14,3.4,1,-63.7,10.0,52.81,0.2968,0.4082,LOCAL
5350,"Day 4, 17:10",21.43,65.23,38.74,7.04,7,-62.2,10.0,53.95,0.5506,0.5129,LOCAL
5351,"Day 4, 17:11",23.13,65.21,29.47,2.55,1,-60.2,10.0,57.0,0.3056,0.4401,LOCAL
5352,"Day 4, 17:12",20.85,65.15,35.43,4.24,8,-61.8,10.0,51.89,0.575,0.4186,OFFLOAD
5353,"Day 4, 17:13",21.59,65.13,35.88,3.63,6,-60.9,10.0,49.88,0.5055,0.3811,OFFLOAD
5354,"Day 4, 17:14",19.06,65.09,45.59,8.15,6,-59.1,10.0,51.84,0.5433,0.5157,LOCAL
5355,"Day 4, 17:15",16.7,65.04,34.25,2.09,2,-58.5,10.0,53.21,0.3673,0.3801,LOCAL
5356,"Day 4, 17:16",19.86,65.01,25.89,1.94,3,-60.3,10.0,52.84,0.3683,0.3721,LOCAL
5357,"Day 4, 17:17",15.28,64.97,27.87,9.44,2,-63.2,10.0,47.95,0.3472,0.5065,LOCAL
5358,"Day 4, 17:18",17.27,64.89,34.71,3.97,10,-62.8,10.0,53.02,0.6482,0.425,LOCAL
5359,"Day 4, 17:19",18.61,64.85,29.95,6.02,3,-64.3,10.0,51.04,0.3846,0.4535,LOCAL
5360,"Day 4, 17:20",13.87,64.78,36.87,6.19,6,-65.3,10.0,54.43,0.5211,0.4976,LOCAL
5361,"Day 4, 17:21",17.38,64.73,34.7,8.44,3,-67.4,10.0,56.74,0.4033,0.5839,LOCAL
5362,"Day 4, 17:22",13.52,64.64,42.05,7.29,6,-65.1,11.0,52.28,0.5399,0.5023,LOCAL
5363,"Day 4, 17:23",15.23,64.6,29.51,2.47,3,-65.1,11.5,54.17,0.3885,0.4056,LOCAL
5364,"Day 4, 17:24",12.33,64.51,36.98,6.54,6,-66.5,10.0,50.83,0.5242,0.4642,OFFLOAD
5365,"Day 4, 17:25",14.34,64.48,28.86,1.07,1,-67.0,10.0,48.8,0.3178,0.3058,LOCAL
5366,"Day 4, 17:26",15.73,64.4,43.58,9.9,6,-65.4,10.0,48.12,0.5423,0.5197,LOCAL
5367,"Day 4, 17:27",15.69,64.32,47.28,8.55,5,-65.3,10.0,48.49,0.5205,0.4896,LOCAL
5368,"Day 4, 17:28",12.0,64.21,41.7,2.89,9,-64.0,10.0,52.4,0.6466,0.3906,LOCAL
5369,"Day 4, 17:29",13.05,64.1,54.58,8.56,8,-63.3,10.0,50.54,0.6553,0.5115,OFFLOAD
5370,"Day 4, 17:30",13.26,64.05,37.26,2.96,2,-62.4,10.0,49.07,0.3844,0.3559,LOCAL
5371,"Day 4, 17:31",9.69,63.95,44.04,7.47,7,-61.6,10.0,52.44,0.5887,0.5056,OFFLOAD
5372,"Day 4, 17:32",10.56,63.88,44.95,6.01,6,-62.7,10.0,56.18,0.5557,0.5156,LOCAL
5373,"Day 4, 17:33",11.08,63.81,33.56,3.86,3,-61.4,10.0,51.99,0.4101,0.4102,LOCAL
5374,"Day 4, 17:34",11.55,63.75,29.9,5.05,4,-60.0,10.0,47.76,0.4317,0.3948,LOCAL
5375,"Day 4, 17:35",10.6,63.66,37.75,7.08,6,-60.3,10.0,47.21,0.5307,0.4401,OFFLOAD
5376,"Day 4, 17:36",8.95,63.62,26.41,6.15,1,-60.8,10.0,50.0,0.3186,0.4455,LOCAL
5377,"Day 4, 17:37",10.46,63.49,52.67,7.48,10,-63.3,10.0,52.58,0.7234,0.5075,OFFLOAD
5378,"Day 4, 17:38",9.35,63.42,41.35,9.61,2,-61.4,10.3,55.52,0.4056,0.5978,LOCAL
5379,"Day 4, 17:39",9.67,63.35,31.15,4.97,3,-60.1,10.0,58.49,0.4045,0.5216,LOCAL
5380,"Day 4, 17:40",9.5,63.29,28.32,3.64,4,-59.1,10.0,55.38,0.4299,0.4459,LOCAL
5381,"Day 4, 17:41",5.02,63.2,35.02,7.46,4,-58.4,10.0,51.45,0.4602,0.494,LOCAL
5382,"Day 4, 17:42",9.97,63.08,50.26,8.08,8,-57.4,10.0,52.24,0.6463,0.5186,OFFLOAD
5383,"Day 4, 17:43",7.58,63.01,38.55,4.46,3,-59.7,10.0,54.49,0.434,0.4551,LOCAL
5384,"Day 4, 17:44",7.64,62.95,29.49,3.93,1,-61.1,10.0,57.36,0.3323,0.4797,LOCAL
5385,"Day 4, 17:45",6.22,62.84,30.92,1.53,10,-60.1,10.0,59.1,0.6546,0.4446,OFFLOAD
5386,"Day 4, 17:46",7.11,62.79,27.6,2.92,2,-58.2,10.0,55.77,0.3618,0.433,LOCAL
5387,"Day 4, 17:47",4.77,62.73,21.21,5.16,1,-59.6,10.0,52.52,0.308,0.4488,LOCAL
5388,"Day 4, 17:48",4.22,62.63,30.31,5.02,7,-60.4,10.0,48.04,0.5508,0.3968,LOCAL
5389,"Day 4, 17:49",3.88,62.51,37.96,5.28,7,-61.1,10.0,44.37,0.5783,0.3686,OFFLOAD
5390,"Day 4, 17:50",4.73,62.43,44.78,6.61,7,-62.9,10.0,47.24,0.601,0.4287,OFFLOAD
5391,"Day 4, 17:51",2.91,62.34,46.02,7.93,6,-60.6,10.0,49.24,0.5732,0.4819,OFFLOAD
5392,"Day 4, 17:52",2.69,62.26,34.45,5.33,1,-62.1,10.0,51.42,0.3582,0.4405,LOCAL
5393,"Day 4, 17:53",2.11,62.15,41.48,8.22,5,-64.2,10.0,46.95,0.5238,0.4661,OFFLOAD
5394,"Day 4, 17:54",5.09,62.08,34.36,2.06,9,-62.0,10.0,48.09,0.6345,0.3233,OFFLOAD
5395,"Day 4, 17:55",0.0,61.97,50.0,7.33,9,-60.7,11.7,48.19,0.697,0.4609,OFFLOAD
5396,"Day 4, 17:56",0.0,61.88,42.7,8.29,4,-61.0,10.0,47.05,0.4967,0.4688,LOCAL
5397,"Day 4, 17:57",0.0,61.73,50.54,5.96,8,-62.3,10.0,42.57,0.6643,0.37,LOCAL
5398,"Day 4, 17:58",2.92,61.63,41.37,9.72,2,-63.6,10.0,39.71,0.418,0.4407,LOCAL
5399,"Day 4, 17:59",0.0,61.51,32.31,2.59,8,-63.5,10.0,39.69,0.6008,0.2623,OFFLOAD
5400,"Day 4, 18:00",1.89,61.41,48.69,9.56,7,-64.2,10.0,42.95,0.6205,0.4632,OFFLOAD
5401,"Day 4, 18:01",1.22,61.32,45.91,6.22,6,-63.9,10.0,41.66,0.5769,0.3688,OFFLOAD
5402,"Day 4, 18:02",0.86,61.22,45.67,4.83,6,-63.7,10.0,38.6,0.5767,0.31,OFFLOAD
5403,"Day 4, 18:03",1.39,61.14,30.45,1.05,6,-62.0,10.0,38.61,0.5228,0.2155,OFFLOAD
5404,"Day 4, 18:04",1.23,61.04,53.89,9.95,8,-60.9,10.3,36.85,0.6752,0.4258,OFFLOAD
5405,"Day 4, 18:05",0.96,60.93,50.33,7.96,5,-63.7,10.0,43.8,0.5583,0.4306,OFFLOAD
5406,"Day 4, 18:06",1.03,60.83,47.03,4.83,7,-62.4,10.0,40.45,0.6168,0.3243,OFFLOAD
5407,"Day 4, 18:07",0.96,60.75,37.22,2.34,6,-62.9,10.0,41.76,0.5477,0.2727,OFFLOAD
5408,"Day 4, 18:08",1.17,60.68,28.36,1.16,2,-61.5,10.3,43.0,0.3765,0.2543,OFFLOAD
5409,"Day 4, 18:09",0.4,60.61,20.61,6.59,1,-60.4,10.0,46.36,0.3156,0.4197,LOCAL
5410,"Day 4, 18:10",0.86,60.5,23.37,2.53,9,-62.7,10.0,50.0,0.6047,0.3549,OFFLOAD
5411,"Day 4, 18:11",0.33,60.44,20.42,4.75,2,-64.7,10.0,46.08,0.3503,0.371,LOCAL
5412,"Day 4, 18:12",0.91,60.35,24.26,8.45,3,-63.4,10.0,44.42,0.398,0.4483,LOCAL
5413,"Day 4, 18:13",0.72,60.27,26.98,9.36,3,-61.9,10.0,45.53,0.408,0.4811,LOCAL
5414,"Day 4, 18:14",1.24,60.17,24.57,2.9,5,-63.4,10.0,42.71,0.4689,0.2947,OFFLOAD
5415,"Day 4, 18:15",1.4,60.1,30.15,2.59,9,-61.5,10.0,46.16,0.6283,0.3179,LOCAL
5416,"Day 4, 18:16",1.33,59.99,26.67,1.31,8,-60.7,10.0,50.32,0.5814,0.3278,OFFLOAD
5417,"Day 4, 18:17",0.82,59.91,34.54,9.53,4,-59.8,10.0,53.63,0.4698,0.5712,LOCAL
5418,"Day 4, 18:18",0.99,59.77,40.35,3.97,10,-58.8,10.0,56.21,0.7001,0.465,OFFLOAD
5419,"Day 4, 18:19",0.98,59.67,43.08,8.05,6,-58.9,10.0,59.94,0.5698,0.6204,LOCAL
5420,"Day 4, 18:20",1.35,59.56,35.02,1.27,6,-61.3,10.0,61.68,0.5412,0.4785,OFFLOAD
5421,"Day 4, 18:21",0.86,59.48,31.71,3.95,4,-60.7,10.0,60.75,0.4605,0.5305,LOCAL
5422,"Day 4, 18:22",1.46,59.39,30.5,4.74,4,-63.3,10.0,54.45,0.4555,0.4616,LOCAL
5423,"Day 4, 18:23",0.72,59.23,52.79,8.07,10,-62.7,10.0,56.03,0.7448,0.5651,OFFLOAD
5424,"Day 4, 18:24",1.11,59.14,41.03,4.38,2,-64.3,10.0,58.72,0.4232,0.5103,LOCAL
5425,"Day 4, 18:25",0.81,59.01,48.8,9.1,6,-64.2,10.0,57.89,0.5911,0.6164,LOCAL
5426,"Day 4, 18:26",1.39,58.9,38.77,4.49,4,-62.7,10.0,57.96,0.4853,0.5021,LOCAL
5427,"Day 4, 18:27",0.81,58.78,31.42,3.06,8,-64.2,10.0,59.31,0.6006,0.486,OFFLOAD
5428,"Day 4, 18:28",0.96,58.72,21.52,2.86,3,-65.3,10.0,55.0,0.3908,0.4215,LOCAL
5429,"Day 4, 18:29",0.84,58.64,24.81,9.51,2,-66.4,10.0,55.75,0.3676,0.5974,LOCAL
5430,"Day 4, 18:30",0.74,58.57,23.56,3.4,1,-64.9,10.0,50.7,0.3285,0.3842,LOCAL
5431,"Day 4, 18:31",1.07,58.46,26.28,2.49,8,-65.1,10.0,49.61,0.5827,0.3498,OFFLOAD
5432,"Day 4, 18:32",1.05,58.39,23.22,5.76,3,-67.3,10.0,48.23,0.3971,0.4173,LOCAL
5433,"Day 4, 18:33",0.7,58.25,47.0,9.15,8,-65.8,10.0,52.27,0.6561,0.5457,LOCAL
5434,"Day 4, 18:34",1.19,58.15,35.4,2.13,4,-64.9,10.2,49.74,0.4749,0.3429,OFFLOAD
5435,"Day 4, 18:35",0.49,58.06,40.26,5.57,7,-63.4,10.0,46.1,0.5981,0.3917,OFFLOAD
5436,"Day 4, 18:36",1.02,57.92,70.8,9.38,10,-65.8,10.0,45.58,0.8094,0.4821,OFFLOAD
5437,"Day 4, 18:37",1.38,57.82,54.91,4.15,6,-65.8,10.0,43.61,0.6134,0.3337,OFFLOAD
5438,"Day 4, 18:38",0.02,57.7,56.81,5.22,10,-66.7,10.0,42.6,0.7622,0.3517,LOCAL
5439,"Day 4, 18:39",1.35,57.56,48.78,3.92,8,-65.0,10.0,46.46,0.6624,0.3539,OFFLOAD
5440,"Day 4, 18:40",1.38,57.44,61.53,8.72,8,-65.0,10.0,44.39,0.7071,0.4548,LOCAL
5441,"Day 4, 18:41",0.2,57.33,44.17,2.94,3,-64.4,10.0,43.88,0.4733,0.3058,OFFLOAD
5442,"Day 4, 18:42",0.15,57.23,41.03,5.15,5,-64.6,10.0,49.11,0.5325,0.411,OFFLOAD
5443,"Day 4, 18:43",0.24,57.12,57.69,7.41,10,-63.3,10.0,46.99,0.7659,0.4463,OFFLOAD
5444,"Day 4, 18:44",0.2,57.03,41.42,4.36,2,-63.8,10.0,45.03,0.4291,0.3516,OFFLOAD
5445,"Day 4, 18:45",0.78,56.92,53.06,7.31,8,-61.5,10.0,42.39,0.6792,0.4022,OFFLOAD
5446,"Day 4, 18:46",0.04,56.83,39.12,2.97,2,-62.7,10.0,41.81,0.4216,0.2889,OFFLOAD
5447,"Day 4, 18:47",0.81,56.75,33.47,3.51,3,-63.4,10.0,38.2,0.4358,0.2739,OFFLOAD
5448,"Day 4, 18:48",1.03,56.66,35.9,8.47,3,-64.1,10.5,35.25,0.4441,0.3783,OFFLOAD
5449,"Day 4, 18:49",1.35,56.59,25.6,9.87,1,-62.5,10.0,33.89,0.3377,0.4026,LOCAL
5450,"Day 4, 18:50",0.65,56.52,21.98,3.28,1,-60.8,10.0,38.88,0.3262,0.2734,OFFLOAD
5451,"Day 4, 18:51",1.04,56.46,21.68,9.79,2,-62.4,10.0,37.8,0.3596,0.428,LOCAL
5452,"Day 4, 18:52",1.23,56.34,31.78,4.36,8,-61.0,10.0,43.01,0.6049,0.3337,OFFLOAD
5453,"Day 4, 18:53",0.43,56.26,32.72,3.44,4,-59.1,10.0,47.94,0.4695,0.3564,OFFLOAD
5454,"Day 4, 18:54",0.84,56.19,29.35,4.26,4,-60.6,10.0,49.38,0.4572,0.3916,OFFLOAD
5455,"Day 4, 18:55",0.84,56.12,23.02,4.85,2,-58.7,10.0,48.13,0.3651,0.3935,LOCAL
5456,"Day 4, 18:56",1.48,56.05,22.5,1.93,1,-61.0,10.0,46.97,0.3275,0.3091,LOCAL
5457,"Day 4, 18:57",1.39,55.94,30.78,3.83,8,-62.3,10.0,49.01,0.6017,0.377,OFFLOAD
5458,"Day 4, 18:58",0.48,55.86,26.58,3.01,4,-64.4,10.0,45.51,0.4485,0.3223,OFFLOAD
5459,"Day 4, 18:59",0.77,55.79,30.99,3.2,8,-65.0,10.0,42.53,0.6036,0.3006,OFFLOAD
5460,"Day 4, 19:00",1.03,55.72,21.22,4.66,1,-66.9,11.8,46.54,0.3241,0.3783,LOCAL
5461,"Day 4, 19:01",0.19,55.64,24.51,7.54,3,-68.1,10.0,44.3,0.407,0.4245,LOCAL
5462,"Day 4, 19:02",0.69,55.52,24.41,1.76,9,-66.6,10.0,49.57,0.6161,0.3311,OFFLOAD
5463,"Day 4, 19:03",0.86,55.42,51.38,8.15,10,-67.8,10.0,47.08,0.7454,0.4657,OFFLOAD
5464,"Day 4, 19:04",0.97,55.3,65.04,8.1,10,-68.7,10.0,48.57,0.7932,0.4792,OFFLOAD
5465,"Day 4, 19:05",0.62,55.18,58.02,4.73,9,-70.2,12.5,50.93,0.7344,0.4272,OFFLOAD
5466,"Day 4, 19:06",1.35,55.09,43.51,2.6,7,-71.6,10.0,54.06,0.6126,0.4033,OFFLOAD
5467,"Day 4, 19:07",0.06,55.0,39.01,7.2,3,-71.8,10.0,53.22,0.4589,0.508,LOCAL
5468,"Day 4, 19:08",1.25,54.9,30.89,2.24,5,-70.3,10.0,56.52,0.4989,0.4258,OFFLOAD
5469,"Day 4, 19:09",0.09,54.8,40.39,4.26,10,-70.5,10.0,51.38,0.709,0.4133,LOCAL
5470,"Day 4, 19:10",0.94,54.69,35.97,3.25,6,-68.4,13.4,48.59,0.5524,0.3678,OFFLOAD
5471,"Day 4, 19:11",0.6,54.6,38.26,9.06,4,-67.4,10.0,53.37,0.4911,0.5563,LOCAL
5472,"Day 4, 19:12",0.86,54.44,55.83,8.2,9,-64.9,10.0,52.72,0.7275,0.5271,OFFLOAD
5473,"Day 4, 19:13",1.26,54.34,50.08,7.91,4,-63.7,10.0,54.31,0.5319,0.5391,LOCAL
5474,"Day 4, 19:14",0.69,54.22,42.34,3.47,6,-65.4,10.0,53.65,0.5758,0.42,OFFLOAD
5475,"Day 4, 19:15",0.31,54.12,41.95,4.0,8,-67.5,10.0,55.73,0.6452,0.4594,OFFLOAD
5476,"Day 4, 19:16",0.16,54.03,38.73,3.44,8,-68.7,11.5,55.37,0.6343,0.4451,OFFLOAD
5477,"Day 4, 19:17",1.2,53.95,34.52,6.4,4,-69.8,10.0,55.42,0.4781,0.5154,LOCAL
5478,"Day 4, 19:18",1.19,53.82,47.31,8.88,6,-70.6,10.8,52.58,0.5931,0.5446,LOCAL
5479,"Day 4, 19:19",0.8,53.71,41.2,5.0,5,-72.3,10.4,54.51,0.5374,0.4698,OFFLOAD
5480,"Day 4, 19:20",1.03,53.6,53.58,6.4,10,-71.2,10.0,49.05,0.7556,0.4417,OFFLOAD
5481,"Day 4, 19:21",0.62,53.48,57.15,8.05,6,-69.1,10.1,51.09,0.6289,0.5052,OFFLOAD
5482,"Day 4, 19:22",1.12,53.38,50.05,7.26,5,-66.4,10.0,46.71,0.5684,0.4398,OFFLOAD
5483,"Day 4, 19:23",0.26,53.27,50.96,8.38,5,-65.9,10.3,47.1,0.5731,0.4724,OFFLOAD
5484,"Day 4, 19:24",0.31,53.17,48.0,4.13,8,-65.3,10.0,43.46,0.6678,0.3319,OFFLOAD
5485,"Day 4, 19:25",0.89,53.09,31.96,2.44,2,-64.1,10.0,48.33,0.4009,0.3353,OFFLOAD
5486,"Day 4, 19:26",0.5,53.03,24.02,2.22,3,-65.3,10.0,49.18,0.4088,0.3386,OFFLOAD
5487,"Day 4, 19:27",0.62,52.96,25.54,9.62,2,-67.5,10.0,50.51,0.379,0.5376,LOCAL
5488,"Day 4, 19:28",0.68,52.81,44.49,6.76,9,-65.1,10.0,49.44,0.6905,0.4547,OFFLOAD
5489,"Day 4, 19:29",0.24,52.73,34.69,1.62,4,-64.3,10.0,46.42,0.4819,0.296,OFFLOAD
5490,"Day 4, 19:30",1.02,52.65,34.25,3.4,8,-63.7,10.0,42.95,0.6194,0.3092,OFFLOAD
5491,"Day 4, 19:31",0.2,52.57,30.34,5.6,3,-61.6,10.0,39.79,0.432,0.3383,OFFLOAD
5492,"Day 4, 19:32",0.53,52.48,38.51,5.67,7,-62.9,10.0,39.73,0.6003,0.3396,OFFLOAD
5493,"Day 4, 19:33",0.29,52.39,39.66,7.24,4,-63.5,10.0,37.15,0.4998,0.3595,OFFLOAD
5494,"Day 4, 19:34",0.02,52.31,34.64,4.32,3,-64.5,10.0,42.04,0.4478,0.3245,OFFLOAD
5495,"Day 4, 19:35",1.33,52.2,56.36,8.54,10,-65.8,10.0,44.63,0.767,0.4525,LOCAL
5496,"Day 4, 19:36",0.74,52.04,50.96,4.39,10,-64.7,10.0,49.11,0.7492,0.392,OFFLOAD
5497,"Day 4, 19:37",0.81,51.95,38.32,8.03,1,-64.8,10.0,49.71,0.39,0.4894,LOCAL
5498,"Day 4, 19:38",0.06,51.83,42.35,6.6,6,-63.7,10.0,48.87,0.5804,0.4448,OFFLOAD
5499,"Day 4, 19:39",1.37,51.75,33.02,2.37,5,-61.7,10.0,50.98,0.5109,0.3615,OFFLOAD
5500,"Day 4, 19:40",1.17,51.63,57.55,9.44,9,-61.2,10.0,47.41,0.7372,0.5011,OFFLOAD
5501,"Day 4, 19:41",0.68,51.54,45.0,4.61,3,-59.6,10.0,51.32,0.4842,0.4213,OFFLOAD
5502,"Day 4, 19:42",0.56,51.44,48.12,9.47,5,-59.2,10.0,51.75,0.5654,0.5477,LOCAL
5503,"Day 4, 19:43",0.49,51.35,32.69,7.16,1,-58.7,10.0,55.97,0.3716,0.5416,LOCAL
5504,"Day 4, 19:44",0.99,51.23,41.04,6.89,6,-60.4,10.0,51.53,0.5753,0.4808,OFFLOAD
5505,"Day 4, 19:45",0.16,51.14,37.31,8.74,3,-59.0,10.0,55.6,0.4586,0.5762,LOCAL
5506,"Day 4, 19:46",0.95,51.04,37.26,7.88,4,-59.7,10.0,50.09,0.4924,0.4896,LOCAL
5507,"Day 4, 19:47",1.34,50.94,27.36,2.6,4,-58.1,10.0,53.44,0.4573,0.3956,OFFLOAD
5508,"Day 4, 19:48",1.03,50.87,29.31,6.93,4,-60.6,10.0,50.35,0.4647,0.4687,LOCAL
5509,"Day 4, 19:49",1.06,50.73,49.76,9.03,7,-60.5,10.0,50.59,0.6415,0.5238,OFFLOAD
5510,"Day 4, 19:50",0.36,50.64,42.52,6.55,3,-61.5,10.0,49.31,0.4773,0.4481,LOCAL
5511,"Day 4, 19:51",0.23,50.53,39.61,7.78,4,-60.2,10.0,46.81,0.5025,0.4537,LOCAL
5512,"Day 4, 19:52",1.08,50.36,61.74,9.36,9,-62.5,10.0,48.25,0.7539,0.5075,LOCAL
5513,"Day 4, 19:53",1.24,50.21,50.0,2.63,10,-63.3,10.0,51.51,0.7478,0.374,LOCAL
5514,"Day 4, 19:54",0.58,50.08,36.47,1.44,9,-62.1,10.0,46.89,0.6666,0.2961,OFFLOAD
5515,"Day 4, 19:55",0.98,50.0,30.07,3.06,5,-63.6,10.0,44.3,0.5038,0.3125,OFFLOAD
5516,"Day 4, 19:56",1.47,49.93,30.67,7.66,3,-61.5,10.0,40.47,0.4353,0.3952,LOCAL
5517,"Day 4, 19:57",1.37,49.79,38.54,4.43,9,-59.6,10.0,44.35,0.6732,0.3472,OFFLOAD
5518,"Day 4, 19:58",0.46,49.71,35.72,2.77,8,-59.3,10.0,41.85,0.6298,0.2842,OFFLOAD
5519,"Day 4, 19:59",0.58,49.61,46.26,7.87,6,-59.2,10.0,43.68,0.5966,0.4272,OFFLOAD
5520,"Day 4, 20:00",0.42,49.52,38.16,2.44,7,-62.1,10.0,45.12,0.6037,0.3044,OFFLOAD
5521,"Day 4, 20:01",0.51,49.42,47.03,8.34,7,-62.8,10.0,48.3,0.6347,0.4825,OFFLOAD
5522,"Day 4, 20:02",1.31,49.33,39.89,3.92,6,-60.7,10.0,50.83,0.5736,0.3987,OFFLOAD
5523,"Day 4, 20:03",0.57,49.26,27.06,1.92,2,-61.5,10.0,47.68,0.39,0.3158,OFFLOAD
5524,"Day 4, 20:04",0.01,49.19,23.02,4.14,1,-59.7,10.0,43.17,0.3418,0.3296,LOCAL
5525,"Day 4, 20:05",0.58,49.12,20.63,2.02,1,-60.7,10.0,48.87,0.3326,0.3303,LOCAL
5526,"Day 4, 20:06",1.04,49.05,16.25,1.42,3,-58.9,10.0,47.36,0.3867,0.3002,OFFLOAD
5527,"Day 4, 20:07",1.27,48.98,30.81,8.34,5,-57.8,10.0,52.19,0.5075,0.5245,LOCAL
5528,"Day 4, 20:08",1.45,48.85,37.19,4.97,9,-57.6,10.0,47.11,0.6697,0.3865,OFFLOAD
5529,"Day 4, 20:09",0.35,48.76,35.23,2.87,7,-56.1,10.0,52.41,0.5946,0.3903,OFFLOAD
5530,"Day 4, 20:10",1.21,48.69,30.81,1.92,7,-57.5,10.0,53.0,0.578,0.3734,OFFLOAD
5531,"Day 4, 20:11",0.9,48.62,22.32,2.96,2,-57.9,10.0,54.76,0.3738,0.421,LOCAL
5532,"Day 4, 20:12",1.34,48.5,35.47,6.31,7,-58.9,10.0,53.75,0.5944,0.4921,OFFLOAD
5533,"Day 4, 20:13",0.97,48.41,45.6,7.56,7,-57.8,10.0,54.71,0.6305,0.5353,OFFLOAD
5534,"Day 4, 20:14",0.67,48.32,40.15,4.95,5,-58.0,10.0,54.7,0.542,0.47,OFFLOAD
5535,"Day 4, 20:15",0.03,48.23,36.93,2.7,9,-60.9,10.0,53.11,0.6719,0.3942,OFFLOAD
5536,"Day 4, 20:16",0.48,48.14,38.71,6.4,6,-63.0,10.0,49.8,0.5725,0.4495,OFFLOAD
5537,"Day 4, 20:17",0.92,48.05,39.01,4.51,7,-64.3,10.0,52.55,0.6081,0.4329,OFFLOAD
5538,"Day 4, 20:18",0.01,47.96,40.55,9.32,4,-64.9,10.0,48.26,0.51,0.5066,LOCAL
5539,"Day 4, 20:19",1.37,47.85,38.93,3.97,5,-66.3,10.0,46.35,0.5374,0.3541,OFFLOAD
5540,"Day 4, 20:20",0.67,47.75,45.47,7.26,7,-63.9,10.0,51.51,0.6315,0.4897,OFFLOAD
5541,"Day 4, 20:21",1.03,47.66,42.34,7.45,3,-62.6,10.0,55.27,0.4802,0.5397,LOCAL
5542,"Day 4, 20:22",1.35,47.53,35.96,3.35,8,-64.4,10.9,57.57,0.6325,0.4707,OFFLOAD
5543,"Day 4, 20:23",0.09,47.41,60.58,8.51,10,-65.7,11.2,58.02,0.7908,0.6068,OFFLOAD
5544,"Day 4, 20:24",1.42,47.32,47.35,2.47,9,-66.9,10.0,59.37,0.7076,0.4722,OFFLOAD
5545,"Day 4, 20:25",1.27,47.21,51.36,9.68,4,-67.5,10.0,60.34,0.547,0.6673,LOCAL
5546,"Day 4, 20:26",0.03,47.11,39.78,1.26,2,-66.8,10.0,54.31,0.4385,0.3729,OFFLOAD
5547,"Day 4, 20:27",0.73,46.99,60.78,8.28,10,-65.6,10.0,48.75,0.7911,0.4856,OFFLOAD
5548,"Day 4, 20:28",0.16,46.87,60.44,9.85,6,-63.2,10.0,46.38,0.651,0.5014,OFFLOAD
5549,"Day 4, 20:29",0.16,46.77,43.8,5.2,3,-65.7,10.0,42.42,0.4879,0.3497,OFFLOAD
5550,"Day 4, 20:30",1.08,46.69,33.93,2.02,7,-66.4,10.8,38.66,0.5921,0.2426,OFFLOAD
5551,"Day 4, 20:31",0.45,46.61,32.97,8.39,3,-65.6,10.2,36.58,0.4498,0.3848,OFFLOAD
5552,"Day 4, 20:32",0.83,46.54,26.68,3.37,2,-65.9,10.0,34.5,0.3923,0.2442,OFFLOAD
5553,"Day 4, 20:33",0.98,46.48,22.31,1.19,3,-65.2,10.0,40.45,0.4119,0.2333,OFFLOAD
5554,"Day 4, 20:34",0.24,46.4,27.63,4.43,6,-67.2,10.0,44.32,0.5367,0.3469,OFFLOAD
5555,"Day 4, 20:35",0.34,46.31,44.02,8.28,7,-64.6,10.0,43.29,0.6291,0.4341,OFFLOAD
5556,"Day 4, 20:36",0.97,46.22,38.19,3.17,7,-66.4,10.4,42.04,0.6079,0.2968,OFFLOAD
5557,"Day 4, 20:37",0.84,46.14,36.21,4.62,7,-67.0,10.1,45.76,0.6013,0.3649,OFFLOAD
5558,"Day 4, 20:38",1.38,46.05,40.12,3.92,7,-66.3,11.3,47.23,0.6143,0.365,OFFLOAD
5559,"Day 4, 20:39",0.74,45.93,58.47,8.22,10,-64.7,10.0,44.18,0.7846,0.4404,OFFLOAD
5560,"Day 4, 20:40",0.49,45.82,53.37,6.74,6,-63.4,10.0,49.61,0.6273,0.456,OFFLOAD
5561,"Day 4, 20:41",0.46,45.72,45.26,3.32,8,-64.6,10.0,50.43,0.6691,0.3794,OFFLOAD
5562,"Day 4, 20:42",0.55,45.63,43.48,3.08,10,-64.8,10.0,51.03,0.7329,0.3799,OFFLOAD
5563,"Day 4, 20:43",0.28,45.54,35.9,2.32,6,-63.4,10.0,55.38,0.5669,0.4129,OFFLOAD
5564,"Day 4, 20:44",0.74,45.46,33.98,3.59,3,-64.3,10.0,52.7,0.4546,0.4117,LOCAL
5565,"Day 4, 20:45",0.65,45.35,38.0,7.21,5,-63.0,10.0,48.99,0.539,0.4613,OFFLOAD
5566,"Day 4, 20:46",0.6,45.27,28.75,4.15,3,-62.2,10.0,52.27,0.4368,0.4206,LOCAL
5567,"Day 4, 20:47",1.4,45.14,44.03,6.51,8,-61.8,10.0,54.75,0.6643,0.5095,OFFLOAD
5568,"Day 4, 20:48",0.07,45.05,37.03,6.07,3,-62.5,10.0,58.44,0.4669,0.5485,LOCAL
5569,"Day 4, 20:49",1.46,44.92,39.09,5.04,8,-61.3,10.0,61.6,0.6473,0.5714,OFFLOAD
5570,"Day 4, 20:50",0.62,44.85,29.28,1.69,7,-60.1,10.0,59.86,0.5793,0.4601,OFFLOAD
5571,"Day 4, 20:51",0.16,44.78,21.32,1.89,4,-59.3,10.0,60.66,0.4472,0.4775,LOCAL
5572,"Day 4, 20:52",0.21,44.66,33.3,5.52,8,-60.5,10.0,58.34,0.6292,0.5333,OFFLOAD
5573,"Day 4, 20:53",0.16,44.59,23.42,4.59,1,-63.4,10.0,53.25,0.3498,0.4431,LOCAL
5574,"Day 4, 20:54",0.52,44.49,31.74,7.17,5,-61.6,10.6,51.57,0.5186,0.4898,LOCAL
5575,"Day 4, 20:55",0.78,44.36,43.47,7.68,7,-59.8,10.0,53.13,0.6295,0.519,OFFLOAD
5576,"Day 4, 20:56",0.74,44.27,38.57,6.59,3,-58.6,10.0,53.91,0.4725,0.5012,LOCAL
5577,"Day 4, 20:57",0.41,44.13,48.97,9.18,6,-60.5,10.0,55.03,0.6146,0.5799,LOCAL
5578,"Day 4, 20:58",1.15,43.96,65.87,8.6,9,-62.4,10.0,53.49,0.7779,0.5463,LOCAL
5579,"Day 4, 20:59",0.38,43.83,44.43,1.12,7,-63.7,10.0,57.17,0.6342,0.4067,OFFLOAD
5580,"Day 4, 21:00",0.19,43.73,43.79,9.58,4,-62.2,10.0,52.8,0.5274,0.5626,LOCAL
5581,"Day 4, 21:01",0.07,43.64,30.3,2.77,4,-63.2,10.8,50.06,0.4805,0.3639,OFFLOAD
5582,"Day 4, 21:02",0.86,43.56,29.09,2.15,8,-63.8,10.0,52.8,0.6152,0.3768,LOCAL
5583,"Day 4, 21:03",0.91,43.49,23.16,6.04,2,-62.8,10.0,51.31,0.3845,0.4569,LOCAL
5584,"Day 4, 21:04",1.11,43.42,17.72,2.6,1,-65.4,10.0,50.67,0.3302,0.3639,LOCAL
5585,"Day 4, 21:05",1.09,43.35,18.97,9.65,2,-67.3,10.0,50.09,0.3697,0.5339,LOCAL
5586,"Day 4, 21:06",0.87,43.24,34.91,8.38,6,-64.6,10.0,45.51,0.566,0.4565,OFFLOAD
5587,"Day 4, 21:07",0.02,43.16,31.29,5.29,4,-65.7,10.0,41.72,0.4847,0.3461,OFFLOAD
5588,"Day 4, 21:08",0.08,43.07,38.33,7.02,6,-65.6,10.0,43.04,0.5794,0.4005,OFFLOAD
5589,"Day 4, 21:09",0.64,42.99,33.92,3.95,4,-64.8,10.0,40.43,0.4933,0.3021,OFFLOAD
5590,"Day 4, 21:10",0.95,42.92,27.07,4.66,2,-66.8,10.0,46.19,0.3989,0.3698,LOCAL
5591,"Day 4, 21:11",1.19,42.83,24.97,7.05,3,-69.1,10.0,42.61,0.4264,0.3975,LOCAL
5592,"Day 4, 21:12",1.06,42.76,21.48,2.64,2,-70.3,10.0,39.08,0.3794,0.2589,OFFLOAD
5593,"Day 4, 21:13",0.27,42.68,29.65,7.15,5,-71.2,11.7,44.86,0.5143,0.4247,OFFLOAD
5594,"Day 4, 21:14",0.58,42.59,45.05,7.93,8,-71.5,10.7,46.94,0.6729,0.4608,OFFLOAD
5595,"Day 4, 21:15",0.69,42.48,53.8,6.43,8,-69.0,10.0,44.6,0.7036,0.3994,OFFLOAD
5596,"Day 4, 21:16",1.17,42.39,37.96,4.31,2,-70.3,10.0,44.54,0.4375,0.3459,OFFLOAD
5597,"Day 4, 21:17",0.2,42.31,32.0,1.1,10,-70.0,11.9,44.15,0.6982,0.2676,OFFLOAD
5598,"Day 4, 21:18",0.5,42.24,26.05,1.09,5,-71.7,10.0,41.02,0.5021,0.2353,OFFLOAD
5599,"Day 4, 21:19",0.69,42.16,28.68,6.49,4,-72.1,10.0,41.72,0.4761,0.3761,OFFLOAD
5600,"Day 4, 21:20",1.34,42.08,34.98,6.89,6,-69.2,10.1,38.63,0.5673,0.362,OFFLOAD
5601,"Day 4, 21:21",0.49,42.01,28.66,1.11,5,-67.7,10.0,36.14,0.5116,0.199,OFFLOAD
5602,"Day 4, 21:22",0.07,41.92,39.06,8.19,5,-68.1,10.1,39.12,0.5487,0.3982,OFFLOAD
5603,"Day 4, 21:23",1.21,41.84,30.0,2.55,3,-67.2,10.0,36.47,0.4454,0.2374,OFFLOAD
5604,"Day 4, 21:24",0.5,41.78,23.01,4.05,2,-68.3,10.0,41.48,0.3871,0.3131,OFFLOAD
5605,"Day 4, 21:25",1.12,41.72,17.73,1.73,1,-69.2,10.0,40.38,0.3328,0.2462,OFFLOAD
5606,"Day 4, 21:26",1.32,41.64,29.97,3.8,9,-70.2,10.0,46.13,0.6554,0.3478,OFFLOAD
5607,"Day 4, 21:27",1.05,41.58,22.35,6.04,1,-71.8,10.0,43.91,0.3493,0.3836,LOCAL
5608,"Day 4, 21:28",0.52,41.5,17.95,1.26,3,-68.7,10.5,48.7,0.4048,0.311,OFFLOAD
5609,"Day 4, 21:29",1.34,41.44,22.92,2.16,9,-68.4,10.0,47.05,0.6311,0.3156,OFFLOAD
5610,"Day 4, 21:30",0.51,41.37,22.07,1.11,10,-66.6,11.8,52.2,0.6644,0.3489,OFFLOAD
5611,"Day 4, 21:31",1.45,41.3,33.84,8.11,5,-64.9,10.0,53.27,0.5293,0.5314,LOCAL
5612,"Day 4, 21:32",0.65,41.17,45.95,8.86,6,-65.2,10.0,53.53,0.6081,0.5533,OFFLOAD
5613,"Day 4, 21:33",0.74,41.06,55.62,9.19,7,-64.0,10.0,53.62,0.677,0.5627,OFFLOAD
5614,"Day 4, 21:34",0.47,40.97,36.76,4.26,1,-63.7,10.0,56.5,0.4015,0.4762,LOCAL
5615,"Day 4, 21:35",0.27,40.87,28.5,2.47,4,-62.8,10.0,56.8,0.478,0.4354,LOCAL
5616,"Day 4, 21:36",0.41,40.75,30.15,3.05,9,-61.9,10.0,52.25,0.6588,0.3929,OFFLOAD
5617,"Day 4, 21:37",1.02,40.68,27.61,2.15,5,-63.2,10.0,50.06,0.5091,0.346,OFFLOAD
5618,"Day 4, 21:38",1.27,40.57,52.72,8.08,10,-62.3,10.0,45.55,0.7717,0.4494,OFFLOAD
5619,"Day 4, 21:39",0.31,40.46,56.42,6.59,8,-61.0,10.0,46.68,0.7163,0.4228,OFFLOAD
5620,"Day 4, 21:40",0.54,40.36,42.18,2.57,1,-61.3,10.0,44.21,0.4213,0.2995,OFFLOAD
5621,"Day 4, 21:41",1.02,40.29,31.9,1.17,9,-60.7,10.0,47.25,0.6647,0.2928,OFFLOAD
5622,"Day 4, 21:42",0.98,40.2,39.02,4.89,7,-62.4,10.0,50.28,0.6198,0.4169,OFFLOAD
5623,"Day 4, 21:43",0.97,40.11,43.07,6.76,6,-63.4,10.0,50.61,0.5991,0.4673,OFFLOAD
5624,"Day 4, 21:44",1.15,40.01,41.79,8.23,4,-64.2,10.0,50.71,0.5245,0.5051,LOCAL
5625,"Day 4, 21:45",0.71,39.89,37.68,2.88,7,-63.6,10.0,51.85,0.616,0.3841,OFFLOAD
5626,"Day 4, 21:46",1.15,39.81,37.62,3.41,8,-66.2,10.0,51.27,0.6502,0.3908,OFFLOAD
5627,"Day 4, 21:47",0.8,39.69,58.35,9.75,8,-67.8,10.0,54.09,0.7235,0.5823,OFFLOAD
5628,"Day 4, 21:48",1.22,39.6,43.05,2.36,5,-66.4,10.0,55.9,0.5644,0.4206,OFFLOAD
5629,"Day 4, 21:49",1.35,39.52,31.73,7.91,1,-63.9,10.0,51.7,0.3847,0.5081,LOCAL
5630,"Day 4, 21:50",0.58,39.41,38.88,8.11,5,-64.0,10.0,50.56,0.5511,0.5005,OFFLOAD
5631,"Day 4, 21:51",1.34,39.32,36.85,6.59,4,-63.4,10.0,54.67,0.508,0.5105,LOCAL
5632,"Day 4, 21:52",0.93,39.19,47.5,8.71,6,-63.7,10.0,50.95,0.6161,0.5198,OFFLOAD
5633,"Day 4, 21:53",0.84,39.06,72.2,9.53,10,-64.1,10.0,49.85,0.8428,0.5283,OFFLOAD
5634,"Day 4, 21:54",0.66,38.95,51.37,4.73,2,-66.5,10.0,52.06,0.4904,0.4328,OFFLOAD
5635,"Day 4, 21:55",0.39,38.87,36.02,2.71,1,-68.5,10.0,49.54,0.4022,0.3546,LOCAL
5636,"Day 4, 21:56",0.76,38.75,35.93,3.85,7,-67.3,10.0,45.11,0.6115,0.3395,OFFLOAD
5637,"Day 4, 21:57",1.41,38.66,43.54,9.64,5,-64.9,10.0,46.77,0.5673,0.4999,OFFLOAD
5638,"Day 4, 21:58",1.04,38.55,49.03,8.41,6,-67.0,11.3,48.59,0.6222,0.491,OFFLOAD
5639,"Day 4, 21:59",0.7,38.47,37.23,3.98,6,-65.9,10.0,52.31,0.5815,0.4168,OFFLOAD
5640,"Day 4, 22:00",0.74,38.37,45.65,5.42,10,-65.7,10.0,47.2,0.7511,0.3986,OFFLOAD
5641,"Day 4, 22:01",0.52,38.27,47.0,5.3,9,-63.3,10.0,51.45,0.7213,0.44,OFFLOAD
5642,"Day 4, 22:02",0.22,38.15,58.03,6.9,9,-61.0,10.0,51.79,0.7606,0.4839,OFFLOAD
5643,"Day 4, 22:03",1.42,38.06,42.29,1.89,8,-60.3,10.0,50.91,0.6688,0.3488,OFFLOAD
5644,"Day 4, 22:04",0.95,37.97,43.2,3.81,10,-58.6,10.0,53.7,0.7428,0.429,OFFLOAD
5645,"Day 4, 22:05",1.18,37.88,38.12,7.87,3,-58.0,10.0,58.12,0.4798,0.5889,LOCAL
5646,"Day 4, 22:06",1.31,37.79,30.24,1.01,3,-59.8,10.0,59.36,0.4522,0.4355,LOCAL
5647,"Day 4, 22:07",1.16,37.64,53.71,9.17,9,-60.4,10.0,57.57,0.7448,0.6136,LOCAL
5648,"Day 4, 22:08",0.39,37.48,58.8,6.6,9,-62.1,10.0,53.1,0.764,0.4916,OFFLOAD
5649,"Day 4, 22:09",0.79,37.36,61.24,7.09,8,-61.8,10.0,50.34,0.7371,0.4726,OFFLOAD
5650,"Day 4, 22:10",0.27,37.27,39.61,8.57,1,-63.9,11.1,54.7,0.4173,0.5634,LOCAL
5651,"Day 4, 22:11",0.01,37.15,34.18,2.69,6,-63.1,10.0,52.4,0.5739,0.3857,OFFLOAD
5652,"Day 4, 22:12",1.41,37.08,24.18,1.24,1,-62.9,10.0,56.07,0.3619,0.3948,LOCAL
5653,"Day 4, 22:13",1.28,37.0,27.5,8.76,3,-63.6,10.0,59.7,0.4438,0.6344,LOCAL
5654,"Day 4, 22:14",0.55,36.91,24.79,1.87,4,-63.2,10.0,63.01,0.4706,0.5161,LOCAL
5655,"Day 4, 22:15",0.51,36.83,23.61,5.25,2,-65.3,10.0,57.2,0.3966,0.5104,LOCAL
5656,"Day 4, 22:16",1.27,36.75,20.77,3.2,3,-66.9,10.0,51.27,0.4207,0.3855,LOCAL
5657,"Day 4, 22:17",1.31,36.61,43.45,8.01,9,-65.9,10.1,49.24,0.7102,0.4842,OFFLOAD
5658,"Day 4, 22:18",0.65,36.53,39.7,5.82,3,-67.8,10.0,52.13,0.4882,0.4607,LOCAL
5659,"Day 4, 22:19",0.15,36.39,47.05,8.75,6,-65.6,10.0,53.59,0.6199,0.5512,OFFLOAD
5660,"Day 4, 22:20",0.39,36.3,44.55,5.22,7,-64.7,10.0,48.78,0.6459,0.4094,OFFLOAD
5661,"Day 4, 22:21",1.08,36.21,34.79,3.91,5,-65.3,10.0,50.49,0.5408,0.3947,OFFLOAD
5662,"Day 4, 22:22",0.27,36.12,41.4,8.67,4,-67.4,10.0,51.41,0.5303,0.5239,LOCAL
5663,"Day 4, 22:23",1.34,36.03,34.05,6.73,2,-65.6,11.1,48.22,0.4331,0.4447,LOCAL
5664,"Day 4, 22:24",0.61,35.89,47.32,8.27,8,-64.9,10.0,47.47,0.6909,0.4725,OFFLOAD
5665,"Day 4, 22:25",0.06,35.78,56.12,7.57,8,-65.8,10.0,45.43,0.7227,0.4355,OFFLOAD
5666,"Day 4, 22:26",0.78,35.68,40.61,8.16,1,-67.7,10.0,50.93,0.4224,0.5058,LOCAL
5667,"Day 4, 22:27",1.31,35.57,37.19,5.8,5,-65.1,10.0,55.68,0.5498,0.5039,LOCAL
5668,"Day 4, 22:28",1.24,35.44,44.64,6.23,8,-67.5,10.0,58.94,0.6812,0.5598,OFFLOAD
5669,"Day 4, 22:29",0.08,35.34,42.8,4.29,6,-65.0,10.0,55.35,0.6066,0.4617,OFFLOAD
5670,"Day 4, 22:30",1.38,35.25,42.99,8.8,4,-64.9,10.0,55.4,0.5355,0.5751,LOCAL
5671,"Day 4, 22:31",1.16,35.1,49.77,5.31,10,-67.4,10.0,58.28,0.7698,0.5272,OFFLOAD
5672,"Day 4, 22:32",1.15,35.01,37.55,2.97,5,-66.5,10.0,57.34,0.5522,0.4554,OFFLOAD
5673,"Day 4, 22:33",1.14,34.93,38.08,4.25,7,-67.5,10.0,59.94,0.6242,0.5253,OFFLOAD
5674,"Day 4, 22:34",1.41,34.83,46.35,8.64,6,-67.1,10.1,59.36,0.6179,0.6266,LOCAL
5675,"Day 4, 22:35",0.72,34.71,38.3,1.54,7,-69.3,10.0,57.26,0.6259,0.4185,OFFLOAD
5676,"Day 4, 22:36",1.12,34.62,38.33,5.76,4,-69.0,10.0,58.56,0.5205,0.5424,LOCAL
5677,"Day 4, 22:37",1.01,34.47,49.24,6.16,10,-70.5,11.4,53.45,0.7691,0.4888,OFFLOAD
5678,"Day 4, 22:38",0.41,34.38,37.17,5.93,2,-67.9,10.0,49.85,0.4479,0.4383,LOCAL
5679,"Day 4, 22:39",0.43,34.24,48.97,8.68,7,-69.7,10.0,54.79,0.6644,0.5644,OFFLOAD
5680,"Day 4, 22:40",1.34,34.15,39.05,8.36,2,-68.3,10.0,59.0,0.4534,0.614,LOCAL
5681,"Day 4, 22:41",0.61,34.06,29.92,2.02,4,-70.3,10.0,57.57,0.4927,0.4347,OFFLOAD
5682,"Day 4, 22:42",1.08,33.99,22.92,1.23,2,-69.2,10.0,58.38,0.3976,0.4266,LOCAL
5683,"Day 4, 22:43",0.59,33.93,18.52,6.07,1,-69.4,10.9,54.81,0.348,0.5019,LOCAL
5684,"Day 4, 22:44",0.26,33.82,25.96,4.98,6,-67.9,10.0,53.19,0.5497,0.4522,OFFLOAD
5685,"Day 4, 22:45",0.19,33.72,46.99,8.96,7,-67.4,10.0,54.73,0.6586,0.5706,OFFLOAD
5686,"Day 4, 22:46",1.03,33.62,50.84,5.8,9,-65.1,10.0,58.59,0.741,0.5438,OFFLOAD
5687,"Day 4, 22:47",0.21,33.52,44.21,3.07,6,-64.5,10.0,57.92,0.6141,0.466,OFFLOAD
5688,"Day 4, 22:48",1.39,33.43,38.78,4.14,5,-64.3,10.0,51.75,0.5585,0.4144,OFFLOAD
5689,"Day 4, 22:49",0.36,33.34,42.86,5.46,8,-65.4,10.0,47.4,0.6794,0.4015,OFFLOAD
5690,"Day 4, 22:50",0.31,33.23,51.34,6.76,8,-64.5,10.0,43.1,0.7094,0.3945,OFFLOAD
5691,"Day 4, 22:51",0.36,33.13,45.08,8.31,4,-63.3,10.0,39.52,0.5476,0.404,OFFLOAD
5692,"Day 4, 22:52",0.59,33.05,34.55,9.19,2,-63.2,10.0,37.23,0.4405,0.4088,LOCAL
5693,"Day 4, 22:53",1.4,32.93,39.94,5.94,7,-61.6,10.0,39.51,0.6333,0.3446,OFFLOAD
5694,"Day 4, 22:54",0.03,32.81,59.91,9.41,8,-63.9,10.0,39.67,0.7404,0.4327,OFFLOAD
5695,"Day 4, 22:55",0.48,32.72,39.67,8.56,1,-64.2,10.0,39.76,0.424,0.4121,LOCAL
5696,"Day 4, 22:56",1.21,32.63,30.48,2.5,3,-66.0,10.0,41.62,0.4609,0.2755,OFFLOAD
5697,"Day 4, 22:57",0.92,32.55,35.42,9.03,4,-63.5,10.0,39.59,0.5138,0.4226,OFFLOAD
5698,"Day 4, 22:58",0.4,32.46,33.52,4.53,4,-65.1,11.7,42.85,0.508,0.3413,OFFLOAD
5699,"Day 4, 22:59",0.07,32.39,29.3,2.83,8,-64.3,10.0,45.63,0.6339,0.3189,OFFLOAD
5700,"Day 4, 23:00",0.81,32.29,45.27,9.31,7,-66.1,10.0,50.11,0.6538,0.5256,OFFLOAD
5701,"Day 4, 23:01",0.74,32.2,37.69,2.47,8,-66.5,10.0,45.61,0.6625,0.3096,LOCAL
5702,"Day 4, 23:02",1.13,32.05,48.51,5.45,10,-68.5,10.0,48.15,0.77,0.4087,OFFLOAD
5703,"Day 4, 23:03",0.14,31.96,36.33,3.07,5,-69.6,10.0,50.76,0.554,0.3767,OFFLOAD
5704,"Day 4, 23:04",0.05,31.89,29.27,2.01,6,-71.2,10.0,54.31,0.5645,0.3916,OFFLOAD
5705,"Day 4, 23:05",0.1,31.79,41.44,8.75,6,-70.9,13.7,49.15,0.6072,0.5122,OFFLOAD
5706,"Day 4, 23:06",1.26,31.7,46.34,7.86,6,-69.7,10.0,49.16,0.6227,0.4793,OFFLOAD
5707,"Day 4, 23:07",1.23,31.62,29.05,1.32,2,-68.2,10.0,48.98,0.4224,0.3139,OFFLOAD
5708,"Day 4, 23:08",0.91,31.56,17.75,7.21,1,-67.1,10.0,51.47,0.3484,0.488,LOCAL
5709,"Day 4, 23:09",0.26,31.45,20.2,1.29,10,-68.7,10.0,46.53,0.6731,0.2889,LOCAL
5710,"Day 4, 23:10",0.83,31.33,30.58,5.2,8,-69.5,10.0,50.0,0.6388,0.4217,OFFLOAD
5711,"Day 4, 23:11",1.01,31.25,32.87,3.4,7,-67.1,10.0,51.64,0.6117,0.3947,OFFLOAD
5712,"Day 4, 23:12",1.3,31.19,23.75,1.57,1,-67.3,10.0,49.06,0.3694,0.321,LOCAL
5713,"Day 4, 23:13",1.14,31.12,21.78,8.41,1,-67.9,10.0,49.94,0.3629,0.5012,LOCAL
5714,"Day 4, 23:14",0.07,31.06,15.55,2.85,1,-66.0,10.0,48.39,0.3427,0.3461,LOCAL
5715,"Day 4, 23:15",0.12,30.98,21.6,9.92,2,-64.4,10.0,52.69,0.399,0.5698,LOCAL
5716,"Day 4, 23:16",0.84,30.87,25.87,3.19,7,-62.9,10.0,50.8,0.588,0.3801,OFFLOAD
5717,"Day 4, 23:17",0.31,30.78,39.31,9.21,6,-65.1,10.0,49.27,0.6009,0.5142,OFFLOAD
5718,"Day 4, 23:18",1.25,30.71,28.27,1.74,2,-63.4,10.0,51.42,0.421,0.3507,OFFLOAD
5719,"Day 4, 23:19",0.75,30.63,32.1,4.27,5,-62.5,10.0,51.13,0.5403,0.4107,OFFLOAD
5720,"Day 4, 23:20",0.79,30.55,35.66,7.05,4,-63.2,10.0,48.94,0.5178,0.4568,OFFLOAD
5721,"Day 4, 23:21",0.55,30.47,30.84,1.73,10,-61.3,10.0,52.62,0.7114,0.3643,OFFLOAD
5722,"Day 4, 23:22",0.37,30.38,42.4,6.4,9,-59.8,10.0,54.25,0.7173,0.5006,OFFLOAD
5723,"Day 4, 23:23",0.45,30.29,34.65,3.24,3,-59.3,10.0,55.62,0.4802,0.439,LOCAL
5724,"Day 4, 23:24",0.72,30.17,29.58,1.17,9,-61.8,10.0,56.93,0.6722,0.4047,OFFLOAD
5725,"Day 4, 23:25",0.09,30.1,23.5,1.3,7,-64.4,10.0,57.34,0.582,0.4137,OFFLOAD
5726,"Day 4, 23:26",1.03,30.03,28.16,3.94,8,-65.4,10.0,60.16,0.632,0.5209,OFFLOAD
5727,"Day 4, 23:27",1.15,29.95,32.96,3.09,9,-65.1,10.0,56.06,0.6837,0.4411,LOCAL
5728,"Day 4, 23:28",0.21,29.86,30.09,5.24,3,-66.0,10.0,59.54,0.4652,0.544,LOCAL
5729,"Day 4, 23:29",0.71,29.73,40.6,6.6,8,-67.7,10.0,55.95,0.6765,0.5273,LOCAL
5730,"Day 4, 23:30",1.43,29.65,30.38,7.0,1,-68.5,12.1,50.9,0.3947,0.4825,LOCAL
5731,"Day 4, 23:31",0.82,29.53,35.37,3.75,6,-67.0,11.5,54.79,0.5883,0.4454,LOCAL
5732,"Day 4, 23:32",1.44,29.45,29.8,7.46,2,-68.6,10.0,51.63,0.428,0.4961,LOCAL
5733,"Day 4, 23:33",1.48,29.33,41.37,7.81,6,-68.6,10.0,54.44,0.6086,0.5383,LOCAL
5734,"Day 4, 23:34",0.84,29.17,57.18,9.4,8,-68.3,10.0,56.4,0.7351,0.6033,LOCAL
5735,"Day 4, 23:35",0.85,29.05,50.22,6.56,4,-66.3,10.0,51.98,0.5709,0.4776,LOCAL
5736,"Day 4, 23:36",1.43,28.87,72.0,9.37,10,-64.5,10.0,49.23,0.8565,0.5177,LOCAL
5737,"Day 4, 23:37",0.53,28.72,61.98,6.35,6,-63.9,10.0,53.83,0.6831,0.4942,LOCAL
5738,"Day 4, 23:38",0.19,28.55,64.28,8.26,7,-63.2,10.0,49.75,0.7269,0.4955,LOCAL
5739,"Day 4, 23:39",0.01,28.43,50.64,5.89,3,-65.3,10.0,53.39,0.5396,0.4773,LOCAL
5740,"Day 4, 23:40",1.11,28.27,53.77,4.5,10,-64.5,10.0,55.28,0.7941,0.4661,LOCAL
5741,"Day 4, 23:41",0.49,28.14,45.3,4.79,7,-66.7,10.0,59.45,0.6606,0.5314,LOCAL
5742,"Day 4, 23:42",1.43,28.05,29.24,2.18,4,-64.2,10.0,57.06,0.4981,0.4318,LOCAL
5743,"Day 4, 23:43",0.18,27.97,23.09,3.25,2,-66.7,12.2,57.95,0.4086,0.4773,LOCAL
5744,"Day 4, 23:44",0.13,27.84,35.74,5.22,8,-67.4,10.0,52.03,0.6631,0.4447,LOCAL
5745,"Day 4, 23:45",1.38,27.73,33.05,2.97,7,-67.2,10.0,50.33,0.617,0.3695,LOCAL
5746,"Day 4, 23:46",0.69,27.61,35.22,4.7,7,-68.9,10.0,49.55,0.6258,0.4044,LOCAL
5747,"Day 4, 23:47",0.96,27.46,47.59,6.95,9,-70.3,10.0,52.51,0.7389,0.4934,LOCAL
5748,"Day 4, 23:48",0.34,27.31,52.09,6.12,9,-68.6,10.0,52.28,0.7559,0.47,LOCAL
5749,"Day 4, 23:49",0.54,27.21,40.78,4.15,2,-67.9,10.0,54.48,0.4711,0.4472,LOCAL
5750,"Day 4, 23:50",0.48,27.1,37.7,7.77,3,-66.3,10.0,49.44,0.4956,0.48,LOCAL
5751,"Day 4, 23:51",1.12,26.96,43.77,4.78,10,-65.1,10.0,48.05,0.7611,0.391,LOCAL
5752,"Day 4, 23:52",0.11,26.88,28.77,6.51,1,-66.8,10.0,52.2,0.3952,0.4788,LOCAL
5753,"Day 4, 23:53",1.36,26.76,26.0,1.33,10,-67.7,10.0,48.69,0.6988,0.3112,LOCAL
5754,"Day 4, 23:54",0.35,26.69,18.78,2.99,1,-65.9,10.0,44.5,0.3602,0.3126,LOCAL
5755,"Day 4, 23:55",0.16,26.57,30.26,3.93,9,-63.6,10.0,41.7,0.6808,0.3119,LOCAL
5756,"Day 4, 23:56",1.5,26.46,36.15,8.85,5,-63.2,10.0,44.08,0.5596,0.4553,LOCAL
5757,"Day 4, 23:57",1.21,26.38,27.6,3.07,2,-61.2,10.0,40.31,0.4252,0.2792,LOCAL
5758,"Day 4, 23:58",0.06,26.24,43.06,7.45,8,-61.9,12.1,43.77,0.6912,0.4237,LOCAL
5759,"Day 4, 23:59",0.69,26.1,46.19,6.93,7,-63.4,10.0,46.7,0.6665,0.4315,LOCAL
5760,"Day 5, 00:00",1.44,25.97,41.9,2.86,9,-62.4,10.0,47.48,0.7206,0.3373,LOCAL
5761,"Day 5, 00:01",0.2,25.88,30.55,4.86,2,-61.5,10.0,45.74,0.4378,0.3706,LOCAL
5762,"Day 5, 00:02",0.89,25.75,42.9,6.75,7,-63.7,10.0,44.68,0.6552,0.4081,LOCAL
5763,"Day 5, 00:03",0.03,25.62,38.35,3.12,7,-61.7,10.0,44.33,0.6407,0.3143,LOCAL
5764,"Day 5, 00:04",0.79,25.51,38.26,5.4,5,-60.0,10.0,44.8,0.5694,0.3755,LOCAL
5765,"Day 5, 00:05",0.48,25.43,30.15,7.0,1,-60.0,10.0,49.96,0.4017,0.4662,LOCAL
5766,"Day 5, 00:06",1.1,25.28,45.65,5.88,10,-60.3,10.0,47.0,0.7702,0.4081,LOCAL
5767,"Day 5, 00:07",0.67,25.12,52.65,5.19,10,-62.2,10.0,43.86,0.7956,0.3618,LOCAL
5768,"Day 5, 00:08",1.26,24.97,60.77,7.45,8,-61.9,10.0,44.52,0.7534,0.4243,LOCAL
5769,"Day 5, 00:09",0.15,24.87,40.61,6.64,1,-60.1,10.0,41.7,0.4396,0.3797,LOCAL
5770,"Day 5, 00:10",0.56,24.75,38.21,5.07,5,-61.3,10.0,41.52,0.5708,0.339,LOCAL
5771,"Day 5, 00:11",0.75,24.63,28.61,1.3,9,-63.6,10.0,42.64,0.6771,0.254,LOCAL
5772,"Day 5, 00:12",0.74,24.55,27.47,5.1,3,-64.6,10.0,39.89,0.4632,0.3266,LOCAL
5773,"Day 5, 00:13",0.69,24.45,27.15,3.12,5,-65.2,10.0,39.98,0.5323,0.2779,LOCAL
5774,"Day 5, 00:14",0.24,24.28,57.02,9.44,10,-66.8,10.0,42.99,0.8128,0.4605,LOCAL
5775,"Day 5, 00:15",1.44,24.12,62.44,8.05,8,-68.5,10.0,46.34,0.7602,0.456,LOCAL
5776,"Day 5, 00:16",0.01,23.96,60.61,5.18,8,-67.6,10.0,50.0,0.7562,0.4211,LOCAL
5777,"Day 5, 00:17",1.33,23.81,62.58,7.9,7,-66.3,10.2,46.74,0.7263,0.4566,LOCAL
5778,"Day 5, 00:18",0.56,23.7,44.5,5.81,1,-67.7,10.0,42.94,0.4544,0.3693,LOCAL
5779,"Day 5, 00:19",0.01,23.6,35.87,2.94,3,-66.7,10.0,46.32,0.4951,0.3281,LOCAL
5780,"Day 5, 00:20",1.19,23.48,38.66,5.35,7,-65.3,10.0,46.61,0.6433,0.3911,LOCAL
5781,"Day 5, 00:21",0.72,23.4,31.13,6.81,1,-62.7,10.1,51.86,0.4078,0.4828,LOCAL
5782,"Day 5, 00:22",1.22,23.3,26.17,1.78,5,-65.4,10.0,56.5,0.5298,0.4141,LOCAL
5783,"Day 5, 00:23",0.05,23.19,25.18,2.08,8,-64.1,10.0,52.42,0.6333,0.3707,LOCAL
5784,"Day 5, 00:24",0.1,23.08,33.68,5.99,6,-66.1,10.0,53.41,0.5931,0.4801,LOCAL
5785,"Day 5, 00:25",0.3,22.94,41.71,4.97,9,-64.6,10.0,50.84,0.7261,0.425,LOCAL
5786,"Day 5, 00:26",0.75,22.85,26.07,1.17,3,-64.6,10.0,46.12,0.4608,0.2819,LOCAL
5787,"Day 5, 00:27",0.64,22.75,28.38,3.43,5,-64.9,10.0,48.17,0.5392,0.3584,LOCAL
5788,"Day 5, 00:28",0.54,22.62,43.0,7.69,7,-65.9,10.0,46.23,0.6607,0.446,LOCAL
5789,"Day 5, 00:29",1.22,22.53,33.81,8.32,2,-66.8,10.0,45.08,0.4527,0.451,LOCAL
5790,"Day 5, 00:30",1.05,22.44,26.54,3.44,3,-64.3,10.0,43.99,0.4627,0.3192,LOCAL
5791,"Day 5, 00:31",1.28,22.34,30.49,5.77,5,-65.0,10.0,43.83,0.5463,0.3761,LOCAL
5792,"Day 5, 00:32",1.21,22.27,22.67,5.22,1,-62.7,10.0,42.5,0.3791,0.3509,LOCAL
5793,"Day 5, 00:33",1.17,22.2,18.99,2.46,3,-62.3,10.0,44.75,0.4364,0.3015,LOCAL
5794,"Day 5, 00:34",0.0,22.1,24.66,4.86,6,-61.7,10.0,44.73,0.5632,0.3614,LOCAL
5795,"Day 5, 00:35",1.33,22.03,23.56,8.97,1,-63.1,10.0,44.09,0.3824,0.4584,LOCAL
5796,"Day 5, 00:36",0.76,21.88,44.47,6.24,10,-61.4,10.0,46.48,0.7717,0.4121,LOCAL
5797,"Day 5, 00:37",0.68,21.77,33.19,2.4,6,-61.8,10.0,44.92,0.5925,0.3016,LOCAL
5798,"Day 5, 00:38",0.35,21.67,29.73,6.55,4,-63.4,10.0,42.02,0.511,0.3801,LOCAL
5799,"Day 5, 00:39",0.68,21.57,34.11,6.42,4,-64.0,10.1,40.04,0.526,0.3611,LOCAL
5800,"Day 5, 00:40",0.87,21.46,38.76,9.7,4,-65.8,10.0,39.7,0.5422,0.4401,LOCAL
5801,"Day 5, 00:41",1.12,21.33,31.6,1.38,10,-64.4,10.0,39.37,0.7269,0.2296,LOCAL
5802,"Day 5, 00:42",1.09,21.2,43.22,7.86,7,-65.2,11.4,42.11,0.6628,0.4177,LOCAL
5803,"Day 5, 00:43",0.8,21.07,41.66,3.09,8,-65.1,10.0,43.45,0.693,0.3058,LOCAL
5804,"Day 5, 00:44",0.42,20.95,45.45,8.14,4,-66.1,10.6,45.69,0.567,0.454,LOCAL
5805,"Day 5, 00:45",1.14,20.87,30.6,1.93,1,-65.8,10.0,47.84,0.4091,0.3176,LOCAL
5806,"Day 5, 00:46",0.43,20.79,22.63,5.29,2,-63.3,10.0,47.14,0.4174,0.3948,LOCAL
5807,"Day 5, 00:47",1.18,20.73,18.42,2.89,1,-65.0,10.0,49.94,0.3666,0.3632,LOCAL
5808,"Day 5, 00:48",0.14,20.62,32.58,7.23,6,-62.8,10.0,47.27,0.5929,0.4445,LOCAL
5809,"Day 5, 00:49",0.13,20.54,23.54,9.82,1,-60.6,10.0,43.11,0.3864,0.4711,LOCAL
5810,"Day 5, 00:50",0.68,20.47,23.45,5.94,2,-60.6,10.0,43.09,0.4204,0.3739,LOCAL
5811,"Day 5, 00:51",1.24,20.32,48.84,8.83,9,-63.2,10.0,42.07,0.7536,0.4375,LOCAL
5812,"Day 5, 00:52",1.43,20.23,34.87,7.61,2,-62.2,10.0,39.83,0.4596,0.3889,LOCAL
5813,"Day 5, 00:53",0.42,20.07,55.06,9.09,9,-64.6,10.0,39.73,0.777,0.4252,LOCAL
5814,"Day 5, 00:54",0.12,19.96,42.02,5.86,4,-65.4,10.0,41.54,0.5569,0.3589,LOCAL
5815,"Day 5, 00:55",1.04,19.87,32.74,4.15,2,-63.5,10.0,46.57,0.4532,0.3607,LOCAL
5816,"Day 5, 00:56",0.55,19.76,35.3,9.76,4,-65.3,10.0,50.44,0.5331,0.5404,LOCAL
5817,"Day 5, 00:57",1.08,19.68,29.46,7.46,2,-63.0,10.0,46.07,0.442,0.4387,LOCAL
5818,"Day 5, 00:58",0.84,19.54,47.29,9.51,7,-65.4,10.0,44.96,0.68,0.4797,LOCAL
5819,"Day 5, 00:59",0.53,19.45,35.51,6.4,1,-63.4,10.0,48.04,0.4293,0.4314,LOCAL
5820,"Day 5, 01:00",0.2,19.29,61.68,9.56,9,-61.9,10.0,51.34,0.8016,0.5453,LOCAL
5821,"Day 5, 01:01",0.39,19.18,43.06,4.75,2,-63.8,10.0,50.79,0.4913,0.419,LOCAL
5822,"Day 5, 01:02",0.71,19.09,29.99,1.15,2,-64.7,10.0,53.96,0.4452,0.3658,LOCAL
5823,"Day 5, 01:03",0.1,18.98,27.83,1.84,8,-64.9,10.0,52.82,0.6488,0.3693,LOCAL
5824,"Day 5, 01:04",0.03,18.91,22.76,7.4,1,-63.7,10.0,55.62,0.3862,0.5429,LOCAL
5825,"Day 5, 01:05",1.45,18.83,23.16,6.61,2,-62.7,10.0,51.23,0.4207,0.4704,LOCAL
5826,"Day 5, 01:06",1.26,18.76,19.7,2.62,3,-63.6,10.0,47.69,0.4439,0.3334,LOCAL
5827,"Day 5, 01:07",0.9,18.69,19.5,9.27,1,-61.7,10.0,51.3,0.3739,0.5376,LOCAL
5828,"Day 5, 01:08",1.47,18.62,19.29,6.2,3,-64.3,10.6,47.37,0.4424,0.4216,LOCAL
5829,"Day 5, 01:09",0.21,18.54,19.51,3.49,3,-63.6,10.0,48.2,0.4452,0.3602,LOCAL
5830,"Day 5, 01:10",0.19,18.46,19.17,4.52,2,-62.7,10.0,47.13,0.4091,0.3754,LOCAL
5831,"Day 5, 01:11",0.95,18.34,38.87,7.88,8,-63.9,10.0,50.94,0.6871,0.4989,LOCAL
5832,"Day 5, 01:12",0.55,18.21,34.02,2.74,8,-62.5,10.0,47.31,0.6709,0.3327,LOCAL
5833,"Day 5, 01:13",0.36,18.08,45.76,7.31,7,-64.4,10.0,44.02,0.6775,0.4163,LOCAL
5834,"Day 5, 01:14",1.39,17.99,33.99,7.2,2,-62.5,10.0,43.04,0.4599,0.405,LOCAL
5835,"Day 5, 01:15",0.82,17.9,31.1,9.21,2,-62.4,10.0,47.05,0.4508,0.4919,LOCAL
5836,"Day 5, 01:16",0.23,17.75,51.31,8.28,9,-60.6,10.0,48.9,0.7676,0.4871,LOCAL
5837,"Day 5, 01:17",0.7,17.64,40.66,1.98,3,-62.3,10.0,53.8,0.5198,0.3846,LOCAL
5838,"Day 5, 01:18",1.11,17.52,44.92,7.48,5,-64.9,10.0,55.79,0.6043,0.5472,LOCAL
5839,"Day 5, 01:19",1.48,17.37,52.89,6.34,8,-64.3,10.0,55.19,0.7368,0.511,LOCAL
5840,"Day 5, 01:20",0.01,17.27,37.11,4.92,2,-64.3,10.0,58.72,0.474,0.5238,LOCAL
5841,"Day 5, 01:21",1.25,17.17,34.04,5.22,5,-65.1,10.0,52.89,0.5665,0.4546,LOCAL
5842,"Day 5, 01:22",1.0,17.07,30.46,4.03,4,-63.1,10.0,55.94,0.5195,0.4629,LOCAL
5843,"Day 5, 01:23",1.05,16.99,24.05,3.18,3,-62.0,10.0,50.2,0.4621,0.3733,LOCAL
5844,"Day 5, 01:24",0.08,16.89,31.1,8.52,4,-64.3,10.0,52.44,0.5234,0.5318,LOCAL
5845,"Day 5, 01:25",0.38,16.77,38.46,4.49,7,-65.6,10.0,50.54,0.6539,0.4097,LOCAL
5846,"Day 5, 01:26",0.07,16.63,44.06,5.35,8,-65.7,10.0,47.41,0.7091,0.3989,LOCAL
5847,"Day 5, 01:27",1.46,16.51,37.53,1.67,7,-63.5,10.0,48.85,0.6494,0.3214,LOCAL
5848,"Day 5, 01:28",0.58,16.42,31.46,9.87,2,-62.8,10.0,52.48,0.4546,0.5661,LOCAL
5849,"Day 5, 01:29",1.31,16.3,26.79,1.18,9,-63.2,10.0,48.69,0.6824,0.3074,LOCAL
5850,"Day 5, 01:30",0.57,16.23,22.37,4.35,1,-62.9,10.0,46.09,0.3881,0.3611,LOCAL
5851,"Day 5, 01:31",0.52,16.13,25.51,2.48,6,-65.3,10.0,48.84,0.5743,0.3415,LOCAL
5852,"Day 5, 01:32",0.64,16.05,20.51,1.28,4,-64.6,11.7,48.37,0.4868,0.3115,LOCAL
5853,"Day 5, 01:33",0.8,15.89,53.66,9.9,9,-66.7,10.0,51.68,0.7778,0.5576,LOCAL
5854,"Day 5, 01:34",0.63,15.78,43.97,4.72,4,-65.6,10.0,53.73,0.5693,0.4522,LOCAL
5855,"Day 5, 01:35",0.49,15.67,37.17,6.27,3,-67.4,10.0,51.78,0.5108,0.4681,LOCAL
5856,"Day 5, 01:36",0.05,15.58,32.41,8.64,2,-68.2,10.1,50.38,0.46,0.512,LOCAL
5857,"Day 5, 01:37",0.81,15.45,45.45,9.79,6,-70.2,10.0,46.33,0.6447,0.4994,LOCAL
5858,"Day 5, 01:38",1.18,15.32,50.48,9.12,6,-70.3,11.3,45.55,0.6619,0.4792,LOCAL
5859,"Day 5, 01:39",1.31,15.23,34.18,2.53,2,-69.4,10.0,41.65,0.4648,0.2765,LOCAL
5860,"Day 5, 01:40",1.29,15.1,39.68,5.24,8,-67.1,10.0,40.46,0.6943,0.3346,LOCAL
5861,"Day 5, 01:41",1.12,14.98,39.6,5.03,6,-69.4,10.0,41.76,0.6244,0.3399,LOCAL
5862,"Day 5, 01:42",0.29,14.89,29.77,1.88,3,-66.5,10.0,44.53,0.4864,0.2851,LOCAL
5863,"Day 5, 01:43",1.06,14.81,21.7,3.82,3,-65.1,10.0,47.22,0.4572,0.3587,LOCAL
5864,"Day 5, 01:44",0.87,14.71,31.11,6.74,4,-65.5,10.0,47.64,0.5255,0.4358,LOCAL
5865,"Day 5, 01:45",0.81,14.61,28.75,5.61,5,-63.8,10.0,45.31,0.5525,0.3854,LOCAL
5866,"Day 5, 01:46",0.75,14.45,53.82,9.32,10,-65.3,10.0,48.66,0.8156,0.5106,LOCAL
5867,"Day 5, 01:47",0.58,14.3,56.37,7.02,8,-65.8,10.0,50.2,0.755,0.4693,LOCAL
5868,"Day 5, 01:48",0.78,14.11,71.99,9.36,10,-63.6,10.0,45.43,0.8796,0.4803,LOCAL
5869,"Day 5, 01:49",0.8,13.95,60.6,4.01,10,-62.2,10.0,46.51,0.84,0.3566,LOCAL
5870,"Day 5, 01:50",0.67,13.76,74.93,9.34,10,-63.1,10.1,45.88,0.8906,0.4843,LOCAL
5871,"Day 5, 01:51",0.23,13.56,80.69,7.79,10,-65.5,10.0,47.13,0.9117,0.4571,LOCAL
5872,"Day 5, 01:52",0.55,13.43,58.88,8.5,2,-64.9,10.0,48.99,0.5551,0.4935,LOCAL
5873,"Day 5, 01:53",1.22,13.31,46.79,3.58,4,-63.7,10.0,49.18,0.582,0.3725,LOCAL
5874,"Day 5, 01:54",0.19,13.2,37.2,3.48,5,-65.5,10.0,51.98,0.5851,0.4006,LOCAL
5875,"Day 5, 01:55",0.15,13.06,44.5,5.4,8,-65.4,10.0,47.91,0.7159,0.405,LOCAL
5876,"Day 5, 01:56",0.97,12.93,51.71,9.7,5,-65.5,10.0,49.12,0.6351,0.5249,LOCAL
5877,"Day 5, 01:57",0.27,12.83,36.81,5.4,3,-67.9,10.0,46.96,0.5142,0.3957,LOCAL
5878,"Day 5, 01:58",0.75,12.74,30.62,7.84,2,-67.9,10.0,48.75,0.457,0.4746,LOCAL
5879,"Day 5, 01:59",0.39,12.63,34.38,6.92,4,-66.8,10.0,53.39,0.5408,0.5031,LOCAL
5880,"Day 5, 02:00",0.7,12.51,26.79,1.47,10,-64.9,10.0,52.15,0.7239,0.3522,LOCAL
5881,"Day 5, 02:01",1.29,12.39,36.03,5.55,7,-64.0,10.0,56.05,0.6506,0.5023,LOCAL
5882,"Day 5, 02:02",0.59,12.3,25.87,1.03,4,-64.1,10.0,58.17,0.5112,0.4186,LOCAL
5883,"Day 5, 02:03",0.56,12.23,21.61,8.81,1,-66.2,10.0,58.45,0.3915,0.6171,LOCAL
5884,"Day 5, 02:04",0.02,12.15,22.03,6.95,2,-63.7,10.0,59.47,0.4289,0.5856,LOCAL
5885,"Day 5, 02:05",0.85,12.03,34.83,6.5,8,-62.9,10.0,57.65,0.6826,0.5479,LOCAL
5886,"Day 5, 02:06",0.16,11.87,53.82,8.16,9,-63.3,10.0,51.66,0.7853,0.5139,LOCAL
5887,"Day 5, 02:07",0.02,11.75,45.66,6.65,4,-63.0,10.0,50.76,0.5822,0.4661,LOCAL
5888,"Day 5, 02:08",0.66,11.6,58.09,7.86,7,-65.3,10.0,49.72,0.7299,0.4851,LOCAL
5889,"Day 5, 02:09",0.78,11.45,55.87,4.81,8,-64.9,10.0,47.83,0.7572,0.3895,LOCAL
5890,"Day 5, 02:10",1.44,11.26,75.9,8.97,10,-65.2,10.0,43.16,0.8966,0.4503,LOCAL
5891,"Day 5, 02:11",0.6,11.12,55.08,2.33,6,-64.4,10.0,48.78,0.6852,0.3371,LOCAL
5892,"Day 5, 02:12",1.1,11.02,35.6,1.68,3,-66.0,10.0,52.69,0.5114,0.3638,LOCAL
5893,"Day 5, 02:13",1.25,10.92,32.54,4.75,4,-66.1,10.0,51.29,0.5356,0.4246,LOCAL
5894,"Day 5, 02:14",0.9,10.82,37.0,8.58,4,-64.4,10.0,50.67,0.5519,0.5134,LOCAL
5895,"Day 5, 02:15",0.69,10.73,30.08,5.81,2,-64.4,10.0,49.85,0.4581,0.4353,LOCAL
5896,"Day 5, 02:16",1.02,10.63,29.48,2.58,6,-66.4,10.0,54.8,0.5957,0.412,LOCAL
5897,"Day 5, 02:17",0.05,10.5,32.44,4.28,8,-68.1,10.0,50.58,0.6777,0.405,LOCAL
5898,"Day 5, 02:18",0.73,10.4,27.34,2.04,6,-65.9,10.0,50.26,0.589,0.3454,LOCAL
5899,"Day 5, 02:19",0.6,10.29,31.77,5.78,6,-65.9,10.0,53.09,0.6049,0.4711,LOCAL
5900,"Day 5, 02:20",1.31,10.13,59.12,9.67,10,-66.6,10.0,49.01,0.8397,0.523,LOCAL
5901,"Day 5, 02:21",0.0,9.96,57.69,4.5,10,-64.6,10.0,45.44,0.837,0.3589,LOCAL
5902,"Day 5, 02:22",0.02,9.81,51.6,4.46,8,-63.4,10.9,42.78,0.7459,0.3367,LOCAL
5903,"Day 5, 02:23",0.36,9.72,37.43,3.18,1,-65.2,10.1,46.23,0.4509,0.3335,LOCAL
5904,"Day 5, 02:24",0.23,9.57,43.63,5.11,10,-64.7,10.0,47.37,0.788,0.3925,LOCAL
5905,"Day 5, 02:25",0.61,9.45,37.41,3.65,6,-65.7,10.0,49.22,0.6258,0.3746,LOCAL
5906,"Day 5, 02:26",0.58,9.28,62.92,9.53,10,-65.8,10.0,50.02,0.8554,0.5302,LOCAL
5907,"Day 5, 02:27",0.28,9.15,46.58,4.9,5,-65.2,10.0,52.42,0.6239,0.4412,LOCAL
5908,"Day 5, 02:28",0.97,9.05,35.69,1.01,4,-63.9,10.0,52.93,0.5499,0.3499,LOCAL
5909,"Day 5, 02:29",0.75,8.96,30.54,9.38,2,-62.4,10.0,55.42,0.4623,0.5899,LOCAL
5910,"Day 5, 02:30",0.76,8.83,42.98,6.95,7,-60.6,10.0,52.72,0.681,0.4959,LOCAL
5911,"Day 5, 02:31",0.36,8.69,45.06,5.15,8,-61.5,10.0,52.21,0.7241,0.4449,LOCAL
5912,"Day 5, 02:32",0.43,8.53,53.04,5.42,10,-59.9,10.0,52.18,0.8222,0.4513,LOCAL
5913,"Day 5, 02:33",0.73,8.43,42.03,8.18,2,-61.4,10.0,54.08,0.5034,0.543,LOCAL
5914,"Day 5, 02:34",1.41,8.35,30.72,7.38,1,-63.7,10.0,49.78,0.4279,0.4738,LOCAL
5915,"Day 5, 02:35",0.74,8.23,41.45,7.59,6,-63.2,10.0,46.83,0.6416,0.4492,LOCAL
5916,"Day 5, 02:36",0.47,8.13,32.03,4.1,3,-64.7,10.2,43.48,0.5042,0.3318,LOCAL
5917,"Day 5, 02:37",0.02,8.01,34.49,4.85,7,-64.9,10.0,46.43,0.6537,0.3769,LOCAL
5918,"Day 5, 02:38",0.53,7.9,30.31,1.94,6,-65.8,10.0,51.61,0.6034,0.3578,LOCAL
5919,"Day 5, 02:39",0.26,7.82,30.01,9.32,2,-67.1,10.3,51.63,0.4629,0.5434,LOCAL
5920,"Day 5, 02:40",0.92,7.73,23.88,2.8,3,-69.1,12.3,55.64,0.4756,0.4349,LOCAL
5921,"Day 5, 02:41",1.04,7.6,41.03,6.59,9,-69.4,10.0,53.36,0.7456,0.4944,LOCAL
5922,"Day 5, 02:42",0.24,7.44,53.97,6.94,9,-66.9,10.0,52.16,0.7924,0.4891,LOCAL
5923,"Day 5, 02:43",0.06,7.31,49.04,6.79,5,-67.7,10.0,51.94,0.6356,0.4828,LOCAL
5924,"Day 5, 02:44",0.42,7.21,38.75,3.45,2,-65.4,10.0,50.27,0.4942,0.3808,LOCAL
5925,"Day 5, 02:45",1.48,7.11,32.87,2.35,4,-66.1,11.0,48.5,0.5421,0.3375,LOCAL
5926,"Day 5, 02:46",1.31,6.98,41.54,5.9,9,-68.2,11.8,49.83,0.748,0.4425,LOCAL
5927,"Day 5, 02:47",0.91,6.86,37.98,5.55,5,-65.6,10.0,52.38,0.5963,0.4569,LOCAL
5928,"Day 5, 02:48",0.68,6.7,59.52,9.12,10,-65.4,11.1,50.11,0.8473,0.524,LOCAL
5929,"Day 5, 02:49",0.07,6.59,42.78,7.37,1,-66.0,10.0,54.24,0.4747,0.5247,LOCAL
5930,"Day 5, 02:50",1.28,6.5,33.73,5.76,3,-64.9,10.0,48.64,0.5114,0.4214,LOCAL
5931,"Day 5, 02:51",1.07,6.38,39.25,5.99,7,-67.3,10.0,52.62,0.6712,0.4707,LOCAL
5932,"Day 5, 02:52",0.64,6.29,29.78,7.83,1,-66.9,10.0,52.93,0.4288,0.5204,LOCAL
5933,"Day 5, 02:53",0.69,6.15,51.04,8.83,7,-68.3,10.0,50.02,0.7134,0.5126,LOCAL
5934,"Day 5, 02:54",1.18,6.04,45.96,6.11,4,-66.1,10.0,52.53,0.59,0.4727,LOCAL
5935,"Day 5, 02:55",0.71,5.9,37.59,2.46,9,-63.8,10.0,55.49,0.7366,0.4178,LOCAL
5936,"Day 5, 02:56",0.85,5.8,36.06,6.07,3,-65.2,10.0,55.81,0.5212,0.5123,LOCAL
5937,"Day 5, 02:57",0.36,5.68,33.47,2.62,8,-64.2,10.8,58.86,0.6881,0.4706,LOCAL
5938,"Day 5, 02:58",0.21,5.58,26.33,1.6,5,-65.3,10.0,57.65,0.5585,0.4255,LOCAL
5939,"Day 5, 02:59",1.19,5.45,46.25,9.74,7,-66.4,10.0,57.66,0.6969,0.6291,LOCAL
5940,"Day 5, 03:00",0.65,5.32,49.46,8.72,5,-68.0,10.0,54.81,0.6392,0.5656,LOCAL
5941,"Day 5, 03:01",0.89,5.15,62.3,7.63,10,-69.2,10.0,51.62,0.859,0.5002,LOCAL
5942,"Day 5, 03:02",0.65,5.03,45.27,1.18,5,-67.8,10.0,52.12,0.6249,0.3447,LOCAL
5943,"Day 5, 03:03",0.53,5.0,65.6,9.29,9,-68.7,10.8,49.93,0.8363,0.5254,LOCAL
5944,"Day 5, 03:04",1.0,5.0,57.79,6.34,6,-68.8,14.3,53.99,0.7033,0.5083,LOCAL
5945,"Day 5, 03:05",0.84,5.0,42.39,6.11,2,-67.4,10.0,57.72,0.5096,0.5391,LOCAL
5946,"Day 5, 03:06",0.09,5.0,47.71,4.54,10,-68.2,10.0,57.13,0.8093,0.4917,LOCAL
5947,"Day 5, 03:07",0.91,5.0,38.93,2.86,3,-66.4,10.0,51.76,0.5324,0.3825,LOCAL
5948,"Day 5, 03:08",0.41,5.0,55.3,7.93,10,-68.5,10.0,54.13,0.8354,0.5374,LOCAL
5949,"Day 5, 03:09",0.44,5.0,57.5,9.51,6,-66.0,10.0,56.7,0.7031,0.6101,LOCAL
5950,"Day 5, 03:10",0.02,5.0,41.49,1.08,7,-67.9,10.0,51.74,0.6827,0.3379,LOCAL
5951,"Day 5, 03:11",0.59,5.0,32.81,5.25,2,-66.6,10.0,49.75,0.4765,0.4203,LOCAL
5952,"Day 5, 03:12",0.21,5.0,40.83,8.78,6,-68.6,11.4,54.27,0.6451,0.5642,LOCAL
5953,"Day 5, 03:13",1.25,5.0,29.17,3.81,2,-67.7,10.0,55.06,0.4627,0.4461,LOCAL
5954,"Day 5, 03:14",1.0,5.0,21.68,2.08,3,-66.1,10.0,52.25,0.4719,0.3687,LOCAL
5955,"Day 5, 03:15",0.27,5.0,52.25,9.66,9,-67.0,10.2,48.85,0.7899,0.5218,LOCAL
5956,"Day 5, 03:16",1.37,5.0,56.16,8.55,6,-68.4,10.5,46.93,0.697,0.4755,LOCAL
5957,"Day 5, 03:17",0.82,5.0,61.78,6.62,10,-68.6,10.3,47.64,0.8575,0.4338,LOCAL
5958,"Day 5, 03:18",0.18,5.0,67.17,8.67,7,-67.3,10.0,51.68,0.7723,0.5269,LOCAL
5959,"Day 5, 03:19",0.56,5.0,53.71,7.88,3,-68.7,10.0,51.64,0.5846,0.5067,LOCAL
5960,"Day 5, 03:20",1.05,5.0,45.84,3.07,10,-69.6,10.8,51.49,0.8014,0.3871,LOCAL
5961,"Day 5, 03:21",0.22,5.0,43.37,5.27,5,-70.9,10.0,53.93,0.619,0.4684,LOCAL
5962,"Day 5, 03:22",0.17,5.0,30.57,1.16,1,-70.8,10.0,51.45,0.4342,0.3366,LOCAL
5963,"Day 5, 03:23",1.02,5.0,25.83,7.46,2,-72.2,10.0,50.68,0.4514,0.4855,LOCAL
5964,"Day 5, 03:24",0.43,5.0,25.12,9.33,2,-70.4,10.0,54.82,0.4498,0.581,LOCAL
5965,"Day 5, 03:25",0.05,5.0,26.26,1.13,10,-71.2,10.5,55.98,0.7343,0.3923,LOCAL
5966,"Day 5, 03:26",0.48,5.0,27.05,3.0,6,-72.8,12.8,50.47,0.5964,0.3797,LOCAL
5967,"Day 5, 03:27",0.33,5.0,25.49,3.58,4,-71.1,10.0,53.12,0.5212,0.4163,LOCAL
5968,"Day 5, 03:28",1.29,5.0,36.44,4.26,10,-70.7,10.9,54.57,0.7681,0.4537,LOCAL
5969,"Day 5, 03:29",0.26,5.0,32.68,5.95,5,-68.0,10.0,53.82,0.5815,0.484,LOCAL
5970,"Day 5, 03:30",0.71,5.0,27.38,3.29,4,-68.3,10.0,49.56,0.5273,0.3692,LOCAL
5971,"Day 5, 03:31",0.34,5.0,31.61,5.53,4,-69.9,10.0,49.42,0.5426,0.4238,LOCAL
5972,"Day 5, 03:32",0.41,5.0,26.4,4.41,5,-69.2,10.0,45.44,0.5593,0.3566,LOCAL
5973,"Day 5, 03:33",0.98,5.0,21.24,5.48,1,-68.6,10.0,47.8,0.4004,0.406,LOCAL
5974,"Day 5, 03:34",0.56,5.0,21.34,6.96,2,-67.0,10.0,46.43,0.4364,0.4296,LOCAL
5975,"Day 5, 03:35",0.18,5.0,26.08,3.84,9,-64.7,10.0,47.31,0.6985,0.3601,LOCAL
5976,"Day 5, 03:36",1.03,5.0,23.35,5.25,2,-67.0,10.0,51.34,0.4427,0.4376,LOCAL
5977,"Day 5, 03:37",1.19,5.0,39.23,8.34,8,-66.7,10.0,53.54,0.708,0.5405,LOCAL
5978,"Day 5, 03:38",0.89,5.0,32.64,3.63,5,-66.7,10.0,51.98,0.5804,0.4043,LOCAL
5979,"Day 5, 03:39",0.25,5.0,27.5,2.48,6,-66.8,10.0,48.48,0.5984,0.3378,LOCAL
5980,"Day 5, 03:40",0.94,5.0,20.93,2.71,5,-64.6,10.0,51.46,0.5393,0.3755,LOCAL
5981,"Day 5, 03:41",1.25,5.0,29.07,3.63,9,-63.4,10.0,54.28,0.7074,0.4317,LOCAL
5982,"Day 5, 03:42",1.39,5.0,35.75,5.47,6,-64.8,10.0,53.1,0.6255,0.4634,LOCAL
5983,"Day 5, 03:43",1.15,5.0,53.94,8.98,8,-62.8,10.0,53.23,0.7596,0.5526,LOCAL
5984,"Day 5, 03:44",0.89,5.0,52.69,5.85,8,-60.7,10.0,55.69,0.7556,0.5052,LOCAL
5985,"Day 5, 03:45",1.22,5.0,45.11,4.28,7,-59.5,10.0,54.33,0.6936,0.4485,LOCAL
5986,"Day 5, 03:46",0.86,5.0,32.2,5.92,2,-59.8,10.0,51.12,0.4739,0.4519,LOCAL
5987,"Day 5, 03:47",0.88,5.0,35.46,4.89,6,-59.5,10.0,51.45,0.6253,0.4298,LOCAL
5988,"Day 5, 03:48",0.39,5.0,53.09,9.26,8,-58.4,10.0,50.79,0.7577,0.5317,LOCAL
5989,"Day 5, 03:49",0.31,5.0,63.53,9.92,6,-61.3,10.0,51.26,0.7244,0.5534,LOCAL
5990,"Day 5, 03:50",0.55,5.0,53.94,9.32,3,-64.0,10.0,49.96,0.5855,0.5242,LOCAL
5991,"Day 5, 03:51",0.48,5.0,43.72,9.76,2,-65.0,10.0,51.9,0.5148,0.5567,LOCAL
5992,"Day 5, 03:52",0.78,5.0,32.28,9.64,1,-63.7,10.0,50.55,0.4393,0.5386,LOCAL
5993,"Day 5, 03:53",0.19,5.0,25.15,1.03,8,-66.0,10.0,50.57,0.6602,0.3235,LOCAL
5994,"Day 5, 03:54",0.14,5.0,35.38,8.16,5,-66.5,10.0,47.46,0.5911,0.4696,LOCAL
5995,"Day 5, 03:55",1.24,5.0,28.02,6.95,1,-65.2,10.0,48.96,0.4237,0.4545,LOCAL
5996,"Day 5, 03:56",0.13,5.0,21.75,9.38,1,-66.1,10.0,46.55,0.4034,0.4912,LOCAL
5997,"Day 5, 03:57",0.86,5.0,21.12,3.03,3,-66.0,10.0,46.62,0.4701,0.3332,LOCAL
5998,"Day 5, 03:58",0.16,5.0,35.61,5.78,9,-65.6,10.0,45.04,0.7319,0.3872,LOCAL
5999,"Day 5, 03:59",1.5,5.0,29.27,5.07,4,-66.1,10.0,46.46,0.5327,0.3826,LOCAL
6000,"Day 5, 04:00",0.84,5.0,36.39,4.25,8,-65.5,10.0,46.42,0.6986,0.3617,LOCAL
6001,"Day 5, 04:01",0.87,5.0,32.14,5.22,4,-66.7,10.0,49.54,0.5437,0.4173,LOCAL
6002,"Day 5, 04:02",0.38,5.0,44.77,7.15,7,-64.8,10.0,49.56,0.6936,0.4657,LOCAL
6003,"Day 5, 04:03",0.29,5.0,33.41,7.63,1,-66.8,10.5,53.82,0.444,0.5276,LOCAL
6004,"Day 5, 04:04",1.39,5.0,49.96,6.54,10,-67.5,10.0,56.24,0.8153,0.5296,LOCAL
6005,"Day 5, 04:05",0.91,5.0,42.74,3.85,6,-68.8,10.0,53.86,0.6507,0.432,LOCAL
6006,"Day 5, 04:06",1.4,5.0,67.32,9.06,10,-69.6,10.0,57.08,0.876,0.604,LOCAL
6007,"Day 5, 04:07",0.99,5.0,53.54,8.83,3,-68.9,10.0,55.32,0.5834,0.5749,LOCAL
6008,"Day 5, 04:08",1.06,5.0,33.56,4.56,1,-68.9,10.0,56.63,0.4434,0.4853,LOCAL
6009,"Day 5, 04:09",1.17,5.0,27.67,4.48,2,-67.2,10.3,55.4,0.4576,0.468,LOCAL
6010,"Day 5, 04:10",0.34,5.0,28.99,4.86,7,-64.7,10.0,57.51,0.6385,0.5049,LOCAL
6011,"Day 5, 04:11",0.71,5.0,40.03,6.86,7,-62.9,10.0,52.21,0.6766,0.4877,LOCAL
6012,"Day 5, 04:12",1.42,5.0,26.86,1.38,2,-63.9,10.0,56.66,0.4544,0.4063,LOCAL
6013,"Day 5, 04:13",0.41,5.0,50.02,9.7,8,-62.2,10.0,57.35,0.747,0.6237,LOCAL
6014,"Day 5, 04:14",1.44,5.0,48.28,8.78,4,-64.2,10.0,57.73,0.5993,0.6061,LOCAL
6015,"Day 5, 04:15",0.22,5.0,55.19,8.83,6,-65.8,10.0,56.11,0.6953,0.5851,LOCAL
6016,"Day 5, 04:16",1.0,5.0,42.2,2.65,2,-63.5,10.0,51.22,0.5087,0.3712,LOCAL
6017,"Day 5, 04:17",0.24,5.0,32.74,5.58,3,-62.3,10.0,52.53,0.5117,0.4594,LOCAL
6018,"Day 5, 04:18",0.55,5.0,21.9,1.13,3,-63.3,10.0,55.56,0.4733,0.3854,LOCAL
6019,"Day 5, 04:19",1.42,5.0,39.26,5.93,9,-63.5,10.0,51.84,0.7428,0.4602,LOCAL
6020,"Day 5, 04:20",0.1,5.0,32.38,1.64,9,-64.1,10.3,50.43,0.7207,0.338,LOCAL
6021,"Day 5, 04:21",0.9,5.0,25.15,4.23,1,-64.3,10.0,50.9,0.4142,0.4072,LOCAL
6022,"Day 5, 04:22",0.17,5.0,25.09,4.55,4,-62.2,10.0,48.89,0.5201,0.3938,LOCAL
6023,"Day 5, 04:23",0.02,5.0,37.83,6.95,7,-61.4,10.0,48.32,0.6699,0.4479,LOCAL
6024,"Day 5, 04:24",1.44,5.0,32.36,4.81,3,-63.0,10.0,50.11,0.5086,0.4131,LOCAL
6025,"Day 5, 04:25",0.57,5.0,41.8,8.98,5,-64.1,10.0,49.59,0.6129,0.5118,LOCAL
6026,"Day 5, 04:26",0.48,5.0,28.07,2.07,2,-62.2,10.0,47.6,0.46,0.3188,LOCAL
6027,"Day 5, 04:27",0.97,5.0,30.14,8.08,2,-60.7,10.0,45.87,0.4665,0.4523,LOCAL
6028,"Day 5, 04:28",1.31,5.0,22.71,5.13,1,-59.3,10.0,42.38,0.405,0.3476,LOCAL
6029,"Day 5, 04:29",1.43,5.0,30.96,5.53,6,-58.3,10.0,40.44,0.6087,0.3417,LOCAL
6030,"Day 5, 04:30",0.16,5.0,35.19,8.71,4,-57.5,10.0,40.95,0.5554,0.4253,LOCAL
6031,"Day 5, 04:31",0.11,5.0,40.53,7.41,6,-59.6,10.0,45.93,0.6442,0.4362,LOCAL
6032,"Day 5, 04:32",0.48,5.0,59.84,8.71,9,-59.6,10.0,43.09,0.8162,0.4432,LOCAL
6033,"Day 5, 04:33",0.23,5.0,56.15,4.57,8,-59.4,10.0,45.98,0.7687,0.3657,LOCAL
6034,"Day 5, 04:34",0.23,5.0,55.42,9.45,5,-60.4,10.0,50.06,0.6611,0.5285,LOCAL
6035,"Day 5, 04:35",0.75,5.0,61.37,5.4,10,-59.6,10.4,51.39,0.8562,0.443,LOCAL
6036,"Day 5, 04:36",1.43,5.0,40.97,1.72,6,-57.8,10.0,48.57,0.6437,0.3197,LOCAL
6037,"Day 5, 04:37",1.1,5.0,49.09,8.06,7,-57.3,10.0,44.5,0.7077,0.4393,LOCAL
6038,"Day 5, 04:38",0.76,5.0,50.33,5.67,6,-59.7,10.0,49.34,0.6775,0.4265,LOCAL
6039,"Day 5, 04:39",1.2,5.0,65.52,8.85,9,-58.1,10.0,48.84,0.835,0.5008,LOCAL
6040,"Day 5, 04:40",0.75,5.0,52.44,2.53,10,-59.0,10.0,46.75,0.8249,0.322,LOCAL
6041,"Day 5, 04:41",1.11,5.0,44.53,3.77,7,-61.8,10.0,46.33,0.6917,0.349,LOCAL
6042,"Day 5, 04:42",0.3,5.0,31.75,1.17,3,-63.8,10.0,43.0,0.5082,0.2539,LOCAL
6043,"Day 5, 04:43",1.32,5.0,42.04,4.99,10,-63.4,10.0,48.62,0.7877,0.402,LOCAL
6044,"Day 5, 04:44",0.49,5.0,53.61,7.89,8,-65.9,10.0,45.29,0.7594,0.4422,LOCAL
6045,"Day 5, 04:45",0.5,5.0,61.36,7.53,9,-67.1,10.0,41.92,0.8215,0.4037,LOCAL
6046,"Day 5, 04:46",1.44,5.0,43.74,2.52,4,-65.5,10.0,46.34,0.5834,0.3178,LOCAL
6047,"Day 5, 04:47",0.44,5.0,46.66,6.97,8,-64.0,10.0,46.9,0.7352,0.4344,LOCAL
6048,"Day 5, 04:48",0.95,5.0,33.25,2.66,1,-66.4,10.0,43.96,0.4424,0.2995,LOCAL
6049,"Day 5, 04:49",0.76,5.0,53.72,7.78,9,-63.8,10.0,45.79,0.7944,0.4441,LOCAL
6050,"Day 5, 04:50",1.07,5.0,38.78,3.68,2,-61.8,10.0,47.7,0.4966,0.36,LOCAL
6051,"Day 5, 04:51",0.05,5.0,38.75,6.37,5,-62.3,10.0,51.67,0.6031,0.4693,LOCAL
6052,"Day 5, 04:52",0.3,5.0,38.21,5.04,6,-63.2,10.0,49.67,0.6358,0.4142,LOCAL
6053,"Day 5, 04:53",0.04,5.0,29.56,9.35,2,-65.9,10.0,48.95,0.4659,0.5143,LOCAL
6054,"Day 5, 04:54",0.6,5.0,28.98,4.81,4,-66.4,11.7,51.35,0.533,0.4317,LOCAL
6055,"Day 5, 04:55",0.68,5.0,18.7,5.19,1,-67.0,11.1,55.73,0.3919,0.4922,LOCAL
6056,"Day 5, 04:56",0.69,5.0,24.17,7.47,3,-66.0,10.0,53.05,0.4811,0.5127,LOCAL
6057,"Day 5, 04:57",1.25,5.0,24.73,2.93,7,-65.4,10.0,49.13,0.6222,0.3558,LOCAL
6058,"Day 5, 04:58",0.57,5.0,33.42,4.11,9,-63.4,10.0,45.07,0.7236,0.3457,LOCAL
6059,"Day 5, 04:59",0.19,5.0,42.55,4.12,10,-62.0,10.0,44.76,0.7912,0.3431,LOCAL
6060,"Day 5, 05:00",0.03,5.0,51.05,8.3,7,-64.8,10.0,46.99,0.7161,0.4685,LOCAL
6061,"Day 5, 05:01",1.37,5.0,44.81,5.0,7,-64.0,11.5,42.8,0.6923,0.3522,LOCAL
6062,"Day 5, 05:02",0.16,5.0,36.18,2.13,10,-65.8,10.0,40.55,0.7689,0.2576,LOCAL
6063,"Day 5, 05:03",0.56,5.0,60.61,8.36,10,-65.1,10.0,39.61,0.8538,0.406,LOCAL
6064,"Day 5, 05:04",0.25,5.0,49.23,1.99,10,-64.5,10.0,36.72,0.8144,0.2251,LOCAL
6065,"Day 5, 05:05",0.39,5.0,52.34,6.75,6,-63.5,10.0,34.59,0.6851,0.3293,LOCAL
6066,"Day 5, 05:06",0.43,5.0,52.37,9.01,4,-62.4,10.0,32.84,0.6152,0.3742,LOCAL
6067,"Day 5, 05:07",1.2,5.0,38.33,1.57,4,-61.6,10.0,36.7,0.5649,0.2145,LOCAL
6068,"Day 5, 05:08",0.63,5.0,38.17,3.46,8,-63.7,10.0,43.2,0.7052,0.3128,LOCAL
6069,"Day 5, 05:09",0.62,5.0,34.36,9.82,2,-64.3,10.0,44.44,0.4818,0.4828,LOCAL
6070,"Day 5, 05:10",0.39,5.0,33.22,9.08,3,-63.8,10.0,47.95,0.5132,0.4974,LOCAL
6071,"Day 5, 05:11",0.28,5.0,34.62,7.63,4,-64.3,10.0,49.86,0.5532,0.4809,LOCAL
6072,"Day 5, 05:12",1.34,5.0,29.23,9.44,1,-63.5,10.0,49.56,0.4278,0.523,LOCAL
6073,"Day 5, 05:13",0.16,5.0,22.88,3.22,1,-64.6,10.0,46.32,0.4074,0.3351,LOCAL
6074,"Day 5, 05:14",0.27,5.0,35.33,5.43,8,-66.9,10.0,49.15,0.6958,0.4184,LOCAL
6075,"Day 5, 05:15",1.01,5.0,24.52,3.42,1,-67.7,10.0,48.29,0.4118,0.3594,LOCAL
6076,"Day 5, 05:16",0.35,5.0,45.51,7.98,9,-65.6,10.0,48.66,0.7662,0.4772,LOCAL
6077,"Day 5, 05:17",0.97,5.0,37.15,4.27,3,-66.8,10.0,49.73,0.5261,0.3955,LOCAL
6078,"Day 5, 05:18",1.04,5.0,30.74,3.59,6,-68.6,10.0,48.18,0.6085,0.3625,LOCAL
6079,"Day 5, 05:19",0.92,5.0,23.2,2.33,3,-66.9,10.0,46.72,0.4773,0.3167,LOCAL
6080,"Day 5, 05:20",0.1,5.0,33.25,7.48,6,-67.0,10.0,51.98,0.6187,0.5006,LOCAL
6081,"Day 5, 05:21",0.83,5.0,32.5,1.67,10,-68.2,10.0,54.32,0.755,0.3832,LOCAL
6082,"Day 5, 05:22",0.27,5.0,42.09,5.42,9,-68.6,10.0,58.45,0.7544,0.5324,LOCAL
6083,"Day 5, 05:23",0.6,5.0,33.26,9.16,2,-67.3,10.0,58.53,0.478,0.6271,LOCAL
6084,"Day 5, 05:24",0.3,5.0,29.4,5.95,3,-66.8,10.0,52.73,0.4999,0.471,LOCAL
6085,"Day 5, 05:25",1.26,5.0,54.64,8.89,9,-66.6,10.0,52.62,0.7969,0.5432,LOCAL
6086,"Day 5, 05:26",1.04,5.0,42.64,6.17,2,-66.0,10.0,49.56,0.5102,0.4413,LOCAL
6087,"Day 5, 05:27",0.5,5.0,38.15,9.11,3,-68.3,10.9,49.47,0.5303,0.5164,LOCAL
6088,"Day 5, 05:28",1.33,5.0,39.8,5.0,7,-67.8,10.0,46.92,0.6748,0.3853,LOCAL
6089,"Day 5, 05:29",0.25,5.0,35.58,4.79,3,-65.3,10.0,52.32,0.5217,0.4372,LOCAL
6090,"Day 5, 05:30",1.41,5.0,31.5,7.45,2,-63.0,10.0,51.75,0.4706,0.4972,LOCAL
6091,"Day 5, 05:31",0.97,5.0,33.28,8.28,4,-61.7,10.0,47.54,0.5475,0.4734,LOCAL
6092,"Day 5, 05:32",0.81,5.0,48.47,7.62,9,-60.7,10.0,47.06,0.7759,0.4522,LOCAL
6093,"Day 5, 05:33",1.25,5.0,44.82,4.61,7,-61.8,10.0,52.2,0.6925,0.4313,LOCAL
6094,"Day 5, 05:34",1.11,5.0,40.89,7.95,3,-61.7,10.0,48.22,0.539,0.4719,LOCAL
6095,"Day 5, 05:35",1.19,5.0,33.54,1.78,8,-62.6,10.0,51.93,0.6881,0.3574,LOCAL
6096,"Day 5, 05:36",0.45,5.0,32.86,4.53,6,-64.5,10.0,56.05,0.6168,0.4768,LOCAL
6097,"Day 5, 05:37",0.38,5.0,27.35,3.91,1,-62.9,10.0,56.82,0.4227,0.4717,LOCAL
6098,"Day 5, 05:38",1.06,5.0,26.46,6.69,3,-65.2,10.0,59.17,0.4885,0.5746,LOCAL
6099,"Day 5, 05:39",0.67,5.0,52.68,9.16,8,-63.8,10.0,56.3,0.7559,0.596,LOCAL
6100,"Day 5, 05:40",0.95,5.0,36.98,2.84,5,-63.5,10.0,57.59,0.5955,0.4556,LOCAL
6101,"Day 5, 05:41",0.61,5.0,30.07,3.08,6,-61.5,10.0,57.86,0.6068,0.4654,LOCAL
6102,"Day 5, 05:42",0.97,5.0,28.53,4.37,7,-61.7,10.0,59.15,0.6359,0.5164,LOCAL
6103,"Day 5, 05:43",1.07,5.0,25.88,6.92,2,-61.5,10.0,53.47,0.4515,0.5041,LOCAL
6104,"Day 5, 05:44",0.64,5.0,26.06,6.86,2,-64.1,10.4,53.8,0.4527,0.5077,LOCAL
6105,"Day 5, 05:45",1.21,5.0,30.52,4.56,7,-66.2,10.0,53.23,0.6425,0.4422,LOCAL
6106,"Day 5, 05:46",1.26,5.0,24.47,4.92,3,-66.6,10.0,55.29,0.4813,0.4767,LOCAL
6107,"Day 5, 05:47",0.02,5.0,21.63,1.34,10,-67.5,10.4,56.34,0.7182,0.402,LOCAL
6108,"Day 5, 05:48",1.23,5.0,21.73,4.73,1,-69.4,10.7,56.55,0.4017,0.4907,LOCAL
6109,"Day 5, 05:49",1.08,5.0,32.82,3.8,10,-68.3,10.0,59.97,0.7558,0.5146,LOCAL
6110,"Day 5, 05:50",0.14,5.0,26.32,1.47,6,-65.7,10.0,56.22,0.5944,0.4026,LOCAL
6111,"Day 5, 05:51",0.07,5.0,27.65,6.25,2,-66.0,10.2,55.36,0.4592,0.5115,LOCAL
6112,"Day 5, 05:52",1.49,5.0,30.26,9.61,3,-63.7,10.0,52.6,0.5012,0.5609,LOCAL
6113,"Day 5, 05:53",1.39,5.0,29.43,3.28,5,-63.3,10.0,48.94,0.5684,0.3625,LOCAL
6114,"Day 5, 05:54",1.33,5.0,32.57,6.17,6,-62.2,10.0,51.72,0.6145,0.4648,LOCAL
6115,"Day 5, 05:55",0.4,5.0,32.47,4.46,6,-63.6,10.0,49.02,0.6155,0.3929,LOCAL
6116,"Day 5, 05:56",0.11,5.0,46.2,9.86,6,-64.2,10.0,46.84,0.664,0.5061,LOCAL
6117,"Day 5, 05:57",0.77,5.0,37.0,6.36,3,-62.3,10.0,51.87,0.5259,0.4713,LOCAL
6118,"Day 5, 05:58",1.08,5.0,26.73,7.22,1,-62.1,10.0,54.02,0.4194,0.5182,LOCAL
6119,"Day 5, 05:59",1.09,5.0,24.44,1.4,10,-60.9,10.0,53.35,0.7264,0.3646,LOCAL
6120,"Day 5, 06:00",1.17,5.0,30.11,5.52,6,-59.8,10.0,56.0,0.6061,0.501,LOCAL
6121,"Day 5, 06:01",0.0,5.0,19.91,1.95,2,-60.3,10.0,58.54,0.4322,0.4469,LOCAL
6122,"Day 5, 06:02",0.43,5.0,20.26,9.91,1,-60.6,11.8,60.7,0.3978,0.6839,LOCAL
6123,"Day 5, 06:03",0.14,5.0,32.15,5.95,6,-60.9,10.0,59.31,0.6148,0.5583,LOCAL
6124,"Day 5, 06:04",1.51,5.0,23.98,3.21,1,-62.9,10.0,57.31,0.4092,0.4609,LOCAL
6125,"Day 5, 06:05",4.64,5.0,39.46,8.15,8,-62.0,10.0,54.84,0.7037,0.5517,LOCAL
6126,"Day 5, 06:06",0.42,5.0,32.72,3.12,3,-61.2,10.0,56.09,0.5114,0.4422,LOCAL
6127,"Day 5, 06:07",4.81,5.0,32.66,8.86,3,-60.7,10.0,56.2,0.5046,0.5871,LOCAL
6128,"Day 5, 06:08",1.09,5.0,41.9,7.81,6,-60.1,10.0,58.93,0.6475,0.5991,LOCAL
6129,"Day 5, 06:09",5.79,5.0,37.69,4.16,6,-61.4,11.2,54.98,0.6257,0.4571,LOCAL
6130,"Day 5, 06:10",5.04,5.0,47.31,6.33,9,-62.9,10.0,54.69,0.7655,0.5044,LOCAL
6131,"Day 5, 06:11",2.49,5.0,45.76,3.91,10,-62.2,10.0,57.97,0.7989,0.4876,LOCAL
6132,"Day 5, 06:12",5.0,5.0,38.26,5.44,3,-63.9,10.0,54.61,0.5239,0.4811,LOCAL
6133,"Day 5, 06:13",6.38,5.0,44.15,5.1,7,-65.6,10.0,53.96,0.6824,0.4645,LOCAL
6134,"Day 5, 06:14",5.43,5.0,42.39,6.91,4,-64.5,10.0,54.69,0.5727,0.5188,LOCAL
6135,"Day 5, 06:15",4.5,5.0,42.02,8.34,4,-63.2,10.0,54.82,0.5728,0.5562,LOCAL
6136,"Day 5, 06:16",6.16,5.0,32.59,4.68,4,-64.6,10.0,52.66,0.5373,0.4384,LOCAL
6137,"Day 5, 06:17",9.59,5.0,39.38,4.57,9,-64.9,10.0,49.92,0.7309,0.405,LOCAL
6138,"Day 5, 06:18",5.96,5.0,33.94,3.13,7,-63.7,10.0,53.7,0.6474,0.4121,LOCAL
6139,"Day 5, 06:19",10.45,5.0,31.79,6.66,3,-63.4,10.0,56.21,0.4931,0.5323,LOCAL
6140,"Day 5, 06:20",6.09,5.0,28.85,1.16,8,-64.3,10.0,59.47,0.6643,0.441,LOCAL
6141,"Day 5, 06:21",8.71,5.0,27.12,7.11,2,-62.8,10.0,54.48,0.4444,0.5212,LOCAL
6142,"Day 5, 06:22",7.02,5.0,50.36,8.77,9,-63.1,10.0,52.84,0.7732,0.5429,LOCAL
6143,"Day 5, 06:23",12.2,5.0,43.74,5.69,4,-62.9,10.0,54.38,0.5673,0.4844,LOCAL
6144,"Day 5, 06:24",7.46,5.0,56.04,8.9,6,-65.1,10.0,51.77,0.6874,0.5337,LOCAL
6145,"Day 5, 06:25",9.79,5.0,41.92,9.49,2,-65.2,10.0,51.09,0.4945,0.5408,LOCAL
6146,"Day 5, 06:26",10.95,5.0,36.05,2.66,6,-66.9,10.0,54.94,0.6122,0.4157,LOCAL
6147,"Day 5, 06:27",13.78,5.0,43.79,6.95,7,-65.0,10.0,58.36,0.6701,0.5693,LOCAL
6148,"Day 5, 06:28",11.78,5.0,32.44,2.01,6,-67.5,10.0,56.17,0.5984,0.4154,LOCAL
6149,"Day 5, 06:29",10.38,5.0,28.87,3.9,3,-67.1,10.0,56.74,0.483,0.4704,LOCAL
6150,"Day 5, 06:30",11.54,5.0,41.36,7.11,8,-67.9,10.0,54.12,0.6999,0.5167,LOCAL
6151,"Day 5, 06:31",14.43,5.0,45.14,3.99,10,-65.9,10.0,58.39,0.7788,0.4957,LOCAL
6152,"Day 5, 06:32",12.89,5.0,37.66,4.34,4,-65.4,10.0,58.9,0.545,0.5119,LOCAL
6153,"Day 5, 06:33",15.71,5.0,28.28,1.04,7,-65.0,10.0,61.14,0.6129,0.464,LOCAL
6154,"Day 5, 06:34",11.63,5.0,21.18,1.04,10,-62.8,10.0,61.46,0.6992,0.4692,LOCAL
6155,"Day 5, 06:35",17.21,5.0,41.35,6.86,9,-63.2,10.1,62.98,0.7264,0.6406,LOCAL
6156,"Day 5, 06:36",16.49,5.0,34.37,4.3,6,-63.7,10.0,62.22,0.5981,0.5633,LOCAL
6157,"Day 5, 06:37",13.54,5.0,30.65,2.21,9,-61.6,10.0,62.44,0.6944,0.5147,LOCAL
6158,"Day 5, 06:38",13.74,5.0,24.77,8.38,1,-61.5,10.0,63.46,0.3936,0.6868,LOCAL
6159,"Day 5, 06:39",14.39,5.0,28.61,9.8,3,-62.8,10.0,62.52,0.476,0.7058,LOCAL
6160,"Day 5, 06:40",17.15,5.0,22.53,1.87,2,-64.1,10.0,62.47,0.4156,0.5067,LOCAL
6161,"Day 5, 06:41",14.94,5.0,17.65,3.8,2,-63.1,10.0,57.59,0.4019,0.4796,LOCAL
6162,"Day 5, 06:42",15.75,5.0,17.06,1.93,5,-62.0,10.0,55.28,0.5036,0.4019,LOCAL
6163,"Day 5, 06:43",19.4,5.0,24.18,7.69,3,-61.7,10.0,50.29,0.453,0.4871,LOCAL
6164,"Day 5, 06:44",20.59,5.0,20.71,5.14,1,-63.6,10.0,51.47,0.3691,0.4363,LOCAL
6165,"Day 5, 06:45",15.92,5.0,37.46,5.97,10,-61.7,10.0,47.54,0.7497,0.4157,LOCAL
6166,"Day 5, 06:46",17.65,5.0,32.22,1.59,7,-64.0,10.0,45.25,0.6238,0.2844,LOCAL
6167,"Day 5, 06:47",20.82,5.0,24.62,5.19,2,-63.3,10.0,42.01,0.4174,0.346,LOCAL
6168,"Day 5, 06:48",19.89,5.0,30.51,4.38,8,-65.1,10.0,45.69,0.6495,0.3582,LOCAL
6169,"Day 5, 06:49",20.97,5.0,55.5,8.85,9,-62.9,10.0,46.79,0.7703,0.4803,LOCAL
6170,"Day 5, 06:50",21.63,5.0,41.03,3.45,4,-65.3,10.0,51.99,0.5437,0.3999,LOCAL
6171,"Day 5, 06:51",21.7,5.0,34.0,5.42,3,-65.0,10.0,55.09,0.4839,0.4867,LOCAL
6172,"Day 5, 06:52",23.53,5.0,45.9,8.52,6,-64.1,10.0,56.1,0.6278,0.5773,LOCAL
6173,"Day 5, 06:53",18.84,5.0,38.55,8.42,3,-62.4,10.0,52.59,0.5042,0.5311,LOCAL
6174,"Day 5, 06:54",23.64,5.0,33.42,2.59,8,-60.4,10.0,53.92,0.654,0.4013,LOCAL
6175,"Day 5, 06:55",20.25,5.0,52.16,8.74,8,-59.1,10.0,51.13,0.7247,0.5225,LOCAL
6176,"Day 5, 06:56",20.74,5.0,44.89,3.4,6,-59.5,10.0,47.13,0.6285,0.3473,LOCAL
6177,"Day 5, 06:57",25.71,5.0,56.88,8.4,8,-58.3,10.0,50.04,0.733,0.5021,LOCAL
6178,"Day 5, 06:58",21.29,5.0,46.33,5.92,2,-58.0,10.0,52.92,0.4927,0.4725,LOCAL
6179,"Day 5, 06:59",24.52,5.0,51.99,6.91,7,-57.9,10.0,55.82,0.6827,0.5334,LOCAL
6180,"Day 5, 07:00",22.58,5.0,57.56,7.36,8,-58.3,10.0,59.27,0.7401,0.5929,LOCAL
6181,"Day 5, 07:01",23.52,5.0,44.91,7.88,2,-61.0,10.0,58.3,0.4844,0.5916,LOCAL
6182,"Day 5, 07:02",27.5,5.0,35.48,1.6,7,-59.5,10.0,60.5,0.6204,0.4677,LOCAL
6183,"Day 5, 07:03",25.91,5.0,31.47,9.55,2,-59.8,10.0,60.93,0.4338,0.6734,LOCAL
6184,"Day 5, 07:04",27.57,5.0,26.48,3.28,3,-60.7,10.0,59.54,0.4488,0.495,LOCAL
6185,"Day 5, 07:05",23.66,5.0,44.91,9.51,7,-61.9,10.0,55.14,0.6592,0.5895,LOCAL
6186,"Day 5, 07:06",24.77,5.0,38.17,8.99,3,-60.4,10.0,57.21,0.4939,0.604,LOCAL
6187,"Day 5, 07:07",30.09,5.0,27.95,1.01,9,-58.7,10.0,60.47,0.6602,0.4526,LOCAL
6188,"Day 5, 07:08",28.34,5.0,27.23,7.77,3,-57.6,10.0,61.7,0.4503,0.6414,LOCAL
6189,"Day 5, 07:09",29.11,5.02,20.6,8.24,1,-57.0,10.0,60.0,0.3559,0.6259,LOCAL
6190,"Day 5, 07:10",30.47,5.0,31.83,6.72,6,-59.8,10.0,60.45,0.5682,0.595,LOCAL
6191,"Day 5, 07:11",31.04,5.0,37.4,5.01,9,-61.7,10.0,54.27,0.6918,0.4661,LOCAL
6192,"Day 5, 07:12",31.8,5.0,32.17,3.1,6,-60.1,10.0,58.61,0.5674,0.4767,LOCAL
6193,"Day 5, 07:13",28.85,5.0,42.19,7.7,6,-58.4,10.0,61.92,0.6069,0.6432,LOCAL
6194,"Day 5, 07:14",28.75,5.0,57.24,8.08,9,-61.2,10.0,63.2,0.7647,0.6746,LOCAL
6195,"Day 5, 07:15",32.98,5.0,44.24,3.24,6,-60.5,10.0,65.91,0.6079,0.6043,LOCAL
6196,"Day 5, 07:16",30.74,5.0,36.75,7.17,3,-59.0,10.0,65.41,0.48,0.6927,LOCAL
6197,"Day 5, 07:17",29.74,5.0,40.61,7.42,5,-58.9,10.0,66.63,0.565,0.7232,LOCAL
6198,"Day 5, 07:18",31.14,5.0,55.66,7.62,9,-59.7,10.0,66.04,0.7556,0.7163,LOCAL
6199,"Day 5, 07:19",29.56,5.0,42.67,2.79,6,-58.4,10.0,63.79,0.6075,0.5529,LOCAL
6200,"Day 5, 07:20",33.4,5.0,39.0,4.83,5,-60.8,10.0,61.25,0.5539,0.5606,LOCAL
6201,"Day 5, 07:21",33.3,5.0,38.98,4.49,7,-61.2,10.0,55.67,0.624,0.4709,LOCAL
6202,"Day 5, 07:22",34.36,5.0,52.48,9.11,7,-61.2,10.0,59.09,0.6697,0.634,LOCAL
6203,"Day 5, 07:23",36.16,5.0,39.53,3.61,3,-59.5,10.0,60.87,0.4816,0.5239,LOCAL
6204,"Day 5, 07:24",36.24,5.0,37.51,5.72,4,-58.2,10.0,59.91,0.5094,0.5616,LOCAL
6205,"Day 5, 07:25",34.36,5.0,39.84,7.62,5,-61.0,10.0,57.93,0.5554,0.5799,LOCAL
6206,"Day 5, 07:26",33.69,5.0,49.65,8.34,7,-60.2,10.0,51.92,0.6607,0.5214,LOCAL
6207,"Day 5, 07:27",34.57,5.01,33.92,6.01,1,-63.1,12.7,47.2,0.3944,0.4211,LOCAL
6208,"Day 5, 07:28",38.59,5.0,61.29,9.68,10,-65.8,10.0,43.06,0.7992,0.4672,LOCAL
6209,"Day 5, 07:29",33.73,5.0,40.88,4.78,1,-65.1,10.0,42.52,0.42,0.34,LOCAL
6210,"Day 5, 07:30",36.14,5.0,50.54,8.68,6,-66.1,10.0,38.67,0.6252,0.4067,LOCAL
6211,"Day 5, 07:31",34.24,5.0,48.87,7.63,5,-65.6,10.0,42.31,0.5872,0.4095,LOCAL
6212,"Day 5, 07:32",38.51,5.0,53.96,5.42,9,-64.7,10.0,39.38,0.7386,0.3307,LOCAL
6213,"Day 5, 07:33",37.41,5.0,38.15,1.51,8,-63.7,10.0,37.78,0.6499,0.2208,LOCAL
6214,"Day 5, 07:34",39.53,5.0,59.19,7.74,10,-64.1,10.0,40.08,0.7904,0.3941,LOCAL
6215,"Day 5, 07:35",36.63,5.0,64.65,9.31,7,-66.5,10.0,39.88,0.7088,0.4318,LOCAL
6216,"Day 5, 07:36",37.52,5.0,43.27,1.05,5,-64.6,10.0,36.97,0.5627,0.2035,LOCAL
6217,"Day 5, 07:37",36.79,5.02,33.23,3.73,1,-66.7,10.0,37.28,0.3886,0.2727,LOCAL
6218,"Day 5, 07:38",37.13,5.02,32.71,3.79,7,-66.9,10.0,38.93,0.5963,0.2865,LOCAL
6219,"Day 5, 07:39",39.18,5.0,49.2,6.74,9,-67.9,10.0,41.86,0.7209,0.3835,LOCAL
6220,"Day 5, 07:40",41.88,5.03,36.06,3.42,2,-66.6,10.0,39.26,0.4259,0.2798,LOCAL
6221,"Day 5, 07:41",42.38,5.06,32.64,9.42,2,-67.2,10.0,36.08,0.4131,0.4064,LOCAL
6222,"Day 5, 07:42",42.44,5.08,27.83,2.08,7,-67.9,10.0,33.26,0.5711,0.2037,LOCAL
6223,"Day 5, 07:43",40.5,5.13,19.76,2.45,2,-69.5,10.7,32.09,0.3707,0.2075,LOCAL
6224,"Day 5, 07:44",39.86,5.15,20.22,2.04,6,-70.0,10.0,34.37,0.5132,0.21,LOCAL
6225,"Day 5, 07:45",40.85,5.18,23.3,5.1,4,-70.1,12.1,38.67,0.4525,0.3233,LOCAL
6226,"Day 5, 07:46",42.97,5.24,20.89,1.7,2,-71.8,10.3,36.47,0.3708,0.2171,LOCAL
6227,"Day 5, 07:47",41.97,5.3,17.7,4.97,1,-69.5,10.0,42.78,0.326,0.347,LOCAL
6228,"Day 5, 07:48",43.49,5.33,21.64,2.25,7,-69.2,10.0,42.61,0.5475,0.2775,LOCAL
6229,"Day 5, 07:49",43.72,5.35,26.53,4.45,6,-70.7,10.0,42.53,0.5292,0.3319,LOCAL
6230,"Day 5, 07:50",41.97,5.36,35.02,4.54,7,-69.6,10.0,46.34,0.5966,0.3683,LOCAL
6231,"Day 5, 07:51",43.12,5.37,39.77,6.86,4,-67.1,10.0,50.79,0.5065,0.4718,LOCAL
6232,"Day 5, 07:52",46.96,5.41,36.61,4.75,3,-65.5,10.0,52.29,0.4546,0.4359,LOCAL
6233,"Day 5, 07:53",47.06,5.39,59.42,8.96,9,-64.3,10.0,55.7,0.7443,0.583,LOCAL
6234,"Day 5, 07:54",46.26,5.36,65.83,8.31,7,-63.2,10.0,53.6,0.698,0.5404,LOCAL
6235,"Day 5, 07:55",43.9,5.36,43.5,2.03,8,-63.1,10.0,54.9,0.6584,0.3995,LOCAL
6236,"Day 5, 07:56",45.25,5.41,30.37,2.88,1,-65.2,10.0,52.65,0.3653,0.3933,LOCAL
6237,"Day 5, 07:57",45.08,5.45,31.47,9.79,3,-65.3,10.0,54.45,0.4394,0.5878,LOCAL
6238,"Day 5, 07:58",47.07,5.47,40.38,7.72,6,-64.9,10.0,51.6,0.5725,0.5022,LOCAL
6239,"Day 5, 07:59",45.78,5.49,39.85,5.43,5,-63.3,10.0,51.54,0.5376,0.4443,LOCAL
6240,"Day 5, 08:00",44.78,5.54,30.19,9.46,1,-65.7,10.3,55.79,0.3652,0.5976,LOCAL
6241,"Day 5, 08:01",48.81,5.55,34.76,3.25,9,-63.2,10.0,53.87,0.6551,0.4172,LOCAL
6242,"Day 5, 08:02",49.87,5.61,26.8,2.52,4,-63.1,10.0,55.21,0.4506,0.4156,LOCAL
6243,"Day 5, 08:03",47.71,5.68,21.05,4.39,2,-61.1,10.0,57.94,0.3636,0.4994,LOCAL
6244,"Day 5, 08:04",51.66,5.73,22.37,1.87,7,-59.4,10.0,51.78,0.5372,0.358,LOCAL
6245,"Day 5, 08:05",49.62,5.81,16.29,7.59,1,-59.2,10.0,49.12,0.3089,0.4721,LOCAL
6246,"Day 5, 08:06",48.73,5.89,17.91,5.2,1,-61.7,10.0,51.68,0.3158,0.4402,LOCAL
6247,"Day 5, 08:07",49.07,5.94,27.25,7.23,5,-62.0,10.0,51.2,0.4879,0.4856,LOCAL
6248,"Day 5, 08:08",50.67,5.97,28.47,3.62,8,-63.0,10.0,51.23,0.5947,0.3956,LOCAL
6249,"Day 5, 08:09",50.3,6.01,32.82,6.41,6,-61.3,10.0,46.46,0.5404,0.4162,LOCAL
6250,"Day 5, 08:10",52.35,6.09,26.03,2.29,2,-63.0,10.0,47.64,0.3734,0.3246,LOCAL
6251,"Day 5, 08:11",52.01,6.14,24.36,3.64,6,-61.5,10.0,51.54,0.508,0.3996,LOCAL
6252,"Day 5, 08:12",54.26,6.22,25.86,8.41,3,-61.6,10.0,53.41,0.4048,0.5406,LOCAL
6253,"Day 5, 08:13",49.65,6.29,22.68,4.12,1,-59.8,10.0,56.53,0.3305,0.4731,LOCAL
6254,"Day 5, 08:14",51.8,6.32,33.24,3.8,8,-61.2,10.0,53.01,0.6092,0.4205,LOCAL
6255,"Day 5, 08:15",50.21,6.3,59.52,8.78,10,-62.5,10.0,55.83,0.7735,0.5802,LOCAL
6256,"Day 5, 08:16",55.47,6.34,40.55,1.52,8,-62.6,10.0,51.25,0.6292,0.3434,LOCAL
6257,"Day 5, 08:17",55.69,6.39,39.73,6.02,4,-63.1,10.0,55.91,0.4859,0.5123,LOCAL
6258,"Day 5, 08:18",54.02,6.42,47.95,9.81,5,-64.7,10.0,50.67,0.5522,0.5442,LOCAL
6259,"Day 5, 08:19",52.65,6.47,40.4,8.45,3,-64.3,10.0,54.32,0.4577,0.5526,LOCAL
6260,"Day 5, 08:20",52.58,6.48,54.57,7.91,8,-66.4,10.0,54.48,0.6824,0.5412,LOCAL
6261,"Day 5, 08:21",54.23,6.55,35.67,2.08,1,-67.7,10.0,52.85,0.3687,0.3757,LOCAL
6262,"Day 5, 08:22",53.83,6.6,30.58,2.44,7,-66.3,10.0,49.26,0.5614,0.3448,LOCAL
6263,"Day 5, 08:23",53.24,6.68,22.24,4.02,2,-66.9,10.0,51.51,0.358,0.4088,LOCAL
6264,"Day 5, 08:24",55.27,6.73,36.48,7.84,6,-65.3,10.0,52.21,0.5447,0.5122,LOCAL
6265,"Day 5, 08:25",56.76,6.79,31.55,3.12,5,-63.3,10.0,49.8,0.4901,0.3675,LOCAL
6266,"Day 5, 08:26",55.82,6.87,26.73,5.2,2,-61.3,10.0,50.51,0.3695,0.4271,LOCAL
6267,"Day 5, 08:27",54.84,6.95,25.94,4.93,4,-64.2,10.1,45.92,0.4381,0.3742,LOCAL
6268,"Day 5, 08:28",59.08,7.06,18.02,6.58,1,-65.3,10.0,48.52,0.2989,0.4408,LOCAL
6269,"Day 5, 08:29",57.85,7.16,14.45,1.27,2,-66.1,10.0,48.89,0.3231,0.3118,LOCAL
6270,"Day 5, 08:30",58.88,7.27,14.93,6.83,2,-68.3,10.0,49.08,0.323,0.4528,LOCAL
6271,"Day 5, 08:31",59.57,7.35,17.63,2.6,7,-67.4,10.0,53.38,0.5063,0.395,LOCAL
6272,"Day 5, 08:32",59.99,7.4,35.88,6.44,9,-68.5,10.0,51.77,0.6395,0.4721,LOCAL
6273,"Day 5, 08:33",61.79,7.44,52.27,7.84,8,-66.8,10.0,53.91,0.6591,0.5324,LOCAL
6274,"Day 5, 08:34",56.98,7.46,56.67,8.43,6,-65.4,10.0,56.04,0.6117,0.5742,LOCAL
6275,"Day 5, 08:35",57.29,7.5,46.94,4.59,6,-65.3,10.0,50.51,0.5771,0.4119,LOCAL
6276,"Day 5, 08:36",58.14,7.52,50.07,5.13,9,-63.6,10.0,45.62,0.6917,0.3763,LOCAL
6277,"Day 5, 08:37",57.73,7.56,43.03,3.06,8,-62.8,10.0,42.89,0.6327,0.3001,LOCAL
6278,"Day 5, 08:38",63.06,7.61,45.98,4.59,8,-64.7,10.0,47.41,0.6349,0.3799,LOCAL
6279,"Day 5, 08:39",62.9,7.69,36.16,5.42,3,-63.0,10.0,49.57,0.4257,0.4226,LOCAL
6280,"Day 5, 08:40",63.99,7.72,58.89,8.42,10,-61.3,10.0,50.28,0.7486,0.5052,LOCAL
6281,"Day 5, 08:41",58.86,7.72,58.54,4.8,10,-59.7,10.0,50.06,0.755,0.4123,LOCAL
6282,"Day 5, 08:42",62.08,7.73,68.63,7.94,10,-59.1,10.0,47.19,0.7855,0.4615,LOCAL
6283,"Day 5, 08:43",62.47,7.75,64.68,7.31,7,-57.8,10.0,48.23,0.6661,0.456,LOCAL
6284,"Day 5, 08:44",64.58,7.84,48.51,4.91,1,-57.8,10.0,52.56,0.3962,0.443,LOCAL
6285,"Day 5, 08:45",63.52,7.85,68.1,9.25,10,-57.9,10.0,47.79,0.7813,0.5001,LOCAL
6286,"Day 5, 08:46",64.67,7.93,47.33,1.57,2,-56.3,10.0,51.97,0.4268,0.3527,LOCAL
6287,"Day 5, 08:47",60.9,7.97,46.24,6.68,7,-58.0,10.0,47.62,0.6035,0.4342,LOCAL
6288,"Day 5, 08:48",66.44,8.01,57.77,7.53,9,-59.7,10.0,46.6,0.7055,0.4456,LOCAL
6289,"Day 5, 08:49",65.5,8.06,50.49,4.92,8,-60.7,10.0,49.07,0.6464,0.4049,LOCAL
6290,"Day 5, 08:50",65.35,8.1,51.37,4.31,9,-61.0,10.0,51.85,0.6846,0.4198,LOCAL
6291,"Day 5, 08:51",66.94,8.19,43.26,8.08,2,-59.5,10.0,49.44,0.4087,0.4877,LOCAL
6292,"Day 5, 08:52",64.72,8.25,50.8,7.59,7,-58.6,10.0,52.89,0.6134,0.5138,LOCAL
6293,"Day 5, 08:53",65.06,8.33,41.79,4.96,4,-60.1,10.0,55.63,0.4762,0.4821,LOCAL
6294,"Day 5, 08:54",63.21,8.4,40.85,8.94,4,-58.8,10.0,52.01,0.4756,0.5374,LOCAL
6295,"Day 5, 08:55",64.8,8.49,33.71,3.4,5,-57.2,10.0,54.75,0.483,0.4318,LOCAL
6296,"Day 5, 08:56",67.55,8.59,28.47,1.2,5,-56.8,10.0,58.35,0.4604,0.4254,LOCAL
6297,"Day 5, 08:57",68.85,8.72,21.15,6.2,1,-57.6,10.0,57.34,0.2927,0.536,LOCAL
6298,"Day 5, 08:58",68.52,8.81,35.46,7.45,7,-59.9,10.0,56.69,0.5531,0.5585,LOCAL
6299,"Day 5, 08:59",67.12,8.92,27.76,3.22,2,-58.3,10.0,59.18,0.3531,0.4881,LOCAL
6300,"Day 5, 09:00",66.47,9.02,29.29,2.31,6,-58.4,10.0,60.54,0.4993,0.4862,LOCAL
6301,"Day 5, 09:01",67.27,9.11,30.51,3.89,6,-56.6,10.0,58.16,0.5022,0.4899,LOCAL
6302,"Day 5, 09:02",69.03,9.18,43.62,8.13,8,-56.5,10.0,55.76,0.6154,0.5631,LOCAL
6303,"Day 5, 09:03",66.92,9.25,44.19,6.65,5,-57.7,10.0,55.12,0.5154,0.5178,LOCAL
6304,"Day 5, 09:04",69.82,9.36,35.12,3.02,4,-59.0,10.0,55.41,0.4442,0.4308,LOCAL
6305,"Day 5, 09:05",66.7,9.48,25.95,1.26,1,-58.9,10.0,58.01,0.3116,0.422,LOCAL
6306,"Day 5, 09:06",69.72,9.61,22.34,2.03,3,-57.1,10.0,59.89,0.3642,0.469,LOCAL
6307,"Day 5, 09:07",72.15,9.7,32.84,4.42,8,-59.6,10.0,60.46,0.5722,0.5377,LOCAL
6308,"Day 5, 09:08",66.89,9.81,22.47,1.07,5,-62.0,10.0,62.54,0.4386,0.488,LOCAL
6309,"Day 5, 09:09",70.51,9.95,16.03,2.4,1,-63.1,10.0,63.29,0.2704,0.5343,LOCAL
6310,"Day 5, 09:10",68.64,10.1,14.33,3.56,1,-61.7,10.0,65.25,0.2671,0.5993,LOCAL
6311,"Day 5, 09:11",69.78,10.2,29.84,6.59,6,-59.8,10.0,67.37,0.4945,0.7178,LOCAL
6312,"Day 5, 09:12",70.75,10.26,52.46,9.85,8,-62.1,10.0,67.68,0.6421,0.8059,LOCAL
6313,"Day 5, 09:13",71.62,10.36,45.73,8.94,3,-62.4,10.0,61.02,0.4421,0.6595,LOCAL
6314,"Day 5, 09:14",69.75,10.44,45.43,7.66,5,-61.6,10.0,54.79,0.5137,0.5388,LOCAL
6315,"Day 5, 09:15",70.42,10.49,52.77,5.31,10,-62.6,10.0,56.59,0.7133,0.5036,LOCAL
6316,"Day 5, 09:16",70.93,10.61,38.17,3.24,1,-63.8,10.3,53.24,0.3463,0.41,LOCAL
6317,"Day 5, 09:17",70.99,10.72,35.87,3.81,4,-62.1,10.0,48.28,0.443,0.369,LOCAL
6318,"Day 5, 09:18",74.71,10.83,31.56,3.44,7,-63.1,10.0,50.31,0.5271,0.381,LOCAL
6319,"Day 5, 09:19",75.34,10.95,32.29,7.25,5,-64.1,10.0,49.84,0.4586,0.4712,LOCAL
6320,"Day 5, 09:20",74.87,11.05,29.2,1.95,9,-65.0,10.0,49.49,0.5883,0.335,LOCAL
6321,"Day 5, 09:21",73.87,11.12,41.86,4.88,10,-63.2,10.0,46.99,0.669,0.383,LOCAL
6322,"Day 5, 09:22",71.25,11.24,34.33,4.11,2,-61.9,10.0,51.61,0.3664,0.4121,LOCAL
6323,"Day 5, 09:23",76.1,11.32,48.35,5.77,9,-62.4,10.0,53.96,0.6531,0.4812,LOCAL
6324,"Day 5, 09:24",71.28,11.37,55.4,5.58,10,-62.2,10.0,50.88,0.7199,0.4408,LOCAL
6325,"Day 5, 09:25",76.26,11.45,42.83,1.27,10,-62.5,10.0,52.98,0.6684,0.3569,LOCAL
6326,"Day 5, 09:26",74.09,11.59,29.13,2.97,2,-60.9,10.0,57.36,0.3434,0.4556,LOCAL
6327,"Day 5, 09:27",74.58,11.73,24.09,5.05,2,-61.2,10.0,57.76,0.3248,0.5132,LOCAL
6328,"Day 5, 09:28",77.58,11.86,27.34,3.76,5,-59.5,10.0,58.03,0.4365,0.4848,LOCAL
6329,"Day 5, 09:29",75.58,12.0,26.95,3.21,4,-60.8,10.0,56.48,0.403,0.4495,LOCAL
6330,"Day 5, 09:30",75.91,12.14,20.51,1.66,3,-61.7,10.0,52.38,0.3447,0.3597,LOCAL
6331,"Day 5, 09:31",75.05,12.25,30.23,4.59,7,-64.2,10.0,51.13,0.5199,0.4188,LOCAL
6332,"Day 5, 09:32",77.53,12.34,42.69,5.45,10,-62.8,10.0,48.83,0.6646,0.4157,LOCAL
6333,"Day 5, 09:33",78.26,12.42,47.53,4.78,10,-65.5,10.0,44.56,0.6803,0.3578,LOCAL
6334,"Day 5, 09:34",76.0,12.5,52.09,6.34,8,-67.8,10.0,42.51,0.6296,0.379,LOCAL
6335,"Day 5, 09:35",76.22,12.57,60.39,8.92,8,-68.4,10.5,42.52,0.6582,0.4449,LOCAL
6336,"Day 5, 09:36",75.5,12.67,46.97,4.93,4,-70.5,10.0,40.19,0.4721,0.3248,LOCAL
6337,"Day 5, 09:37",79.69,12.82,33.25,8.16,1,-67.7,10.0,41.17,0.3126,0.4133,LOCAL
6338,"Day 5, 09:38",79.3,12.95,38.17,9.25,4,-66.3,12.2,44.82,0.4352,0.4781,LOCAL
6339,"Day 5, 09:39",74.77,13.02,51.27,6.69,9,-67.5,10.0,48.3,0.6628,0.4413,LOCAL
6340,"Day 5, 09:40",78.07,13.16,34.89,7.04,2,-67.0,10.0,49.52,0.3553,0.4626,LOCAL
6341,"Day 5, 09:41",76.58,13.27,38.07,4.63,6,-66.2,10.0,50.39,0.5085,0.4117,LOCAL
6342,"Day 5, 09:42",81.1,13.43,30.32,8.98,1,-67.1,10.0,53.07,0.2993,0.5508,LOCAL
6343,"Day 5, 09:43",75.58,13.56,27.53,4.44,3,-66.5,10.0,48.19,0.3676,0.3839,LOCAL
6344,"Day 5, 09:44",75.91,13.69,30.53,5.79,4,-64.2,10.0,49.42,0.4124,0.4303,LOCAL
6345,"Day 5, 09:45",76.93,13.81,26.56,1.59,8,-64.7,10.0,46.56,0.5368,0.2967,LOCAL
6346,"Day 5, 09:46",77.69,13.96,19.96,3.14,4,-62.4,10.0,45.87,0.3724,0.3288,LOCAL
6347,"Day 5, 09:47",81.97,14.13,20.77,7.17,1,-63.8,10.0,48.92,0.2635,0.4596,LOCAL
6348,"Day 5, 09:48",80.29,14.22,48.26,8.11,10,-62.3,10.0,52.7,0.6771,0.5246,LOCAL
6349,"Day 5, 09:49",82.82,14.36,38.47,5.71,3,-62.7,10.0,49.67,0.3939,0.4309,LOCAL
6350,"Day 5, 09:50",77.42,14.51,28.76,3.25,2,-61.7,10.0,54.26,0.3328,0.422,LOCAL
6351,"Day 5, 09:51",82.59,14.65,26.45,1.01,6,-63.7,10.0,57.78,0.4567,0.4125,LOCAL
6352,"Day 5, 09:52",82.23,14.79,29.44,4.77,6,-65.5,10.0,54.97,0.4675,0.4688,LOCAL
6353,"Day 5, 09:53",80.65,14.9,29.93,3.3,10,-65.8,10.8,54.13,0.6114,0.4238,LOCAL
6354,"Day 5, 09:54",83.93,15.01,43.97,6.01,9,-64.5,10.0,54.33,0.6205,0.4919,LOCAL
6355,"Day 5, 09:55",80.24,15.12,39.45,3.32,7,-65.8,10.9,53.47,0.54,0.4166,LOCAL
6356,"Day 5, 09:56",82.6,15.23,48.52,6.36,8,-64.6,10.0,57.33,0.6031,0.54,LOCAL
6357,"Day 5, 09:57",83.32,15.34,48.37,5.06,7,-65.7,10.0,51.36,0.5663,0.4331,LOCAL
6358,"Day 5, 09:58",83.03,15.46,41.11,2.63,7,-64.5,10.0,51.02,0.5412,0.3685,LOCAL
6359,"Day 5, 09:59",80.75,15.56,47.67,5.0,8,-63.1,10.0,46.55,0.6024,0.3818,LOCAL
6360,"Day 5, 10:00",79.29,15.66,48.29,7.9,5,-65.2,10.0,46.09,0.5016,0.4499,LOCAL
6361,"Day 5, 10:01",84.77,15.81,39.28,6.48,3,-64.7,10.0,42.88,0.3916,0.3856,LOCAL
6362,"Day 5, 10:02",81.9,15.97,31.94,9.91,2,-65.2,10.0,43.04,0.335,0.4728,LOCAL
6363,"Day 5, 10:03",81.32,16.09,30.25,1.83,9,-65.9,10.0,43.26,0.5748,0.2726,LOCAL
6364,"Day 5, 10:04",82.05,16.24,31.08,5.72,3,-66.0,10.0,44.56,0.3664,0.3813,LOCAL
6365,"Day 5, 10:05",85.25,16.37,36.39,4.72,7,-66.2,10.7,50.3,0.5199,0.4149,LOCAL
6366,"Day 5, 10:06",81.6,16.51,37.1,8.4,3,-65.1,10.0,53.03,0.3877,0.5358,LOCAL
6367,"Day 5, 10:07",83.52,16.66,26.78,1.49,6,-66.4,10.0,52.44,0.4535,0.3562,LOCAL
6368,"Day 5, 10:08",85.25,16.79,41.07,8.68,6,-68.1,10.3,51.28,0.5007,0.5234,LOCAL
6369,"Day 5, 10:09",86.12,16.94,35.79,4.94,4,-66.4,10.0,47.55,0.4107,0.39,LOCAL
6370,"Day 5, 10:10",86.63,17.04,48.73,6.0,10,-67.8,10.0,44.57,0.665,0.3884,LOCAL
6371,"Day 5, 10:11",86.63,17.14,54.68,6.4,10,-68.8,10.2,40.61,0.6857,0.3655,LOCAL
6372,"Day 5, 10:12",83.64,17.26,44.76,4.56,6,-69.5,10.0,46.72,0.5153,0.3724,LOCAL
6373,"Day 5, 10:13",82.06,17.41,36.04,5.47,2,-66.8,10.0,49.77,0.3469,0.4259,LOCAL
6374,"Day 5, 10:14",86.96,17.53,43.78,5.79,9,-67.3,10.0,48.21,0.6115,0.4178,LOCAL
6375,"Day 5, 10:15",85.4,17.69,32.34,3.23,2,-65.0,10.0,46.03,0.3286,0.3326,LOCAL
6376,"Day 5, 10:16",84.67,17.78,54.99,7.69,10,-65.7,10.0,46.56,0.6888,0.4491,LOCAL
6377,"Day 5, 10:17",83.67,17.93,41.2,3.77,3,-67.7,10.0,44.05,0.3968,0.328,LOCAL
6378,"Day 5, 10:18",86.44,18.1,30.92,4.91,1,-65.5,10.0,47.92,0.2864,0.3929,LOCAL
6379,"Day 5, 10:19",85.72,18.28,26.08,7.71,1,-67.7,10.0,43.95,0.2703,0.4256,LOCAL
6380,"Day 5, 10:20",86.92,18.44,34.13,7.74,4,-65.4,10.0,42.72,0.4014,0.4157,LOCAL
6381,"Day 5, 10:21",86.29,18.53,52.17,6.42,10,-65.6,10.0,47.92,0.6753,0.4306,LOCAL
6382,"Day 5, 10:22",87.04,18.66,53.8,7.26,5,-67.4,10.0,49.25,0.5047,0.4652,LOCAL
6383,"Day 5, 10:23",83.87,18.74,64.61,9.31,8,-66.6,10.0,47.39,0.6522,0.4977,LOCAL
6384,"Day 5, 10:24",85.98,18.85,63.48,7.72,6,-67.5,10.0,45.14,0.575,0.4366,LOCAL
6385,"Day 5, 10:25",88.77,18.97,56.36,7.78,6,-69.0,10.0,46.49,0.5456,0.4507,LOCAL
6386,"Day 5, 10:26",86.67,19.14,35.04,4.58,1,-68.0,10.0,46.05,0.2989,0.3665,LOCAL
6387,"Day 5, 10:27",88.9,19.28,38.06,5.77,6,-69.8,10.0,45.08,0.4809,0.3873,LOCAL
6388,"Day 5, 10:28",87.43,19.47,24.16,5.02,1,-68.1,10.0,47.71,0.2592,0.3935,LOCAL
6389,"Day 5, 10:29",84.76,19.6,36.37,6.4,8,-69.4,10.0,43.67,0.5507,0.3905,LOCAL
6390,"Day 5, 10:30",90.18,19.76,28.72,1.43,5,-68.9,10.0,45.89,0.4106,0.2863,LOCAL
6391,"Day 5, 10:31",90.75,19.92,27.87,3.26,8,-70.3,10.0,46.26,0.5115,0.3355,LOCAL
6392,"Day 5, 10:32",86.9,20.04,47.8,9.95,7,-69.7,10.0,49.37,0.5519,0.5338,LOCAL
6393,"Day 5, 10:33",85.26,20.14,56.18,7.83,8,-69.7,12.3,51.06,0.6185,0.5056,LOCAL
6394,"Day 5, 10:34",89.76,20.22,75.33,9.39,10,-69.0,10.0,51.23,0.7487,0.5399,LOCAL
6395,"Day 5, 10:35",88.47,20.32,69.51,8.58,6,-70.8,14.1,51.86,0.5901,0.5383,LOCAL
6396,"Day 5, 10:36",86.17,20.44,58.18,7.52,4,-71.3,11.8,50.49,0.4837,0.4902,LOCAL
6397,"Day 5, 10:37",90.7,20.58,50.05,4.72,5,-72.4,10.1,51.81,0.4832,0.4298,LOCAL
6398,"Day 5, 10:38",86.09,20.75,36.76,8.11,1,-69.4,10.0,52.98,0.3034,0.528,LOCAL
6399,"Day 5, 10:39",91.05,20.9,36.34,3.07,6,-71.0,10.0,49.42,0.4693,0.3623,LOCAL
6400,"Day 5, 10:40",86.47,20.99,60.26,9.12,10,-70.4,10.0,49.82,0.6997,0.5177,LOCAL
6401,"Day 5, 10:41",87.95,21.14,41.53,2.11,4,-69.9,10.0,46.12,0.4217,0.3055,LOCAL
6402,"Day 5, 10:42",89.03,21.31,32.47,3.36,4,-70.9,10.6,49.73,0.3881,0.3747,LOCAL
6403,"Day 5, 10:43",89.35,21.48,27.92,3.47,3,-71.8,10.0,47.65,0.3365,0.3542,LOCAL
6404,"Day 5, 10:44",91.07,21.64,31.28,4.58,7,-72.3,10.0,48.75,0.4854,0.393,LOCAL
6405,"Day 5, 10:45",92.75,21.79,39.45,6.47,7,-69.2,13.1,44.92,0.5113,0.4121,LOCAL
6406,"Day 5, 10:46",87.53,21.97,24.86,2.63,2,-66.3,10.0,50.35,0.2928,0.3611,LOCAL
6407,"Day 5, 10:47",89.41,22.17,22.07,8.13,1,-67.1,10.0,51.74,0.2449,0.5142,LOCAL
6408,"Day 5, 10:48",92.23,22.31,34.51,4.64,10,-69.4,10.0,46.58,0.599,0.3731,LOCAL
6409,"Day 5, 10:49",91.89,22.46,44.85,8.27,6,-70.7,10.0,42.78,0.4954,0.4295,LOCAL
6410,"Day 5, 10:50",92.29,22.6,42.93,4.61,7,-70.1,10.0,43.02,0.5229,0.3401,LOCAL
6411,"Day 5, 10:51",89.62,22.73,50.63,7.51,7,-68.1,10.0,46.35,0.5537,0.4427,LOCAL
6412,"Day 5, 10:52",91.38,22.85,48.69,4.71,9,-65.5,11.0,49.09,0.6141,0.4026,LOCAL
6413,"Day 5, 10:53",93.57,23.03,41.09,9.17,2,-63.3,10.0,50.67,0.3389,0.5282,LOCAL
6414,"Day 5, 10:54",93.27,23.23,27.54,1.54,1,-63.3,10.0,45.67,0.2567,0.287,LOCAL
6415,"Day 5, 10:55",94.12,23.42,27.94,7.9,2,-62.8,10.0,48.95,0.2915,0.4781,LOCAL
6416,"Day 5, 10:56",89.18,23.61,28.92,8.39,2,-62.1,10.0,53.94,0.302,0.5466,LOCAL
6417,"Day 5, 10:57",91.71,23.74,46.63,7.77,8,-61.9,10.0,50.56,0.57,0.492,LOCAL
6418,"Day 5, 10:58",90.94,23.9,45.48,7.46,3,-62.6,10.0,49.04,0.3919,0.468,LOCAL
6419,"Day 5, 10:59",94.57,24.09,31.06,1.37,1,-60.7,10.0,51.68,0.2657,0.3444,LOCAL
6420,"Day 5, 11:00",89.77,24.24,29.41,2.51,9,-61.3,10.0,47.11,0.5469,0.3249,LOCAL
6421,"Day 5, 11:01",92.82,24.44,24.86,2.13,2,-62.0,10.0,49.9,0.2811,0.3438,LOCAL
6422,"Day 5, 11:02",92.57,24.6,30.33,3.96,7,-61.1,10.0,49.08,0.4754,0.3809,LOCAL
6423,"Day 5, 11:03",93.43,24.8,27.49,5.0,2,-60.7,10.0,47.39,0.2889,0.3899,LOCAL
6424,"Day 5, 11:04",92.36,24.95,40.02,6.67,7,-61.6,10.0,43.68,0.5091,0.3973,LOCAL
6425,"Day 5, 11:05",90.46,25.12,33.79,5.9,2,-60.2,10.0,48.07,0.3149,0.4192,LOCAL
6426,"Day 5, 11:06",91.65,25.29,38.0,7.61,4,-59.3,10.0,47.12,0.3976,0.4525,LOCAL
6427,"Day 5, 11:07",90.78,25.48,26.46,1.9,1,-60.2,10.0,48.56,0.2532,0.3241,LOCAL
6428,"Day 5, 11:08",94.35,25.66,23.25,1.46,8,-61.8,10.0,45.11,0.4814,0.2798,LOCAL
6429,"Day 5, 11:09",94.69,25.8,43.87,7.27,9,-62.1,10.0,43.82,0.5878,0.4135,LOCAL
6430,"Day 5, 11:10",92.18,25.92,49.1,4.72,10,-62.5,10.0,42.55,0.6447,0.3388,LOCAL
6431,"Day 5, 11:11",92.03,26.06,36.42,1.15,8,-60.9,10.0,44.21,0.5303,0.264,LOCAL
6432,"Day 5, 11:12",90.79,26.23,30.94,1.04,6,-62.2,10.0,41.49,0.4427,0.238,LOCAL
6433,"Day 5, 11:13",95.65,26.43,27.23,5.63,2,-62.0,10.0,41.29,0.2822,0.351,LOCAL
6434,"Day 5, 11:14",94.12,26.58,40.63,8.12,7,-64.0,10.0,41.25,0.5062,0.413,LOCAL
6435,"Day 5, 11:15",91.42,26.72,49.17,9.41,6,-66.4,10.6,45.82,0.5049,0.4868,LOCAL
6436,"Day 5, 11:16",92.07,26.89,39.19,4.48,4,-67.3,10.0,41.99,0.3987,0.3281,LOCAL
6437,"Day 5, 11:17",93.23,27.08,30.95,4.65,1,-67.4,10.0,40.78,0.2628,0.3224,LOCAL
6438,"Day 5, 11:18",91.99,27.23,30.97,3.98,9,-65.7,10.0,40.06,0.5446,0.3,LOCAL
6439,"Day 5, 11:19",94.62,27.43,24.1,1.95,2,-65.9,10.0,42.16,0.2713,0.2663,LOCAL
6440,"Day 5, 11:20",96.42,27.59,37.58,6.69,8,-67.2,10.0,43.97,0.5255,0.4003,LOCAL
6441,"Day 5, 11:21",94.64,27.74,40.57,4.46,9,-67.3,10.0,40.42,0.5734,0.3148,LOCAL
6442,"Day 5, 11:22",95.99,27.91,39.14,4.99,5,-66.1,10.0,44.68,0.4261,0.3641,LOCAL
6443,"Day 5, 11:23",94.25,28.07,46.79,9.07,5,-67.0,10.0,40.49,0.4553,0.4306,LOCAL
6444,"Day 5, 11:24",96.68,28.26,34.8,1.23,2,-67.0,10.0,42.39,0.3044,0.2502,LOCAL
6445,"Day 5, 11:25",92.09,28.38,50.29,6.12,10,-68.3,10.0,47.48,0.6453,0.4188,LOCAL
6446,"Day 5, 11:26",94.38,28.53,49.38,5.83,6,-68.8,10.0,52.72,0.4985,0.4678,LOCAL
6447,"Day 5, 11:27",96.17,28.63,70.07,9.06,10,-70.8,10.0,55.37,0.708,0.5813,LOCAL
6448,"Day 5, 11:28",94.36,28.76,61.52,6.1,6,-71.1,10.0,53.51,0.5406,0.4841,LOCAL
6449,"Day 5, 11:29",95.88,28.93,44.12,1.85,4,-68.1,10.0,53.64,0.4072,0.3794,LOCAL
6450,"Day 5, 11:30",96.67,29.06,53.57,6.78,9,-69.8,10.0,57.39,0.6139,0.5513,LOCAL
6451,"Day 5, 11:31",93.04,29.24,36.58,2.08,4,-70.9,10.0,60.34,0.3846,0.4773,LOCAL
6452,"Day 5, 11:32",95.38,29.42,31.06,1.83,4,-68.7,10.0,61.67,0.3615,0.4923,LOCAL
6453,"Day 5, 11:33",94.03,29.54,53.65,7.75,10,-67.5,10.0,60.6,0.6524,0.6231,LOCAL
6454,"Day 5, 11:34",92.67,29.69,46.37,3.49,6,-66.0,10.0,58.41,0.4888,0.4835,LOCAL
6455,"Day 5, 11:35",92.59,29.85,35.14,3.01,5,-67.8,10.0,54.65,0.4143,0.4208,LOCAL
6456,"Day 5, 11:36",91.99,29.99,40.85,3.47,10,-65.1,10.0,51.46,0.61,0.3945,LOCAL
6457,"Day 5, 11:37",92.16,30.13,43.43,4.56,6,-66.8,10.0,53.74,0.4786,0.4483,LOCAL
6458,"Day 5, 11:38",97.4,30.34,34.88,5.34,1,-66.7,10.0,52.76,0.2655,0.4561,LOCAL
6459,"Day 5, 11:39",96.47,30.51,32.07,2.46,7,-69.0,10.0,54.66,0.4668,0.4072,OFFLOAD
6460,"Day 5, 11:40",94.23,30.69,49.78,8.61,8,-66.2,10.0,49.06,0.5668,0.497,OFFLOAD
6461,"Day 5, 11:41",93.87,30.85,59.64,7.06,10,-64.1,10.0,46.23,0.6716,0.4303,OFFLOAD
6462,"Day 5, 11:42",93.97,31.02,51.37,2.53,10,-63.0,10.0,46.91,0.6423,0.3234,OFFLOAD
6463,"Day 5, 11:43",95.4,31.2,53.96,8.32,6,-61.8,10.0,48.1,0.509,0.48,LOCAL
6464,"Day 5, 11:44",97.07,31.36,47.16,5.04,5,-60.0,10.0,47.43,0.4474,0.3913,OFFLOAD
6465,"Day 5, 11:45",97.46,31.55,45.96,9.48,5,-59.7,10.0,48.42,0.4424,0.5122,LOCAL
6466,"Day 5, 11:46",93.56,31.69,40.89,3.04,9,-58.4,10.0,44.02,0.5702,0.3096,OFFLOAD
6467,"Day 5, 11:47",96.85,31.89,43.27,6.59,4,-59.0,10.0,47.82,0.3983,0.4339,LOCAL
6468,"Day 5, 11:48",92.97,32.02,54.38,9.83,7,-59.8,10.0,51.27,0.5478,0.5513,LOCAL
6469,"Day 5, 11:49",96.64,32.12,69.32,8.7,10,-59.4,10.0,53.25,0.6995,0.5459,OFFLOAD
6470,"Day 5, 11:50",97.46,32.3,60.27,5.58,7,-62.4,10.7,48.35,0.5613,0.4162,OFFLOAD
6471,"Day 5, 11:51",97.43,32.49,41.56,2.12,6,-61.4,11.4,52.66,0.4606,0.3784,OFFLOAD
6472,"Day 5, 11:52",95.23,32.7,30.36,9.57,1,-61.4,10.0,48.1,0.2494,0.5112,LOCAL
6473,"Day 5, 11:53",96.8,32.88,32.68,5.35,5,-63.7,10.0,48.03,0.3949,0.405,LOCAL
6474,"Day 5, 11:54",92.35,33.03,38.55,3.42,9,-62.7,10.0,49.05,0.5619,0.3672,OFFLOAD
6475,"Day 5, 11:55",95.52,33.22,42.59,8.58,6,-64.6,10.0,44.2,0.4659,0.4496,LOCAL
6476,"Day 5, 11:56",95.84,33.41,34.32,7.53,2,-66.9,10.0,43.67,0.2962,0.4187,LOCAL
6477,"Day 5, 11:57",95.69,33.59,33.63,5.02,4,-64.7,10.0,42.31,0.3638,0.3443,LOCAL
6478,"Day 5, 11:58",93.66,33.77,31.2,6.77,4,-64.6,10.0,47.43,0.3581,0.4346,LOCAL
6479,"Day 5, 11:59",92.75,33.9,49.52,7.33,9,-63.7,10.9,52.45,0.5984,0.5048,OFFLOAD
6480,"Day 5, 12:00",97.82,34.09,46.2,9.23,5,-61.6,10.3,50.51,0.4388,0.5286,LOCAL
6481,"Day 5, 12:01",95.95,34.25,32.04,1.07,9,-61.4,10.0,48.72,0.5318,0.305,OFFLOAD
6482,"Day 5, 12:02",94.41,34.45,36.98,3.46,10,-62.7,10.0,51.1,0.5861,0.3902,OFFLOAD
6483,"Day 5, 12:03",92.48,34.61,58.27,8.47,9,-62.6,10.0,49.31,0.6283,0.4961,LOCAL
6484,"Day 5, 12:04",92.91,34.77,43.96,4.3,4,-63.2,10.0,46.13,0.4023,0.3602,LOCAL
6485,"Day 5, 12:05",95.97,34.92,50.31,8.24,6,-62.4,10.0,46.79,0.4898,0.4651,LOCAL
6486,"Day 5, 12:06",95.69,35.1,42.81,8.1,3,-62.5,10.0,46.83,0.3587,0.462,LOCAL
6487,"Day 5, 12:07",94.19,35.23,54.83,9.66,7,-60.4,10.0,47.77,0.5428,0.5102,LOCAL
6488,"Day 5, 12:08",97.43,35.38,50.94,6.97,6,-59.3,10.0,45.96,0.4891,0.4255,OFFLOAD
6489,"Day 5, 12:09",92.19,35.54,60.55,5.96,10,-58.1,10.0,48.9,0.6703,0.4291,OFFLOAD
6490,"Day 5, 12:10",92.65,35.69,68.02,6.56,10,-57.7,10.0,48.53,0.6956,0.4404,LOCAL
6491,"Day 5, 12:11",93.47,35.84,44.2,1.14,6,-56.3,10.0,46.49,0.4707,0.2847,OFFLOAD
6492,"Day 5, 12:12",95.09,36.05,28.4,2.93,4,-58.9,10.0,50.34,0.3427,0.3686,LOCAL
6493,"Day 5, 12:13",93.0,36.23,30.47,7.93,3,-61.3,10.0,52.2,0.3178,0.5143,LOCAL
6494,"Day 5, 12:14",95.71,36.43,29.37,8.19,2,-61.7,10.0,53.11,0.2746,0.5315,LOCAL
6495,"Day 5, 12:15",97.5,36.63,28.02,8.83,3,-60.7,10.0,52.61,0.3019,0.5416,LOCAL
6496,"Day 5, 12:16",93.37,36.82,32.24,9.96,3,-60.5,10.0,48.38,0.3226,0.5238,LOCAL
6497,"Day 5, 12:17",96.92,37.04,21.92,3.0,1,-61.9,10.0,51.69,0.2108,0.3853,LOCAL
6498,"Day 5, 12:18",96.35,37.19,44.62,8.32,8,-62.0,10.0,53.36,0.5359,0.5377,LOCAL
6499,"Day 5, 12:19",95.23,37.38,33.19,6.79,2,-60.9,10.0,54.29,0.2873,0.5109,LOCAL
6500,"Day 5, 12:20",94.26,37.53,35.22,3.34,10,-60.5,10.0,56.25,0.5756,0.4498,OFFLOAD
6501,"Day 5, 12:21",92.32,37.73,26.92,2.27,4,-63.1,10.0,52.79,0.3392,0.3797,LOCAL
6502,"Day 5, 12:22",92.73,37.93,21.9,4.37,1,-63.0,10.0,49.58,0.2157,0.3965,LOCAL
6503,"Day 5, 12:23",91.71,38.14,20.12,9.46,1,-63.4,10.0,46.56,0.2107,0.4934,LOCAL
6504,"Day 5, 12:24",93.2,38.32,21.55,1.28,6,-62.4,10.0,46.75,0.3881,0.2907,OFFLOAD
6505,"Day 5, 12:25",96.49,38.54,28.02,7.08,4,-60.9,10.0,43.6,0.3355,0.4068,LOCAL
6506,"Day 5, 12:26",92.99,38.73,26.72,8.97,2,-61.4,10.0,40.68,0.2659,0.4297,LOCAL
6507,"Day 5, 12:27",97.29,38.91,38.46,9.76,5,-59.3,10.9,39.95,0.4053,0.4462,LOCAL
6508,"Day 5, 12:28",95.65,39.11,27.39,4.48,1,-58.2,10.0,45.8,0.2287,0.3616,LOCAL
6509,"Day 5, 12:29",95.85,39.32,25.82,8.24,1,-58.8,10.0,49.37,0.2226,0.491,LOCAL
6510,"Day 5, 12:30",94.27,39.51,26.23,4.32,4,-60.2,10.0,50.08,0.3311,0.4005,LOCAL
6511,"Day 5, 12:31",94.29,39.64,52.63,8.71,9,-59.9,10.0,48.54,0.5983,0.4942,OFFLOAD
6512,"Day 5, 12:32",95.78,39.84,39.78,3.73,2,-60.3,10.0,49.06,0.3058,0.3751,LOCAL
6513,"Day 5, 12:33",94.35,39.96,52.95,5.97,10,-61.0,10.0,53.47,0.6339,0.4803,OFFLOAD
6514,"Day 5, 12:34",95.72,40.14,50.43,8.75,4,-61.5,10.0,49.65,0.4127,0.5066,LOCAL
6515,"Day 5, 12:35",95.37,40.26,55.6,5.66,10,-63.6,10.0,49.04,0.6411,0.423,OFFLOAD
6516,"Day 5, 12:36",91.33,40.44,41.28,1.4,7,-65.7,10.0,44.34,0.4918,0.2714,OFFLOAD
6517,"Day 5, 12:37",91.86,40.63,35.91,2.77,5,-64.6,10.0,41.24,0.4019,0.2791,OFFLOAD
6518,"Day 5, 12:38",96.56,40.84,32.69,7.77,3,-64.5,10.0,41.0,0.3133,0.4022,LOCAL
6519,"Day 5, 12:39",92.43,40.99,29.54,2.64,10,-64.9,10.0,42.01,0.5533,0.2822,OFFLOAD
6520,"Day 5, 12:40",91.11,41.19,25.94,1.84,10,-62.9,10.0,46.79,0.5423,0.3051,LOCAL
6521,"Day 5, 12:41",92.29,41.33,39.56,5.28,9,-65.5,10.0,44.53,0.553,0.3701,OFFLOAD
6522,"Day 5, 12:42",95.05,41.52,36.3,9.62,2,-66.3,10.0,46.39,0.2922,0.4958,LOCAL
6523,"Day 5, 12:43",94.61,41.73,27.43,4.87,1,-65.5,10.0,45.51,0.2265,0.3688,LOCAL
6524,"Day 5, 12:44",95.3,41.94,20.75,3.37,2,-63.2,10.0,45.32,0.2368,0.3295,LOCAL
6525,"Day 5, 12:45",93.96,42.14,20.5,3.0,3,-61.6,11.3,44.16,0.2726,0.3135,LOCAL
6526,"Day 5, 12:46",95.25,42.32,29.27,4.96,6,-62.7,10.0,48.14,0.4061,0.3964,LOCAL
6527,"Day 5, 12:47",94.18,42.53,22.81,3.95,1,-61.4,10.0,43.92,0.2098,0.3314,LOCAL
6528,"Day 5, 12:48",92.97,42.67,42.83,8.56,7,-64.2,10.0,44.39,0.4915,0.4508,LOCAL
6529,"Day 5, 12:49",94.2,42.84,32.68,1.33,6,-64.7,10.0,45.02,0.4188,0.2758,OFFLOAD
6530,"Day 5, 12:50",91.7,43.05,24.75,8.29,1,-65.2,10.0,45.18,0.2195,0.4512,LOCAL
6531,"Day 5, 12:51",93.57,43.25,22.67,6.17,2,-65.2,10.0,49.6,0.2441,0.4416,LOCAL
6532,"Day 5, 12:52",93.15,43.46,20.16,8.44,1,-63.5,10.0,50.49,0.2006,0.508,LOCAL
6533,"Day 5, 12:53",94.85,43.59,50.1,9.06,10,-63.8,10.0,46.91,0.6177,0.4868,OFFLOAD
6534,"Day 5, 12:54",94.46,43.77,45.69,9.49,3,-63.5,10.0,49.53,0.3576,0.5239,LOCAL
6535,"Day 5, 12:55",94.71,43.95,39.81,9.95,2,-65.0,10.0,47.48,0.3014,0.5146,LOCAL
6536,"Day 5, 12:56",89.76,44.11,39.61,8.25,4,-64.8,10.0,48.08,0.3778,0.4781,LOCAL
6537,"Day 5, 12:57",94.98,44.23,57.42,7.88,9,-65.5,10.0,48.3,0.6071,0.4709,OFFLOAD
6538,"Day 5, 12:58",92.17,44.41,47.5,3.43,10,-67.3,10.0,45.37,0.6114,0.3315,OFFLOAD
6539,"Day 5, 12:59",90.22,44.59,38.36,8.79,2,-65.6,10.0,49.53,0.302,0.5065,LOCAL
6540,"Day 5, 13:00",90.35,44.72,44.52,6.27,8,-64.9,10.0,49.7,0.5332,0.4452,OFFLOAD
6541,"Day 5, 13:01",90.21,44.86,65.17,9.04,9,-64.7,10.1,51.04,0.6405,0.5293,OFFLOAD
6542,"Day 5, 13:02",93.75,45.05,44.61,9.3,2,-65.0,10.0,50.46,0.3179,0.5292,LOCAL
6543,"Day 5, 13:03",93.8,45.16,58.68,6.73,10,-62.9,10.0,55.24,0.6469,0.5213,LOCAL
6544,"Day 5, 13:04",88.91,45.31,44.52,2.42,4,-61.3,10.0,56.29,0.3945,0.4273,LOCAL
6545,"Day 5, 13:05",88.6,45.43,45.56,5.01,9,-61.3,10.0,50.48,0.5734,0.4221,OFFLOAD
6546,"Day 5, 13:06",93.72,45.62,34.2,1.34,3,-60.0,10.0,55.21,0.3157,0.3862,LOCAL
6547,"Day 5, 13:07",88.88,45.76,45.45,7.93,6,-60.2,10.0,49.62,0.4671,0.4859,LOCAL
6548,"Day 5, 13:08",88.64,45.88,50.12,6.15,8,-58.8,10.0,50.86,0.5536,0.4548,OFFLOAD
6549,"Day 5, 13:09",91.54,46.07,35.96,1.64,5,-57.2,10.0,47.32,0.3945,0.3053,OFFLOAD
6550,"Day 5, 13:10",88.13,46.25,30.53,1.53,10,-56.3,10.0,47.32,0.5553,0.3025,OFFLOAD
6551,"Day 5, 13:11",89.61,46.43,36.65,4.9,10,-57.3,10.0,44.22,0.5742,0.3578,OFFLOAD
6552,"Day 5, 13:12",88.29,46.63,25.62,4.46,1,-57.5,10.0,47.98,0.2223,0.3822,LOCAL
6553,"Day 5, 13:13",90.84,46.75,46.45,8.13,9,-58.0,10.0,44.88,0.5712,0.4444,OFFLOAD
6554,"Day 5, 13:14",92.68,46.93,47.87,4.88,8,-59.2,10.0,48.31,0.5381,0.3961,OFFLOAD
6555,"Day 5, 13:15",89.87,47.1,42.09,4.64,7,-60.5,10.0,49.7,0.4869,0.4045,OFFLOAD
6556,"Day 5, 13:16",89.9,47.28,35.85,6.72,3,-58.8,10.0,50.22,0.3247,0.462,LOCAL
6557,"Day 5, 13:17",86.94,47.38,56.72,9.19,9,-58.9,10.0,45.31,0.612,0.4749,OFFLOAD
6558,"Day 5, 13:18",90.52,47.54,57.91,7.58,6,-59.7,10.0,48.89,0.5056,0.4695,LOCAL
6559,"Day 5, 13:19",90.24,47.67,54.44,7.49,5,-60.5,10.0,47.87,0.4587,0.4569,LOCAL
6560,"Day 5, 13:20",91.56,47.8,42.96,2.84,9,-58.6,10.0,46.97,0.5563,0.3318,LOCAL
6561,"Day 5, 13:21",90.38,47.93,49.54,6.39,8,-58.7,10.0,43.63,0.5459,0.3898,OFFLOAD
6562,"Day 5, 13:22",90.95,48.11,42.39,7.57,3,-61.7,10.0,47.54,0.3448,0.4557,LOCAL
6563,"Day 5, 13:23",89.5,48.29,30.5,5.79,1,-59.9,10.0,51.06,0.2351,0.4479,LOCAL
6564,"Day 5, 13:24",86.91,48.43,40.59,7.43,6,-58.8,10.0,52.18,0.4491,0.5016,LOCAL
6565,"Day 5, 13:25",86.43,48.55,39.74,3.94,9,-60.7,10.0,56.35,0.5516,0.4661,LOCAL
6566,"Day 5, 13:26",88.45,48.67,46.62,5.64,8,-63.3,10.0,54.3,0.5375,0.4823,OFFLOAD
6567,"Day 5, 13:27",89.79,48.86,31.93,6.27,1,-64.4,10.2,51.05,0.2388,0.4605,LOCAL
6568,"Day 5, 13:28",89.8,49.05,25.51,4.91,1,-64.1,10.0,52.1,0.216,0.4377,LOCAL
6569,"Day 5, 13:29",84.97,49.21,22.64,2.41,5,-64.9,10.0,54.7,0.353,0.4064,LOCAL
6570,"Day 5, 13:30",86.08,49.36,31.26,7.03,6,-63.6,10.0,55.5,0.4162,0.5322,LOCAL
6571,"Day 5, 13:31",90.21,49.55,23.92,3.45,2,-65.1,10.0,55.92,0.2441,0.4481,LOCAL
6572,"Day 5, 13:32",86.69,49.66,55.65,9.87,8,-67.6,10.0,52.49,0.5703,0.5661,LOCAL
6573,"Day 5, 13:33",84.29,49.74,62.42,6.05,9,-65.3,11.1,48.79,0.6324,0.4334,OFFLOAD
6574,"Day 5, 13:34",87.3,49.9,49.56,4.44,4,-66.0,10.0,49.24,0.4077,0.3947,LOCAL
6575,"Day 5, 13:35",86.43,50.03,36.75,1.38,7,-63.7,10.0,48.97,0.4689,0.3154,OFFLOAD
6576,"Day 5, 13:36",89.34,50.21,38.33,3.16,10,-64.1,10.0,49.06,0.5748,0.3608,OFFLOAD
6577,"Day 5, 13:37",84.85,50.37,41.54,4.48,10,-61.9,10.0,50.67,0.5926,0.4109,OFFLOAD
6578,"Day 5, 13:38",84.77,50.55,31.91,2.5,6,-61.4,10.0,51.49,0.4187,0.3706,LOCAL
6579,"Day 5, 13:39",83.77,50.71,28.79,7.89,2,-63.6,10.0,51.77,0.2691,0.5084,LOCAL
6580,"Day 5, 13:40",84.54,50.82,47.79,9.76,7,-65.3,10.0,47.97,0.5092,0.5146,LOCAL
6581,"Day 5, 13:41",84.46,50.95,48.61,9.18,5,-66.2,10.0,51.68,0.442,0.5397,LOCAL
6582,"Day 5, 13:42",83.65,51.06,55.04,8.56,6,-66.6,10.0,51.59,0.5006,0.5231,LOCAL
6583,"Day 5, 13:43",83.38,51.17,56.63,9.71,4,-65.5,10.0,48.66,0.4364,0.5204,LOCAL
6584,"Day 5, 13:44",83.41,51.31,43.01,8.47,2,-65.6,10.0,48.66,0.3184,0.4894,LOCAL
6585,"Day 5, 13:45",82.42,51.43,43.36,6.18,6,-64.3,10.0,49.26,0.461,0.4383,LOCAL
6586,"Day 5, 13:46",87.71,51.54,48.0,4.5,10,-63.3,10.0,53.07,0.6091,0.4387,OFFLOAD
6587,"Day 5, 13:47",81.95,51.69,43.2,4.78,4,-63.2,10.0,53.58,0.3907,0.4519,LOCAL
6588,"Day 5, 13:48",83.34,51.85,31.16,7.15,2,-63.6,10.0,52.66,0.2763,0.5002,LOCAL
6589,"Day 5, 13:49",86.51,51.98,35.77,4.88,8,-61.7,10.1,49.56,0.4974,0.4092,OFFLOAD
6590,"Day 5, 13:50",87.06,52.18,23.89,1.39,3,-59.6,10.0,52.35,0.2798,0.3526,LOCAL
6591,"Day 5, 13:51",86.18,52.28,49.2,9.81,9,-61.3,10.0,54.33,0.5795,0.5869,LOCAL
6592,"Day 5, 13:52",82.53,52.42,40.12,6.49,4,-59.8,10.0,55.62,0.378,0.5203,LOCAL
6593,"Day 5, 13:53",82.94,52.51,55.59,9.51,8,-60.7,10.0,50.56,0.5714,0.5354,LOCAL
6594,"Day 5, 13:54",81.51,52.65,42.24,8.09,2,-59.7,10.0,54.18,0.3166,0.5419,LOCAL
6595,"Day 5, 13:55",80.73,52.76,49.72,7.88,6,-57.9,10.0,56.55,0.4838,0.5673,LOCAL
6596,"Day 5, 13:56",82.34,52.85,59.05,9.39,7,-60.6,10.0,51.97,0.5489,0.5482,LOCAL
6597,"Day 5, 13:57",85.72,52.92,69.73,7.64,10,-61.5,10.0,56.62,0.6861,0.5623,OFFLOAD
6598,"Day 5, 13:58",81.48,53.04,62.99,5.24,8,-63.8,10.0,55.65,0.5987,0.4894,LOCAL
6599,"Day 5, 13:59",83.6,53.18,45.8,5.46,3,-66.3,10.0,58.19,0.3601,0.5296,LOCAL
6600,"Day 5, 14:00",80.34,53.29,36.74,1.69,8,-65.0,10.0,60.19,0.5081,0.4651,LOCAL
6601,"Day 5, 14:01",82.96,53.39,49.38,8.11,8,-63.1,10.0,59.02,0.5483,0.6079,LOCAL
6602,"Day 5, 14:02",81.73,53.5,52.25,7.96,6,-61.2,10.5,61.57,0.49,0.6455,LOCAL
6603,"Day 5, 14:03",80.62,53.65,38.8,8.24,1,-60.4,10.0,64.57,0.2694,0.7034,LOCAL
6604,"Day 5, 14:04",83.09,53.78,34.56,5.72,5,-59.0,10.0,62.45,0.3907,0.6027,LOCAL
6605,"Day 5, 14:05",81.68,53.94,28.86,3.12,3,-59.9,10.0,56.58,0.3026,0.4487,LOCAL
6606,"Day 5, 14:06",81.87,54.02,53.49,7.97,10,-60.9,10.0,59.25,0.6334,0.6079,LOCAL
6607,"Day 5, 14:07",79.14,54.1,61.39,9.97,7,-62.2,10.0,57.78,0.56,0.6365,LOCAL
6608,"Day 5, 14:08",78.25,54.17,62.85,6.14,9,-63.2,10.0,52.06,0.6363,0.468,OFFLOAD
6609,"Day 5, 14:09",81.12,54.31,46.93,8.06,2,-62.4,10.0,48.55,0.3311,0.478,LOCAL
6610,"Day 5, 14:10",81.28,54.42,40.82,4.16,8,-60.4,10.0,43.9,0.5193,0.3364,OFFLOAD
6611,"Day 5, 14:11",80.05,54.57,36.89,7.98,3,-59.3,10.0,46.46,0.3322,0.4554,LOCAL
6612,"Day 5, 14:12",77.97,54.64,56.91,8.25,9,-60.4,10.0,45.67,0.6153,0.4547,OFFLOAD
6613,"Day 5, 14:13",80.67,54.76,59.22,9.91,5,-62.2,10.0,48.94,0.4791,0.5283,LOCAL
6614,"Day 5, 14:14",81.23,54.82,75.64,8.49,10,-61.1,10.0,45.96,0.7107,0.4634,OFFLOAD
6615,"Day 5, 14:15",79.7,54.93,65.84,4.87,10,-63.0,10.0,49.04,0.6785,0.4033,OFFLOAD
6616,"Day 5, 14:16",77.94,55.05,51.86,6.12,5,-63.1,10.0,51.3,0.457,0.4589,LOCAL
6617,"Day 5, 14:17",75.92,55.16,36.43,2.24,6,-64.3,10.0,55.93,0.4409,0.418,LOCAL
6618,"Day 5, 14:18",76.46,55.32,22.46,5.13,1,-63.1,10.0,50.49,0.2159,0.4252,LOCAL
6619,"Day 5, 14:19",80.1,55.41,46.49,7.03,10,-65.6,10.0,50.9,0.6095,0.4771,OFFLOAD
6620,"Day 5, 14:20",76.96,55.54,40.69,4.84,6,-65.1,10.0,55.72,0.4536,0.4802,LOCAL
6621,"Day 5, 14:21",79.88,55.63,53.2,8.02,8,-64.2,10.0,56.36,0.5629,0.5682,LOCAL
6622,"Day 5, 14:22",80.06,55.71,52.47,4.44,10,-64.1,10.0,51.35,0.63,0.4175,LOCAL
6623,"Day 5, 14:23",78.82,55.82,42.99,2.8,7,-61.7,10.0,49.47,0.4935,0.356,OFFLOAD
6624,"Day 5, 14:24",74.3,55.95,38.77,7.46,3,-60.0,11.8,48.35,0.3453,0.466,LOCAL
6625,"Day 5, 14:25",77.2,56.1,28.4,8.61,1,-62.0,10.0,45.33,0.2345,0.4606,LOCAL
6626,"Day 5, 14:26",76.43,56.23,30.45,7.1,3,-62.1,10.0,49.31,0.3126,0.4618,LOCAL
6627,"Day 5, 14:27",77.15,56.39,24.29,5.02,1,-61.4,10.0,45.12,0.2197,0.3689,LOCAL
6628,"Day 5, 14:28",76.74,56.53,27.69,5.37,4,-59.9,10.0,50.78,0.337,0.4343,LOCAL
6629,"Day 5, 14:29",77.01,56.67,20.86,2.31,4,-59.8,10.0,49.95,0.3125,0.3489,LOCAL
6630,"Day 5, 14:30",74.76,56.8,29.82,9.22,4,-61.2,10.2,45.89,0.347,0.4815,LOCAL
6631,"Day 5, 14:31",77.04,56.93,28.03,2.52,4,-64.0,10.0,44.45,0.3371,0.3004,LOCAL
6632,"Day 5, 14:32",73.43,57.08,23.03,5.69,1,-63.1,10.0,41.83,0.2199,0.3571,LOCAL
6633,"Day 5, 14:33",77.38,57.18,42.29,9.97,6,-65.1,10.0,46.79,0.4562,0.5083,LOCAL
6634,"Day 5, 14:34",71.94,57.25,55.44,9.14,8,-65.2,10.0,49.89,0.5803,0.519,OFFLOAD
6635,"Day 5, 14:35",73.76,57.35,58.41,6.02,9,-63.6,10.0,53.39,0.6228,0.4806,OFFLOAD
6636,"Day 5, 14:36",72.3,57.44,61.49,8.0,8,-62.8,10.0,57.5,0.6006,0.5833,LOCAL
6637,"Day 5, 14:37",71.01,57.55,45.76,9.04,1,-62.3,10.0,60.15,0.3023,0.6482,LOCAL
6638,"Day 5, 14:38",71.73,57.66,40.6,9.01,3,-61.9,10.0,59.26,0.353,0.634,LOCAL
6639,"Day 5, 14:39",75.81,57.77,40.5,9.03,4,-64.2,10.0,60.78,0.3814,0.6579,LOCAL
6640,"Day 5, 14:40",72.04,57.86,37.55,3.2,7,-65.9,10.0,59.31,0.4816,0.4895,LOCAL
6641,"Day 5, 14:41",74.28,57.96,45.78,8.64,5,-65.8,10.0,53.47,0.4369,0.547,LOCAL
6642,"Day 5, 14:42",73.45,58.06,41.28,6.22,5,-67.5,10.0,54.09,0.4222,0.4941,LOCAL
6643,"Day 5, 14:43",69.25,58.17,34.95,6.35,3,-66.1,10.0,56.76,0.3362,0.5318,LOCAL
6644,"Day 5, 14:44",71.71,58.28,35.11,8.39,3,-68.3,10.0,57.04,0.3329,0.5867,LOCAL
6645,"Day 5, 14:45",70.85,58.41,31.07,7.94,1,-66.3,11.1,56.23,0.2499,0.5677,LOCAL
6646,"Day 5, 14:46",69.48,58.49,35.33,4.8,8,-67.0,10.0,56.26,0.5117,0.4864,LOCAL
6647,"Day 5, 14:47",69.55,58.55,54.44,9.04,8,-68.0,10.5,53.5,0.5784,0.5587,LOCAL
6648,"Day 5, 14:48",70.53,58.65,44.95,8.12,3,-67.8,10.0,54.94,0.3686,0.5523,LOCAL
6649,"Day 5, 14:49",73.23,58.74,42.01,4.83,6,-65.4,10.4,50.61,0.4591,0.4203,LOCAL
6650,"Day 5, 14:50",70.32,58.83,34.99,1.23,8,-65.5,10.0,51.13,0.5088,0.3348,OFFLOAD
6651,"Day 5, 14:51",72.3,58.94,46.71,7.81,6,-64.5,10.0,46.94,0.4766,0.4558,LOCAL
6652,"Day 5, 14:52",71.73,59.04,35.55,2.58,6,-65.7,10.0,45.23,0.4383,0.309,OFFLOAD
6653,"Day 5, 14:53",66.57,59.16,34.38,5.86,6,-64.3,10.0,42.86,0.4417,0.3699,OFFLOAD
6654,"Day 5, 14:54",68.52,59.25,54.92,7.28,10,-63.8,10.0,48.83,0.6506,0.4614,OFFLOAD
6655,"Day 5, 14:55",68.5,59.36,38.9,2.49,3,-64.4,10.0,52.56,0.3494,0.3825,LOCAL
6656,"Day 5, 14:56",66.42,59.42,45.98,6.79,8,-64.7,10.0,50.76,0.5522,0.4696,LOCAL
6657,"Day 5, 14:57",69.97,59.47,59.41,8.94,8,-65.6,10.3,46.16,0.5938,0.4773,OFFLOAD
6658,"Day 5, 14:58",68.4,59.57,47.84,2.87,7,-63.9,10.0,46.41,0.5205,0.3272,OFFLOAD
6659,"Day 5, 14:59",65.35,59.68,36.79,3.76,2,-66.2,10.0,51.48,0.3112,0.4019,LOCAL
6660,"Day 5, 15:00",67.31,59.77,30.93,3.21,7,-66.5,10.6,47.46,0.4626,0.3475,OFFLOAD
6661,"Day 5, 15:01",64.15,59.88,28.84,8.79,2,-64.9,10.0,43.48,0.2849,0.4485,LOCAL
6662,"Day 5, 15:02",65.73,60.01,23.14,9.8,1,-65.4,10.6,40.09,0.2274,0.4474,LOCAL
6663,"Day 5, 15:03",64.43,60.09,32.87,8.93,5,-66.1,10.0,43.11,0.4033,0.4489,LOCAL
6664,"Day 5, 15:04",63.07,60.13,51.81,8.92,8,-66.6,10.0,39.76,0.5765,0.4211,OFFLOAD
6665,"Day 5, 15:05",67.56,60.24,42.89,3.3,7,-68.8,12.1,36.93,0.5034,0.2653,OFFLOAD
6666,"Day 5, 15:06",68.25,60.34,48.76,4.71,10,-69.7,10.0,42.12,0.6278,0.3349,OFFLOAD
6667,"Day 5, 15:07",62.61,60.44,38.13,4.35,5,-71.3,10.0,41.55,0.4239,0.3212,OFFLOAD
6668,"Day 5, 15:08",66.02,60.54,43.56,6.25,6,-71.1,10.0,44.0,0.4726,0.3896,OFFLOAD
6669,"Day 5, 15:09",67.16,60.66,31.74,5.49,1,-72.7,13.2,49.71,0.2543,0.4351,LOCAL
6670,"Day 5, 15:10",63.44,60.73,30.57,3.85,7,-70.8,10.0,48.09,0.4657,0.3682,OFFLOAD
6671,"Day 5, 15:11",62.38,60.82,47.35,9.82,6,-70.5,10.0,44.39,0.4909,0.4823,LOCAL
6672,"Day 5, 15:12",65.94,60.88,49.34,5.91,7,-72.0,10.4,41.5,0.5275,0.3608,OFFLOAD
6673,"Day 5, 15:13",61.21,60.96,43.73,2.3,9,-73.2,10.0,40.95,0.5848,0.265,OFFLOAD
6674,"Day 5, 15:14",60.9,61.06,35.9,1.56,9,-71.2,10.0,46.56,0.5577,0.2958,OFFLOAD
6675,"Day 5, 15:15",60.95,61.16,36.07,4.73,5,-68.5,10.0,47.63,0.4181,0.3855,LOCAL
6676,"Day 5, 15:16",63.44,61.24,36.53,6.52,4,-66.3,10.0,43.12,0.3808,0.3887,LOCAL
6677,"Day 5, 15:17",59.05,61.31,29.62,2.39,5,-63.7,10.0,41.45,0.3981,0.2714,OFFLOAD
6678,"Day 5, 15:18",62.58,61.43,25.8,8.24,1,-61.6,10.0,44.61,0.2393,0.4448,LOCAL
6679,"Day 5, 15:19",59.26,61.46,41.1,5.21,10,-60.6,10.0,44.71,0.6128,0.3699,OFFLOAD
6680,"Day 5, 15:20",61.85,61.57,30.45,1.43,3,-59.5,10.6,43.57,0.3265,0.2671,OFFLOAD
6681,"Day 5, 15:21",62.29,61.67,32.02,5.55,5,-60.8,11.0,40.93,0.4011,0.3492,OFFLOAD
6682,"Day 5, 15:22",61.21,61.77,35.64,7.74,4,-61.6,10.0,41.46,0.3803,0.4052,LOCAL
6683,"Day 5, 15:23",59.17,61.87,25.63,2.29,1,-60.5,10.0,42.09,0.2432,0.2742,LOCAL
6684,"Day 5, 15:24",60.55,61.97,26.13,8.35,2,-59.5,10.0,45.71,0.2777,0.4576,LOCAL
6685,"Day 5, 15:25",58.82,62.02,37.78,6.25,8,-61.3,10.0,44.13,0.531,0.3907,OFFLOAD
6686,"Day 5, 15:26",56.49,62.11,27.15,1.99,1,-62.5,10.0,41.14,0.2521,0.2588,LOCAL
6687,"Day 5, 15:27",61.45,62.17,44.78,9.28,6,-62.8,10.0,41.66,0.4813,0.4454,LOCAL
6688,"Day 5, 15:28",59.52,62.22,36.97,3.57,8,-64.7,10.0,46.44,0.5268,0.345,OFFLOAD
6689,"Day 5, 15:29",58.3,62.32,26.8,6.1,2,-63.6,10.0,42.1,0.2829,0.3695,LOCAL
6690,"Day 5, 15:30",58.8,62.36,32.89,4.12,9,-65.2,10.0,44.91,0.5484,0.3445,OFFLOAD
6691,"Day 5, 15:31",59.2,62.42,60.26,8.75,10,-64.1,10.3,48.37,0.6785,0.4942,OFFLOAD
6692,"Day 5, 15:32",54.76,62.49,46.54,2.51,8,-62.6,10.0,46.41,0.567,0.3182,OFFLOAD
6693,"Day 5, 15:33",57.64,62.55,54.1,7.66,7,-62.4,10.0,45.64,0.5541,0.4397,OFFLOAD
6694,"Day 5, 15:34",53.59,62.61,40.95,2.09,5,-63.5,10.0,43.24,0.444,0.2789,OFFLOAD
6695,"Day 5, 15:35",56.41,62.7,31.39,4.48,2,-62.8,10.0,45.78,0.3012,0.3615,LOCAL
6696,"Day 5, 15:36",54.18,62.79,24.97,5.39,1,-63.9,10.0,46.22,0.2469,0.3884,LOCAL
6697,"Day 5, 15:37",56.16,62.88,19.44,2.72,2,-64.4,10.0,48.99,0.2595,0.3491,LOCAL
6698,"Day 5, 15:38",55.16,62.97,21.24,8.7,2,-64.0,10.0,44.96,0.2671,0.4594,LOCAL
6699,"Day 5, 15:39",57.16,63.06,25.02,8.46,3,-65.6,10.0,49.88,0.3123,0.5019,LOCAL
6700,"Day 5, 15:40",51.55,63.12,21.15,2.77,5,-67.5,10.4,54.74,0.377,0.4171,LOCAL
6701,"Day 5, 15:41",52.66,63.15,39.04,8.6,7,-65.3,10.0,55.39,0.5079,0.57,LOCAL
6702,"Day 5, 15:42",51.97,63.16,53.71,8.08,8,-65.5,10.0,56.98,0.5953,0.5781,LOCAL
6703,"Day 5, 15:43",53.76,63.17,47.62,4.73,8,-66.7,10.0,53.35,0.5713,0.4479,OFFLOAD
6704,"Day 5, 15:44",50.14,63.22,47.25,4.94,8,-67.5,10.0,49.44,0.5754,0.4093,OFFLOAD
6705,"Day 5, 15:45",51.33,63.28,39.98,1.5,10,-64.9,10.0,45.86,0.618,0.2878,LOCAL
6706,"Day 5, 15:46",51.55,63.31,34.88,2.63,9,-67.1,10.0,42.29,0.5648,0.2843,OFFLOAD
6707,"Day 5, 15:47",49.5,63.36,41.91,5.02,10,-66.4,10.0,42.02,0.6274,0.3419,OFFLOAD
6708,"Day 5, 15:48",50.25,63.43,33.96,7.26,2,-65.3,10.0,43.85,0.3184,0.4135,LOCAL
6709,"Day 5, 15:49",52.75,63.49,35.54,9.78,3,-63.7,10.3,46.44,0.355,0.5011,LOCAL
6710,"Day 5, 15:50",51.36,63.53,37.37,9.51,4,-65.1,10.0,48.29,0.3985,0.5116,LOCAL
6711,"Day 5, 15:51",50.71,63.57,34.38,3.33,6,-64.2,10.0,45.01,0.4589,0.3256,OFFLOAD
6712,"Day 5, 15:52",51.96,63.65,28.46,4.25,2,-63.2,10.0,46.73,0.2962,0.3648,LOCAL
6713,"Day 5, 15:53",47.3,63.65,38.86,4.11,10,-63.3,10.0,44.4,0.6196,0.3397,OFFLOAD
6714,"Day 5, 15:54",46.71,63.7,34.64,2.44,10,-64.6,10.0,47.94,0.6056,0.3314,LOCAL
6715,"Day 5, 15:55",51.34,63.73,37.39,4.09,8,-66.2,10.4,49.01,0.5383,0.3845,OFFLOAD
6716,"Day 5, 15:56",46.16,63.77,46.25,9.75,6,-68.2,10.0,48.73,0.507,0.5221,LOCAL
6717,"Day 5, 15:57",49.61,63.74,65.5,9.57,9,-70.2,12.2,52.82,0.6742,0.5689,OFFLOAD
6718,"Day 5, 15:58",47.63,63.76,59.12,9.86,5,-67.5,10.0,53.66,0.5148,0.5799,LOCAL
6719,"Day 5, 15:59",47.56,63.78,45.51,2.3,5,-67.5,10.0,54.73,0.4673,0.4041,OFFLOAD
6720,"Day 5, 16:00",46.34,63.84,34.52,1.54,4,-67.0,10.0,55.29,0.3955,0.3923,LOCAL
6721,"Day 5, 16:01",48.27,63.85,41.07,5.78,8,-64.4,10.0,55.93,0.5556,0.5065,LOCAL
6722,"Day 5, 16:02",48.03,63.83,55.55,7.81,9,-62.4,10.0,57.36,0.6416,0.5766,OFFLOAD
6723,"Day 5, 16:03",47.9,63.88,45.15,1.78,10,-64.6,10.9,56.56,0.6404,0.4175,OFFLOAD
6724,"Day 5, 16:04",45.76,63.9,55.61,7.99,8,-64.2,10.0,52.64,0.6102,0.521,OFFLOAD
6725,"Day 5, 16:05",47.84,63.95,43.38,7.42,2,-63.9,10.0,56.09,0.3542,0.5496,LOCAL
6726,"Day 5, 16:06",44.42,63.92,54.97,6.23,9,-63.6,10.0,54.24,0.6449,0.4962,OFFLOAD
6727,"Day 5, 16:07",45.2,63.95,47.94,8.84,3,-62.2,10.0,55.34,0.4091,0.5754,LOCAL
6728,"Day 5, 16:08",42.46,63.98,36.62,6.35,2,-62.8,10.0,54.43,0.3385,0.5016,LOCAL
6729,"Day 5, 16:09",47.09,63.99,41.69,5.67,7,-62.3,10.0,56.35,0.5243,0.5094,LOCAL
6730,"Day 5, 16:10",41.31,63.99,38.58,3.17,8,-64.1,10.0,56.73,0.5571,0.4519,OFFLOAD
6731,"Day 5, 16:11",40.52,64.03,30.0,1.89,1,-65.6,10.0,57.7,0.2832,0.4333,LOCAL
6732,"Day 5, 16:12",45.53,64.05,35.09,6.59,6,-65.4,10.0,57.47,0.4685,0.5476,LOCAL
6733,"Day 5, 16:13",44.81,64.02,56.38,8.26,10,-63.8,10.0,55.01,0.6841,0.5566,OFFLOAD
6734,"Day 5, 16:14",40.31,64.05,41.84,2.46,6,-64.5,10.0,49.81,0.4999,0.3512,OFFLOAD
6735,"Day 5, 16:15",39.67,64.07,44.89,7.86,6,-66.5,10.0,54.71,0.5115,0.5428,LOCAL
6736,"Day 5, 16:16",44.53,64.1,36.78,8.78,3,-64.9,10.0,53.64,0.3708,0.5526,LOCAL
6737,"Day 5, 16:17",38.35,64.09,38.47,3.88,6,-63.5,10.0,49.8,0.491,0.3865,OFFLOAD
6738,"Day 5, 16:18",42.34,64.12,45.1,4.08,10,-65.0,10.0,45.7,0.6482,0.3507,OFFLOAD
6739,"Day 5, 16:19",41.49,64.13,51.92,7.06,8,-67.3,10.0,48.67,0.6033,0.4543,OFFLOAD
6740,"Day 5, 16:20",39.46,64.17,35.88,2.89,2,-65.2,10.0,48.03,0.3401,0.3435,LOCAL
6741,"Day 5, 16:21",42.48,64.13,59.43,9.85,9,-64.1,10.0,44.04,0.6631,0.4799,OFFLOAD
6742,"Day 5, 16:22",40.72,64.14,54.92,7.31,6,-66.5,10.0,41.7,0.5449,0.3964,OFFLOAD
6743,"Day 5, 16:23",37.73,64.16,36.61,4.52,1,-67.9,10.3,44.99,0.3103,0.356,LOCAL
6744,"Day 5, 16:24",41.02,64.2,29.6,7.88,2,-69.1,10.7,49.32,0.3158,0.4836,LOCAL
6745,"Day 5, 16:25",36.91,64.18,41.21,9.26,6,-67.9,10.0,46.12,0.5026,0.4842,LOCAL
6746,"Day 5, 16:26",40.06,64.16,48.94,7.3,7,-69.9,10.0,51.69,0.5599,0.4928,OFFLOAD
6747,"Day 5, 16:27",36.3,64.19,34.08,2.91,3,-70.7,11.2,47.59,0.3735,0.343,LOCAL
6748,"Day 5, 16:28",40.09,64.18,39.81,5.24,8,-68.9,10.0,48.54,0.5629,0.4074,LOCAL
6749,"Day 5, 16:29",38.4,64.16,31.64,1.18,10,-69.8,10.0,48.51,0.6069,0.3057,OFFLOAD
6750,"Day 5, 16:30",36.48,64.2,26.14,7.58,1,-66.8,10.0,52.01,0.2755,0.5034,LOCAL
6751,"Day 5, 16:31",33.72,64.21,25.38,6.26,3,-65.3,10.0,54.99,0.3469,0.5064,LOCAL
6752,"Day 5, 16:32",33.98,64.19,29.6,3.16,9,-65.8,10.0,55.88,0.5714,0.4403,OFFLOAD
6753,"Day 5, 16:33",34.84,64.22,24.16,1.04,7,-63.9,10.0,52.49,0.481,0.3455,OFFLOAD
6754,"Day 5, 16:34",36.49,64.25,36.52,6.25,8,-66.3,10.0,55.95,0.5567,0.5185,LOCAL
6755,"Day 5, 16:35",35.98,64.28,23.53,3.41,1,-65.6,10.0,55.53,0.267,0.4421,LOCAL
6756,"Day 5, 16:36",36.79,64.24,49.09,8.16,9,-65.9,10.0,56.31,0.6353,0.571,OFFLOAD
6757,"Day 5, 16:37",36.48,64.25,41.37,3.22,8,-66.1,10.0,60.01,0.5737,0.5007,OFFLOAD
6758,"Day 5, 16:38",30.68,64.27,29.12,2.52,1,-68.0,10.0,53.58,0.2945,0.3954,LOCAL
6759,"Day 5, 16:39",31.82,64.27,26.98,3.1,5,-68.8,10.3,54.13,0.4253,0.4176,LOCAL
6760,"Day 5, 16:40",31.18,64.22,36.87,5.31,10,-68.9,10.0,57.92,0.636,0.522,LOCAL
6761,"Day 5, 16:41",31.15,64.23,29.55,8.63,1,-70.0,10.0,52.64,0.2954,0.5369,LOCAL
6762,"Day 5, 16:42",33.33,64.23,30.7,6.67,4,-71.7,10.0,50.08,0.4011,0.4593,LOCAL
6763,"Day 5, 16:43",30.11,64.21,38.56,7.43,5,-72.3,10.0,54.8,0.4685,0.5332,LOCAL
6764,"Day 5, 16:44",32.71,64.22,31.39,10.0,1,-71.8,12.7,53.61,0.2995,0.5905,LOCAL
6765,"Day 5, 16:45",29.75,64.19,33.19,4.08,6,-71.2,10.0,50.49,0.4852,0.399,OFFLOAD
6766,"Day 5, 16:46",31.4,64.18,53.08,8.57,8,-69.8,10.0,51.55,0.6224,0.5229,OFFLOAD
6767,"Day 5, 16:47",32.07,64.16,53.97,6.85,6,-71.6,10.0,48.51,0.5546,0.4473,OFFLOAD
6768,"Day 5, 16:48",31.2,64.14,59.12,8.3,7,-68.7,10.0,43.93,0.6089,0.4402,OFFLOAD
6769,"Day 5, 16:49",27.38,64.11,51.95,9.73,3,-66.1,10.0,44.22,0.4496,0.4785,LOCAL
6770,"Day 5, 16:50",28.46,64.09,40.8,4.6,3,-64.8,10.0,41.95,0.409,0.3308,OFFLOAD
6771,"Day 5, 16:51",25.9,64.08,36.36,3.8,5,-67.3,10.0,46.19,0.4673,0.3484,OFFLOAD
6772,"Day 5, 16:52",29.9,64.09,30.03,8.3,2,-67.9,10.0,51.52,0.3341,0.5158,LOCAL
6773,"Day 5, 16:53",26.06,64.08,28.68,8.32,3,-69.4,10.0,49.33,0.3702,0.4926,LOCAL
6774,"Day 5, 16:54",26.65,64.08,24.32,3.35,2,-69.5,10.0,45.6,0.319,0.3315,LOCAL
6775,"Day 5, 16:55",24.33,64.07,17.55,1.75,4,-67.0,10.7,41.7,0.3688,0.2593,OFFLOAD
6776,"Day 5, 16:56",25.78,64.05,42.64,7.81,10,-64.4,10.0,44.29,0.6645,0.4311,OFFLOAD
6777,"Day 5, 16:57",28.58,64.05,37.62,3.45,6,-66.2,10.0,43.42,0.5027,0.3145,OFFLOAD
6778,"Day 5, 16:58",26.68,64.03,42.19,4.96,7,-66.0,10.0,44.1,0.5566,0.3582,OFFLOAD
6779,"Day 5, 16:59",27.27,63.99,64.43,9.68,10,-64.2,10.0,40.82,0.7386,0.4485,LOCAL
6780,"Day 5, 17:00",26.77,63.94,51.64,6.17,3,-63.1,10.0,40.37,0.4497,0.3572,OFFLOAD
6781,"Day 5, 17:01",22.65,63.89,60.29,7.26,9,-63.0,10.6,41.93,0.6962,0.3988,OFFLOAD
6782,"Day 5, 17:02",26.18,63.87,42.1,7.96,1,-64.2,10.0,38.39,0.3473,0.3867,LOCAL
6783,"Day 5, 17:03",24.86,63.81,50.39,9.21,6,-65.5,10.0,35.22,0.5533,0.3951,OFFLOAD
6784,"Day 5, 17:04",25.55,63.8,39.4,3.82,3,-66.1,10.0,38.83,0.4089,0.2865,OFFLOAD
6785,"Day 5, 17:05",23.16,63.78,37.3,7.37,4,-64.0,10.0,42.12,0.4402,0.4014,LOCAL
6786,"Day 5, 17:06",21.04,63.74,35.61,4.28,4,-63.8,10.0,44.86,0.4375,0.348,OFFLOAD
6787,"Day 5, 17:07",22.35,63.72,31.35,1.53,9,-62.0,10.0,47.92,0.5956,0.3084,LOCAL
6788,"Day 5, 17:08",21.53,63.7,23.62,1.89,4,-63.5,10.0,51.76,0.3948,0.3583,LOCAL
6789,"Day 5, 17:09",19.05,63.62,44.2,9.05,7,-65.0,10.0,52.22,0.5757,0.5426,LOCAL
6790,"Day 5, 17:10",17.98,63.52,51.29,5.32,10,-65.6,10.0,48.39,0.7073,0.4079,OFFLOAD
6791,"Day 5, 17:11",19.36,63.49,37.19,1.67,6,-67.5,10.0,46.5,0.5159,0.2981,OFFLOAD
6792,"Day 5, 17:12",18.75,63.44,47.54,7.37,7,-66.6,10.0,49.15,0.5881,0.467,OFFLOAD
6793,"Day 5, 17:13",18.03,63.4,38.86,6.85,2,-66.8,10.0,49.99,0.3839,0.4628,LOCAL
6794,"Day 5, 17:14",17.34,63.37,29.44,7.64,1,-66.8,10.0,45.78,0.317,0.4405,LOCAL
6795,"Day 5, 17:15",16.8,63.32,27.77,2.42,5,-67.6,10.0,41.83,0.452,0.2752,OFFLOAD
6796,"Day 5, 17:16",20.1,63.28,46.83,7.65,10,-69.2,10.0,42.07,0.6888,0.408,OFFLOAD
6797,"Day 5, 17:17",16.57,63.2,70.32,9.64,10,-67.2,10.0,43.25,0.7765,0.4678,OFFLOAD
6798,"Day 5, 17:18",17.15,63.15,46.44,1.94,3,-65.1,10.0,48.04,0.4471,0.3199,OFFLOAD
6799,"Day 5, 17:19",19.02,63.09,56.42,7.97,9,-66.0,10.0,52.84,0.6893,0.5228,OFFLOAD
6800,"Day 5, 17:20",18.9,63.05,39.95,4.15,2,-67.7,10.0,57.01,0.3869,0.4803,LOCAL
6801,"Day 5, 17:21",17.11,62.96,45.24,4.89,9,-67.6,10.0,57.88,0.6532,0.511,OFFLOAD
6802,"Day 5, 17:22",13.85,62.92,35.31,6.61,3,-66.2,10.0,61.07,0.4134,0.6021,LOCAL
6803,"Day 5, 17:23",14.63,62.85,31.45,3.9,6,-67.5,10.0,58.59,0.5039,0.4964,LOCAL
6804,"Day 5, 17:24",16.24,62.8,33.23,5.9,3,-66.8,10.0,58.49,0.4027,0.5449,LOCAL
6805,"Day 5, 17:25",11.77,62.7,42.13,6.02,8,-68.5,10.0,57.56,0.6158,0.5346,OFFLOAD
6806,"Day 5, 17:26",11.31,62.65,33.67,7.07,2,-69.5,13.2,60.23,0.3769,0.6093,LOCAL
6807,"Day 5, 17:27",15.22,62.61,26.53,6.41,2,-66.9,10.0,60.55,0.3461,0.5888,LOCAL
6808,"Day 5, 17:28",15.36,62.51,48.7,9.08,8,-65.2,10.0,60.57,0.6336,0.6559,LOCAL
6809,"Day 5, 17:29",13.99,62.39,56.98,5.73,10,-66.9,11.8,56.7,0.7349,0.5207,OFFLOAD
6810,"Day 5, 17:30",10.61,62.32,43.06,1.65,7,-68.6,10.8,54.32,0.5863,0.3849,OFFLOAD
6811,"Day 5, 17:31",10.49,62.24,56.68,8.68,8,-66.2,10.0,57.25,0.6693,0.5968,OFFLOAD
6812,"Day 5, 17:32",13.94,62.15,68.6,9.25,9,-64.9,10.0,53.11,0.741,0.558,OFFLOAD
6813,"Day 5, 17:33",11.7,62.06,59.15,7.67,6,-66.4,10.0,52.68,0.6064,0.5134,OFFLOAD
6814,"Day 5, 17:34",12.87,61.98,60.55,9.52,5,-66.4,11.7,48.8,0.5746,0.5218,OFFLOAD
6815,"Day 5, 17:35",7.74,61.89,56.05,4.93,8,-65.0,10.2,51.81,0.6717,0.4355,LOCAL
6816,"Day 5, 17:36",7.68,61.8,36.27,1.19,6,-65.1,10.0,56.0,0.5327,0.3927,OFFLOAD
6817,"Day 5, 17:37",11.44,61.75,29.37,1.24,6,-65.1,11.3,58.92,0.503,0.4384,OFFLOAD
6818,"Day 5, 17:38",6.56,61.69,34.62,3.6,9,-66.1,10.0,60.57,0.6338,0.5189,OFFLOAD
6819,"Day 5, 17:39",5.91,61.63,30.59,2.86,5,-66.9,10.2,57.16,0.4808,0.4507,LOCAL
6820,"Day 5, 17:40",9.38,61.53,32.15,2.54,9,-67.6,10.0,61.06,0.6212,0.5002,OFFLOAD
6821,"Day 5, 17:41",5.38,61.47,26.31,1.79,10,-65.9,10.0,63.96,0.6418,0.531,OFFLOAD
6822,"Day 5, 17:42",10.39,61.43,24.9,6.71,2,-64.8,10.0,59.55,0.3494,0.5809,LOCAL
6823,"Day 5, 17:43",10.0,61.39,18.43,3.57,1,-67.3,10.0,59.81,0.2924,0.5063,LOCAL
6824,"Day 5, 17:44",7.1,61.33,18.94,1.75,4,-67.9,10.0,58.92,0.4036,0.4475,LOCAL
6825,"Day 5, 17:45",6.67,61.22,41.22,9.71,7,-65.2,10.0,62.02,0.5874,0.6951,LOCAL
6826,"Day 5, 17:46",7.32,61.13,40.89,6.82,4,-63.1,10.0,61.79,0.4804,0.619,LOCAL
6827,"Day 5, 17:47",7.36,61.05,36.81,3.92,4,-65.4,10.0,56.7,0.4662,0.4703,LOCAL
6828,"Day 5, 17:48",3.75,60.9,55.38,8.95,8,-67.6,10.4,55.67,0.6769,0.5835,OFFLOAD
6829,"Day 5, 17:49",3.98,60.82,42.84,2.42,8,-68.7,10.0,50.44,0.6327,0.3569,OFFLOAD
6830,"Day 5, 17:50",5.54,60.75,31.5,2.31,2,-70.6,10.0,48.0,0.3808,0.3287,OFFLOAD
6831,"Day 5, 17:51",4.76,60.69,29.82,1.9,10,-71.7,11.3,49.86,0.6562,0.3414,OFFLOAD
6832,"Day 5, 17:52",2.28,60.63,21.68,1.42,1,-69.9,10.0,45.31,0.3165,0.2807,LOCAL
6833,"Day 5, 17:53",4.47,60.58,14.97,3.53,1,-70.9,10.0,45.31,0.2898,0.3334,LOCAL
6834,"Day 5, 17:54",3.7,60.49,28.18,7.92,5,-68.9,10.0,48.91,0.4773,0.4783,LOCAL
6835,"Day 5, 17:55",2.82,60.36,39.38,4.07,10,-66.8,10.6,47.87,0.6931,0.373,OFFLOAD
6836,"Day 5, 17:56",4.28,60.29,31.41,2.47,2,-68.4,10.0,48.67,0.3831,0.3395,LOCAL
6837,"Day 5, 17:57",2.9,60.18,28.23,1.31,9,-67.4,10.0,46.17,0.6192,0.2859,OFFLOAD
6838,"Day 5, 17:58",2.06,60.1,35.37,7.93,5,-65.8,10.0,47.41,0.5056,0.4634,LOCAL
6839,"Day 5, 17:59",1.99,59.96,53.36,9.27,7,-64.0,10.0,50.31,0.6389,0.5268,OFFLOAD
6840,"Day 5, 18:00",2.65,59.86,46.98,3.07,9,-64.1,10.0,53.67,0.6857,0.4102,OFFLOAD
6841,"Day 5, 18:01",1.2,59.78,35.12,3.66,2,-62.5,10.0,54.98,0.4014,0.4412,LOCAL
6842,"Day 5, 18:02",0.7,59.68,25.69,1.18,7,-64.6,10.0,57.48,0.5443,0.4126,OFFLOAD
6843,"Day 5, 18:03",1.13,59.6,29.59,4.98,6,-65.5,10.0,60.41,0.5225,0.5508,LOCAL
6844,"Day 5, 18:04",1.16,59.46,41.08,4.28,10,-64.0,10.0,56.99,0.7028,0.4833,LOCAL
6845,"Day 5, 18:05",0.32,59.36,31.12,3.48,4,-62.0,10.0,57.16,0.4594,0.4656,LOCAL
6846,"Day 5, 18:06",0.48,59.26,27.56,1.74,5,-62.6,10.0,56.81,0.4819,0.4174,OFFLOAD
6847,"Day 5, 18:07",0.63,59.18,34.15,3.18,8,-64.1,10.0,56.3,0.6098,0.4465,OFFLOAD
6848,"Day 5, 18:08",0.31,59.06,59.42,9.36,10,-62.8,10.0,52.75,0.7689,0.5565,OFFLOAD
6849,"Day 5, 18:09",0.19,58.97,39.03,3.77,1,-62.9,10.0,47.54,0.3829,0.3607,LOCAL
6850,"Day 5, 18:10",1.07,58.83,49.9,7.47,8,-63.0,10.0,47.59,0.6648,0.4536,OFFLOAD
6851,"Day 5, 18:11",0.52,58.73,45.35,5.25,4,-61.5,10.0,48.22,0.5099,0.4044,OFFLOAD
6852,"Day 5, 18:12",1.42,58.65,33.29,4.18,2,-60.9,10.0,49.19,0.3964,0.3876,LOCAL
6853,"Day 5, 18:13",0.08,58.53,40.61,7.38,6,-62.6,10.0,51.68,0.5642,0.4947,OFFLOAD
6854,"Day 5, 18:14",0.65,58.45,30.52,8.93,1,-64.2,10.5,55.56,0.3532,0.582,LOCAL
6855,"Day 5, 18:15",0.7,58.35,31.01,6.09,4,-66.1,10.0,57.55,0.46,0.5362,LOCAL
6856,"Day 5, 18:16",1.34,58.24,35.19,5.02,6,-63.5,10.0,57.59,0.5438,0.5101,LOCAL
6857,"Day 5, 18:17",0.78,58.12,38.55,4.96,6,-62.1,10.0,60.73,0.5566,0.5555,LOCAL
6858,"Day 5, 18:18",0.58,58.03,31.94,4.84,3,-64.6,10.0,61.53,0.4289,0.5653,LOCAL
6859,"Day 5, 18:19",1.3,57.94,26.82,3.91,3,-66.9,10.0,56.18,0.41,0.4631,LOCAL
6860,"Day 5, 18:20",0.33,57.82,37.79,6.76,7,-66.5,10.0,53.37,0.59,0.4989,OFFLOAD
6861,"Day 5, 18:21",0.63,57.73,38.29,7.84,3,-64.3,10.0,55.81,0.4515,0.5564,LOCAL
6862,"Day 5, 18:22",0.38,57.61,42.5,6.71,6,-64.8,10.0,51.35,0.5718,0.4742,OFFLOAD
6863,"Day 5, 18:23",1.03,57.52,34.91,8.29,3,-66.5,10.0,48.76,0.4393,0.4859,LOCAL
6864,"Day 5, 18:24",0.25,57.41,39.21,7.82,5,-66.6,10.5,48.8,0.5257,0.476,LOCAL
6865,"Day 5, 18:25",1.23,57.23,66.05,9.43,10,-67.8,10.0,45.91,0.7935,0.4864,OFFLOAD
6866,"Day 5, 18:26",0.63,57.13,50.29,1.53,7,-69.3,10.0,51.0,0.6344,0.3408,OFFLOAD
6867,"Day 5, 18:27",1.06,57.05,34.66,1.21,4,-68.8,10.0,45.88,0.4742,0.2807,OFFLOAD
6868,"Day 5, 18:28",1.39,56.96,37.32,5.51,7,-68.5,10.0,44.55,0.5881,0.376,OFFLOAD
6869,"Day 5, 18:29",1.14,56.87,43.94,5.34,9,-69.3,10.0,46.93,0.6818,0.394,OFFLOAD
6870,"Day 5, 18:30",1.37,56.77,47.39,8.01,4,-71.1,10.0,51.04,0.5187,0.5032,LOCAL
6871,"Day 5, 18:31",0.47,56.59,64.95,6.91,10,-69.5,10.0,47.05,0.7917,0.4344,OFFLOAD
6872,"Day 5, 18:32",0.99,56.49,49.05,2.31,8,-68.6,10.0,46.16,0.6655,0.3108,OFFLOAD
6873,"Day 5, 18:33",0.76,56.38,52.22,5.22,10,-69.1,10.0,49.47,0.7471,0.4165,OFFLOAD
6874,"Day 5, 18:34",1.25,56.29,45.07,4.11,5,-66.3,10.0,48.1,0.5464,0.3747,OFFLOAD
6875,"Day 5, 18:35",0.02,56.17,60.09,9.43,7,-64.2,10.0,45.85,0.671,0.4859,OFFLOAD
6876,"Day 5, 18:36",0.22,56.06,50.79,3.19,7,-65.6,10.0,43.86,0.6383,0.3119,OFFLOAD
6877,"Day 5, 18:37",0.85,55.97,41.43,8.11,3,-65.1,10.0,47.1,0.4648,0.4648,LOCAL
6878,"Day 5, 18:38",1.05,55.84,45.22,6.31,7,-66.0,10.0,50.56,0.6179,0.4554,OFFLOAD
6879,"Day 5, 18:39",1.08,55.75,39.51,5.25,4,-67.8,10.0,52.31,0.493,0.4486,LOCAL
6880,"Day 5, 18:40",1.09,55.6,54.98,6.96,9,-65.2,10.0,51.02,0.7224,0.4768,OFFLOAD
6881,"Day 5, 18:41",1.47,55.5,47.9,3.21,10,-64.1,10.0,47.79,0.7322,0.3491,OFFLOAD
6882,"Day 5, 18:42",0.89,55.39,49.6,5.81,8,-64.5,10.0,50.12,0.6692,0.4382,OFFLOAD
6883,"Day 5, 18:43",0.35,55.28,52.99,8.29,5,-64.7,10.0,48.83,0.577,0.4867,OFFLOAD
6884,"Day 5, 18:44",1.3,55.19,42.37,7.34,2,-63.4,10.0,45.69,0.4336,0.4321,LOCAL
6885,"Day 5, 18:45",1.19,55.11,31.76,3.08,2,-63.5,10.0,48.41,0.3967,0.3521,LOCAL
6886,"Day 5, 18:46",0.5,55.02,30.54,8.75,2,-62.0,10.0,48.31,0.3936,0.4928,LOCAL
6887,"Day 5, 18:47",0.34,54.88,47.36,9.01,7,-63.2,10.0,49.62,0.6279,0.5129,OFFLOAD
6888,"Day 5, 18:48",0.85,54.79,38.02,7.3,3,-61.2,10.0,52.2,0.4546,0.4986,LOCAL
6889,"Day 5, 18:49",0.37,54.68,34.17,2.36,7,-59.3,10.0,50.09,0.582,0.3516,OFFLOAD
6890,"Day 5, 18:50",1.18,54.61,26.37,2.08,2,-61.4,10.0,54.91,0.3786,0.4009,LOCAL
6891,"Day 5, 18:51",1.23,54.48,31.99,4.19,9,-61.6,10.0,51.01,0.6434,0.4074,LOCAL
6892,"Day 5, 18:52",1.46,54.35,46.73,8.66,7,-62.7,10.0,48.97,0.6248,0.4974,OFFLOAD
6893,"Day 5, 18:53",0.83,54.26,38.85,3.88,5,-62.9,10.0,48.53,0.5283,0.3733,OFFLOAD
6894,"Day 5, 18:54",0.99,54.19,29.72,1.23,2,-65.5,10.0,53.45,0.3913,0.3616,LOCAL
6895,"Day 5, 18:55",0.68,54.06,43.1,9.19,7,-63.2,10.0,54.92,0.6137,0.5788,LOCAL
6896,"Day 5, 18:56",1.26,53.92,46.33,5.89,8,-62.8,10.0,53.11,0.6594,0.474,LOCAL
6897,"Day 5, 18:57",0.11,53.77,52.2,5.74,8,-61.0,10.0,51.38,0.6819,0.4503,OFFLOAD
6898,"Day 5, 18:58",0.82,53.68,36.5,2.57,2,-59.2,10.0,55.15,0.416,0.4162,LOCAL
6899,"Day 5, 18:59",1.34,53.55,40.52,3.94,9,-59.8,10.0,51.44,0.6745,0.406,OFFLOAD
6900,"Day 5, 19:00",0.05,53.46,38.81,5.2,6,-58.0,10.0,50.46,0.5656,0.4266,OFFLOAD
6901,"Day 5, 19:01",0.39,53.37,41.49,6.12,7,-57.6,10.0,52.16,0.6096,0.4686,LOCAL
6902,"Day 5, 19:02",0.67,53.22,53.06,7.56,8,-56.7,10.0,51.72,0.6849,0.4996,OFFLOAD
6903,"Day 5, 19:03",0.01,53.11,47.86,5.72,5,-56.5,10.0,53.12,0.5628,0.4698,OFFLOAD
6904,"Day 5, 19:04",0.39,53.0,59.03,9.73,7,-56.4,10.0,49.87,0.6715,0.5335,OFFLOAD
6905,"Day 5, 19:05",0.41,52.89,47.48,5.58,6,-58.4,10.0,53.12,0.5962,0.4663,OFFLOAD
6906,"Day 5, 19:06",1.19,52.77,65.56,8.43,10,-60.2,10.0,50.41,0.7985,0.5068,OFFLOAD
6907,"Day 5, 19:07",1.22,52.65,65.1,8.98,5,-59.6,10.0,50.79,0.6221,0.5247,OFFLOAD
6908,"Day 5, 19:08",0.48,52.54,49.52,3.78,7,-61.9,10.0,55.2,0.6388,0.4471,OFFLOAD
6909,"Day 5, 19:09",0.74,52.45,45.89,5.25,7,-62.8,10.0,51.21,0.6258,0.4361,OFFLOAD
6910,"Day 5, 19:10",0.53,52.36,33.62,8.75,1,-61.5,10.0,47.21,0.3733,0.4819,LOCAL
6911,"Day 5, 19:11",1.46,52.2,61.01,9.72,10,-62.3,10.0,49.95,0.7831,0.5341,OFFLOAD
6912,"Day 5, 19:12",0.61,52.09,52.05,4.45,6,-64.8,10.0,50.04,0.6131,0.4034,OFFLOAD
6913,"Day 5, 19:13",0.54,51.99,47.47,8.3,3,-64.2,10.0,48.36,0.4924,0.4821,LOCAL
6914,"Day 5, 19:14",1.32,51.81,68.4,9.86,10,-65.3,10.0,51.77,0.8097,0.5577,OFFLOAD
6915,"Day 5, 19:15",0.58,51.7,52.29,2.28,7,-66.4,10.0,48.27,0.6496,0.3307,OFFLOAD
6916,"Day 5, 19:16",1.25,51.61,42.31,8.3,2,-65.2,10.0,47.34,0.4388,0.4719,LOCAL
6917,"Day 5, 19:17",1.28,51.49,45.36,9.49,4,-66.6,10.0,47.57,0.5196,0.5039,LOCAL
6918,"Day 5, 19:18",0.67,51.4,37.69,9.47,1,-66.5,10.0,52.51,0.3888,0.5565,LOCAL
6919,"Day 5, 19:19",0.88,51.24,53.47,6.96,10,-68.3,10.0,48.11,0.7589,0.4461,OFFLOAD
6920,"Day 5, 19:20",1.37,51.11,71.2,9.14,9,-70.0,10.0,47.35,0.7855,0.4931,OFFLOAD
6921,"Day 5, 19:21",0.77,50.99,62.4,8.0,5,-70.4,12.7,49.17,0.6158,0.4905,OFFLOAD
6922,"Day 5, 19:22",1.01,50.9,43.3,7.11,2,-69.8,10.0,50.14,0.4437,0.4709,LOCAL
6923,"Day 5, 19:23",0.33,50.78,42.6,7.14,4,-67.5,10.0,47.08,0.5124,0.4404,OFFLOAD
6924,"Day 5, 19:24",0.72,50.69,40.72,3.01,6,-67.8,10.0,47.82,0.5754,0.3444,OFFLOAD
6925,"Day 5, 19:25",0.13,50.58,53.1,7.93,9,-68.8,10.0,49.0,0.7248,0.4794,OFFLOAD
6926,"Day 5, 19:26",1.47,50.45,68.7,9.77,8,-68.1,10.0,45.8,0.7426,0.494,OFFLOAD
6927,"Day 5, 19:27",0.99,50.36,44.71,1.27,1,-68.8,10.0,49.73,0.4145,0.3205,OFFLOAD
6928,"Day 5, 19:28",0.31,50.27,35.2,8.93,2,-66.9,10.0,44.98,0.4173,0.4653,LOCAL
6929,"Day 5, 19:29",0.51,50.16,32.7,3.18,6,-67.7,10.0,42.24,0.5485,0.2977,OFFLOAD
6930,"Day 5, 19:30",0.44,50.04,60.52,9.54,10,-66.2,11.4,41.98,0.7861,0.4586,LOCAL
6931,"Day 5, 19:31",0.6,49.87,69.35,8.27,9,-64.3,10.0,38.46,0.782,0.3949,OFFLOAD
6932,"Day 5, 19:32",0.92,49.77,47.56,8.61,1,-62.8,10.0,38.53,0.4254,0.4039,LOCAL
6933,"Day 5, 19:33",1.22,49.63,49.98,7.17,6,-64.0,10.0,39.48,0.6087,0.3752,OFFLOAD
6934,"Day 5, 19:34",0.64,49.54,41.79,2.01,10,-65.8,10.0,43.37,0.721,0.2781,OFFLOAD
6935,"Day 5, 19:35",1.13,49.46,35.43,2.39,9,-67.0,10.0,49.33,0.6631,0.3443,OFFLOAD
6936,"Day 5, 19:36",0.81,49.36,49.12,6.43,10,-67.2,10.0,52.59,0.7467,0.4813,OFFLOAD
6937,"Day 5, 19:37",0.98,49.24,55.82,7.13,8,-67.0,10.0,51.64,0.7,0.4879,OFFLOAD
6938,"Day 5, 19:38",0.71,49.15,45.6,6.79,3,-69.3,10.2,50.79,0.4898,0.4706,LOCAL
6939,"Day 5, 19:39",0.77,48.97,63.33,8.58,10,-67.8,11.0,48.24,0.7971,0.4907,OFFLOAD
6940,"Day 5, 19:40",0.46,48.87,46.01,6.06,2,-67.5,10.0,52.19,0.457,0.4675,LOCAL
6941,"Day 5, 19:41",0.53,48.7,61.4,8.54,10,-68.7,10.0,51.07,0.7911,0.5168,OFFLOAD
6942,"Day 5, 19:42",0.5,48.61,43.6,8.08,1,-68.7,10.2,49.04,0.4139,0.4843,LOCAL
6943,"Day 5, 19:43",0.02,48.48,44.34,6.69,5,-67.0,10.0,52.54,0.5574,0.4872,OFFLOAD
6944,"Day 5, 19:44",1.16,48.39,46.71,5.35,7,-68.2,10.0,51.28,0.6342,0.4394,LOCAL
6945,"Day 5, 19:45",0.57,48.26,36.23,1.8,7,-70.1,10.0,51.45,0.5986,0.3526,OFFLOAD
6946,"Day 5, 19:46",0.7,48.18,33.95,8.02,2,-68.5,10.0,54.03,0.4155,0.5384,LOCAL
6947,"Day 5, 19:47",0.9,48.07,39.19,7.48,5,-67.4,10.0,48.96,0.5387,0.4678,OFFLOAD
6948,"Day 5, 19:48",1.01,47.95,61.12,8.38,10,-68.0,12.7,47.04,0.7905,0.4787,OFFLOAD
6949,"Day 5, 19:49",0.87,47.83,63.92,5.51,9,-68.1,10.4,51.5,0.7657,0.447,LOCAL
6950,"Day 5, 19:50",0.49,47.68,47.01,1.6,10,-65.6,10.0,56.09,0.7423,0.4041,OFFLOAD
6951,"Day 5, 19:51",0.82,47.59,40.2,3.45,8,-63.3,10.0,51.95,0.6481,0.3995,OFFLOAD
6952,"Day 5, 19:52",0.63,47.5,35.4,1.74,9,-61.7,10.0,55.87,0.6667,0.4047,OFFLOAD
6953,"Day 5, 19:53",0.06,47.42,34.54,3.36,7,-62.6,10.0,55.07,0.5947,0.4349,OFFLOAD
6954,"Day 5, 19:54",0.85,47.34,30.15,1.54,9,-64.2,10.0,56.48,0.6482,0.4079,OFFLOAD
6955,"Day 5, 19:55",1.15,47.28,22.89,1.43,4,-63.9,10.0,55.68,0.4475,0.3946,OFFLOAD
6956,"Day 5, 19:56",1.33,47.2,29.57,5.06,5,-64.5,10.0,58.1,0.5057,0.5183,LOCAL
6957,"Day 5, 19:57",1.07,47.07,47.19,8.45,7,-65.3,10.0,52.78,0.638,0.5341,OFFLOAD
6958,"Day 5, 19:58",1.29,46.99,33.47,4.57,2,-64.3,10.0,53.45,0.4147,0.4451,LOCAL
6959,"Day 5, 19:59",0.32,46.81,64.47,9.1,10,-63.3,10.0,52.1,0.805,0.5424,OFFLOAD
6960,"Day 5, 20:00",0.01,46.71,51.65,4.28,6,-63.8,10.0,53.96,0.6207,0.4441,OFFLOAD
6961,"Day 5, 20:01",0.36,46.58,63.99,7.32,10,-64.4,10.0,51.64,0.8036,0.4927,OFFLOAD
6962,"Day 5, 20:02",0.05,46.47,55.49,8.09,5,-65.3,10.0,51.55,0.5994,0.511,OFFLOAD
6963,"Day 5, 20:03",0.87,46.38,40.43,4.83,1,-65.7,10.0,55.98,0.4056,0.4834,LOCAL
6964,"Day 5, 20:04",0.0,46.25,34.15,1.69,8,-65.5,10.0,55.35,0.6301,0.3968,OFFLOAD
6965,"Day 5, 20:05",0.89,46.17,37.69,9.94,3,-64.0,10.0,57.84,0.4663,0.6366,LOCAL
6966,"Day 5, 20:06",1.5,46.03,49.0,6.76,8,-64.3,10.0,52.96,0.6802,0.494,OFFLOAD
6967,"Day 5, 20:07",0.47,45.94,34.92,1.52,6,-63.9,10.0,49.87,0.5626,0.3282,OFFLOAD
6968,"Day 5, 20:08",0.26,45.84,47.57,6.1,10,-64.0,10.0,54.58,0.7474,0.4971,OFFLOAD
6969,"Day 5, 20:09",0.67,45.75,38.63,2.7,5,-63.5,10.5,51.03,0.5406,0.3719,OFFLOAD
6970,"Day 5, 20:10",0.89,45.66,44.73,5.44,9,-65.0,10.0,48.78,0.7017,0.4149,OFFLOAD
6971,"Day 5, 20:11",1.09,45.57,35.65,1.86,5,-65.3,10.0,48.03,0.5298,0.3178,OFFLOAD
6972,"Day 5, 20:12",0.02,45.47,45.07,7.59,7,-66.1,10.0,49.92,0.6345,0.4806,OFFLOAD
6973,"Day 5, 20:13",1.15,45.38,40.53,6.72,3,-66.5,12.1,45.65,0.4771,0.4222,OFFLOAD
6974,"Day 5, 20:14",0.93,45.29,41.36,4.78,7,-67.5,10.0,48.57,0.6204,0.3963,OFFLOAD
6975,"Day 5, 20:15",0.07,45.2,38.81,4.01,8,-67.6,10.0,44.51,0.6479,0.3381,OFFLOAD
6976,"Day 5, 20:16",0.06,45.08,60.25,8.77,10,-66.3,10.0,43.78,0.7932,0.4506,OFFLOAD
6977,"Day 5, 20:17",1.35,44.97,61.27,6.3,9,-64.9,10.0,41.06,0.76,0.366,OFFLOAD
6978,"Day 5, 20:18",0.87,44.83,73.93,9.69,9,-66.5,10.0,37.88,0.8052,0.4261,LOCAL
6979,"Day 5, 20:19",0.26,44.65,75.96,8.69,8,-66.6,10.0,35.39,0.7785,0.3832,OFFLOAD
6980,"Day 5, 20:20",1.1,44.54,56.03,4.38,4,-64.8,10.0,35.47,0.5676,0.2761,OFFLOAD
6981,"Day 5, 20:21",0.55,44.44,45.45,3.16,8,-66.0,10.0,33.75,0.6716,0.2339,OFFLOAD
6982,"Day 5, 20:22",0.97,44.35,39.02,1.98,8,-65.1,10.0,38.49,0.6486,0.2379,OFFLOAD
6983,"Day 5, 20:23",0.96,44.27,34.96,3.59,6,-64.9,10.0,38.91,0.5645,0.2813,OFFLOAD
6984,"Day 5, 20:24",0.03,44.17,41.91,6.79,5,-62.5,10.0,43.76,0.5554,0.401,OFFLOAD
6985,"Day 5, 20:25",0.55,44.08,41.64,6.4,4,-60.8,10.0,42.53,0.5188,0.3806,OFFLOAD
6986,"Day 5, 20:26",1.35,43.99,44.34,6.95,6,-58.9,10.0,39.73,0.5972,0.3717,OFFLOAD
6987,"Day 5, 20:27",1.23,43.9,36.72,9.78,1,-58.7,10.0,43.63,0.3958,0.4746,LOCAL
6988,"Day 5, 20:28",0.22,43.75,50.64,8.6,8,-56.9,10.0,48.53,0.6913,0.4913,OFFLOAD
6989,"Day 5, 20:29",0.85,43.66,44.57,6.78,3,-55.8,10.0,43.81,0.4942,0.4012,OFFLOAD
6990,"Day 5, 20:30",0.74,43.58,32.53,6.64,1,-58.7,10.0,45.57,0.3824,0.4136,LOCAL
6991,"Day 5, 20:31",0.86,43.5,26.34,2.2,2,-58.0,10.0,45.72,0.3957,0.304,OFFLOAD
6992,"Day 5, 20:32",0.42,43.42,31.59,6.44,5,-56.7,10.0,49.66,0.5198,0.449,OFFLOAD
6993,"Day 5, 20:33",1.46,43.33,43.81,7.75,6,-56.5,10.0,50.42,0.5961,0.49,OFFLOAD
6994,"Day 5, 20:34",0.99,43.24,37.35,2.52,7,-55.1,10.0,47.21,0.6094,0.3262,OFFLOAD
6995,"Day 5, 20:35",1.43,43.17,28.8,4.87,1,-55.4,10.0,51.93,0.3689,0.4348,LOCAL
6996,"Day 5, 20:36",1.34,43.1,22.76,7.4,1,-55.9,10.0,55.75,0.348,0.5447,LOCAL
6997,"Day 5, 20:37",1.4,42.96,47.76,9.84,8,-54.5,10.0,55.74,0.6806,0.6056,OFFLOAD
6998,"Day 5, 20:38",0.26,42.87,40.99,6.64,2,-55.3,10.0,50.0,0.4488,0.4577,LOCAL
6999,"Day 5, 20:39",0.94,42.74,44.24,6.0,6,-57.3,10.0,46.15,0.5993,0.4029,OFFLOAD
7000,"Day 5, 20:40",1.02,42.66,33.36,2.09,2,-56.1,10.4,43.63,0.4212,0.2836,OFFLOAD
7001,"Day 5, 20:41",0.31,42.57,43.51,8.87,6,-55.5,10.0,46.18,0.598,0.475,OFFLOAD
7002,"Day 5, 20:42",0.72,42.48,35.38,3.04,5,-58.8,10.8,51.2,0.534,0.3829,OFFLOAD
7003,"Day 5, 20:43",0.13,42.4,34.53,6.93,3,-59.9,10.0,54.75,0.4621,0.5201,LOCAL
7004,"Day 5, 20:44",1.42,42.28,34.1,3.14,7,-60.2,10.0,57.54,0.5988,0.4624,OFFLOAD
7005,"Day 5, 20:45",1.12,42.2,38.45,4.14,7,-58.7,10.0,55.23,0.6146,0.4565,OFFLOAD
7006,"Day 5, 20:46",0.08,42.12,29.92,3.28,1,-58.1,10.0,50.68,0.3764,0.381,LOCAL
7007,"Day 5, 20:47",0.07,41.97,45.53,7.29,9,-58.0,10.0,51.64,0.7113,0.492,OFFLOAD
7008,"Day 5, 20:48",0.56,41.85,65.22,8.36,10,-60.4,10.0,48.3,0.8147,0.483,OFFLOAD
7009,"Day 5, 20:49",0.82,41.72,67.82,6.22,10,-59.8,10.0,49.77,0.8236,0.4447,OFFLOAD
7010,"Day 5, 20:50",1.17,41.6,59.26,4.16,8,-60.7,10.0,50.76,0.7232,0.4039,OFFLOAD
7011,"Day 5, 20:51",0.79,41.49,56.58,9.88,5,-60.7,10.0,52.72,0.6096,0.5691,LOCAL
7012,"Day 5, 20:52",1.31,41.33,63.32,7.86,8,-62.9,10.0,53.53,0.7376,0.5283,OFFLOAD
7013,"Day 5, 20:53",1.3,41.23,46.27,1.31,8,-65.6,10.0,48.82,0.6781,0.3121,OFFLOAD
7014,"Day 5, 20:54",1.11,41.15,34.45,4.0,1,-67.9,10.0,47.07,0.3922,0.3618,LOCAL
7015,"Day 5, 20:55",0.73,41.04,36.71,6.63,5,-68.8,10.0,49.95,0.5408,0.4569,OFFLOAD
7016,"Day 5, 20:56",0.55,40.96,35.23,6.65,4,-68.5,10.0,47.92,0.501,0.4364,OFFLOAD
7017,"Day 5, 20:57",0.94,40.87,38.67,9.54,4,-69.3,10.0,51.2,0.5126,0.5432,LOCAL
7018,"Day 5, 20:58",1.31,40.74,42.11,5.51,7,-67.3,10.0,53.51,0.6293,0.4693,OFFLOAD
7019,"Day 5, 20:59",1.35,40.64,46.89,8.32,6,-67.1,10.0,51.8,0.6111,0.5195,OFFLOAD
7020,"Day 5, 21:00",0.01,40.54,48.04,5.18,9,-69.4,10.3,53.17,0.7223,0.4579,OFFLOAD
7021,"Day 5, 21:01",0.93,40.44,48.37,6.85,6,-70.2,10.0,50.66,0.6173,0.4701,OFFLOAD
7022,"Day 5, 21:02",0.96,40.35,39.55,7.27,3,-70.9,10.0,52.36,0.4815,0.4997,LOCAL
7023,"Day 5, 21:03",0.55,40.25,38.96,7.23,3,-72.0,10.0,54.51,0.4802,0.5246,LOCAL
7024,"Day 5, 21:04",0.83,40.15,36.51,7.97,3,-70.5,10.0,56.89,0.4713,0.5741,LOCAL
7025,"Day 5, 21:05",1.14,40.05,36.2,9.85,3,-72.2,11.2,55.16,0.4699,0.6017,LOCAL
7026,"Day 5, 21:06",0.15,39.93,28.15,2.04,9,-70.9,10.0,54.84,0.6534,0.399,OFFLOAD
7027,"Day 5, 21:07",0.72,39.86,21.41,7.11,1,-70.6,10.0,49.25,0.349,0.4615,LOCAL
7028,"Day 5, 21:08",1.32,39.8,19.83,5.6,1,-71.5,10.0,47.83,0.3427,0.4092,LOCAL
7029,"Day 5, 21:09",0.58,39.73,19.34,4.45,1,-71.2,10.0,47.52,0.3422,0.3774,LOCAL
7030,"Day 5, 21:10",1.19,39.59,44.76,8.5,8,-71.3,10.0,43.44,0.6755,0.4409,OFFLOAD
7031,"Day 5, 21:11",1.2,39.52,32.94,1.57,5,-72.0,10.0,48.22,0.5292,0.3125,OFFLOAD
7032,"Day 5, 21:12",0.83,39.41,50.35,8.19,8,-73.5,10.0,45.5,0.6958,0.4516,OFFLOAD
7033,"Day 5, 21:13",0.96,39.3,57.03,9.17,7,-74.2,10.0,45.18,0.6842,0.4732,OFFLOAD
7034,"Day 5, 21:14",0.08,39.19,51.63,5.39,7,-70.9,10.0,41.61,0.6668,0.3477,OFFLOAD
7035,"Day 5, 21:15",1.15,39.09,48.35,4.04,10,-69.0,10.7,42.06,0.7589,0.3196,OFFLOAD
7036,"Day 5, 21:16",1.19,38.98,57.23,5.96,10,-67.8,10.0,45.29,0.79,0.394,OFFLOAD
7037,"Day 5, 21:17",0.39,38.88,46.07,2.06,8,-65.5,10.0,47.75,0.6823,0.32,OFFLOAD
7038,"Day 5, 21:18",0.66,38.79,38.02,3.34,6,-67.8,10.9,51.43,0.5839,0.3935,OFFLOAD
7039,"Day 5, 21:19",1.42,38.7,44.67,4.91,9,-69.9,11.6,50.67,0.7112,0.4263,OFFLOAD
7040,"Day 5, 21:20",0.22,38.58,60.49,8.86,9,-67.0,10.0,48.77,0.7685,0.5002,OFFLOAD
7041,"Day 5, 21:21",1.17,38.48,46.9,4.41,3,-68.8,10.0,53.3,0.5097,0.4393,OFFLOAD
7042,"Day 5, 21:22",1.12,38.39,37.69,4.95,3,-66.0,10.0,49.2,0.4776,0.407,OFFLOAD
7043,"Day 5, 21:23",1.2,38.31,35.19,2.59,7,-65.8,10.0,47.46,0.6089,0.3304,OFFLOAD
7044,"Day 5, 21:24",1.49,38.23,32.4,6.57,4,-67.8,10.0,49.71,0.4938,0.4528,LOCAL
7045,"Day 5, 21:25",1.38,38.08,54.2,7.81,10,-67.0,10.0,47.84,0.7805,0.4647,OFFLOAD
7046,"Day 5, 21:26",0.91,37.96,59.46,8.96,7,-65.7,10.0,50.66,0.6948,0.5228,OFFLOAD
7047,"Day 5, 21:27",0.61,37.86,45.07,1.57,5,-66.1,10.0,51.84,0.575,0.3513,OFFLOAD
7048,"Day 5, 21:28",1.25,37.76,48.56,8.96,5,-68.4,10.0,52.15,0.5864,0.5395,LOCAL
7049,"Day 5, 21:29",0.78,37.62,39.0,1.39,10,-66.9,12.4,52.07,0.7289,0.3562,OFFLOAD
7050,"Day 5, 21:30",1.38,37.53,42.92,9.49,4,-66.5,10.0,48.59,0.5318,0.5141,LOCAL
7051,"Day 5, 21:31",0.84,37.38,48.0,4.52,9,-64.8,10.0,52.64,0.7257,0.4342,OFFLOAD
7052,"Day 5, 21:32",0.25,37.3,34.98,4.33,3,-65.8,10.0,56.16,0.4711,0.4733,LOCAL
7053,"Day 5, 21:33",1.36,37.19,28.54,1.13,7,-65.2,10.0,53.78,0.587,0.3631,OFFLOAD
7054,"Day 5, 21:34",0.71,37.12,29.83,6.73,3,-65.4,10.0,50.85,0.4527,0.4692,LOCAL
7055,"Day 5, 21:35",1.22,37.03,28.98,5.18,3,-63.4,10.0,53.77,0.449,0.4642,LOCAL
7056,"Day 5, 21:36",0.03,36.93,29.02,8.99,3,-62.7,10.0,58.04,0.4511,0.6158,LOCAL
7057,"Day 5, 21:37",0.1,36.84,28.45,6.88,3,-62.8,10.0,58.31,0.4492,0.5668,LOCAL
7058,"Day 5, 21:38",0.85,36.77,25.33,9.08,1,-61.9,10.0,61.1,0.3672,0.6643,LOCAL
7059,"Day 5, 21:39",0.21,36.68,28.09,3.33,3,-62.4,10.0,54.56,0.448,0.4277,LOCAL
7060,"Day 5, 21:40",0.76,36.57,25.1,2.2,7,-64.2,10.0,51.09,0.5769,0.3585,OFFLOAD
7061,"Day 5, 21:41",0.5,36.49,36.75,8.64,4,-62.5,10.0,53.37,0.5131,0.5459,LOCAL
7062,"Day 5, 21:42",1.32,36.34,52.71,9.06,8,-61.5,10.0,50.14,0.708,0.5196,OFFLOAD
7063,"Day 5, 21:43",1.06,36.25,44.48,3.99,6,-61.1,10.0,53.07,0.6097,0.4261,OFFLOAD
7064,"Day 5, 21:44",0.08,36.15,40.4,4.37,7,-59.5,10.0,54.26,0.6321,0.45,OFFLOAD
7065,"Day 5, 21:45",1.25,36.08,30.39,4.47,2,-59.8,10.0,51.29,0.4204,0.4176,LOCAL
7066,"Day 5, 21:46",0.63,35.98,32.63,7.84,4,-61.5,10.0,52.67,0.4993,0.5175,LOCAL
7067,"Day 5, 21:47",0.17,35.82,55.18,9.19,9,-62.1,10.9,48.19,0.7542,0.5051,OFFLOAD
7068,"Day 5, 21:48",1.17,35.74,34.47,1.75,5,-61.5,10.0,43.97,0.5403,0.2768,OFFLOAD
7069,"Day 5, 21:49",0.79,35.64,44.89,5.31,10,-59.6,10.0,48.57,0.7525,0.4095,OFFLOAD
7070,"Day 5, 21:50",1.17,35.56,35.05,4.64,1,-62.2,10.0,52.53,0.4026,0.4359,LOCAL
7071,"Day 5, 21:51",1.09,35.41,46.17,5.8,10,-62.0,10.0,49.71,0.7568,0.4335,OFFLOAD
7072,"Day 5, 21:52",1.17,35.32,41.72,4.22,7,-64.4,10.0,46.86,0.6363,0.3652,OFFLOAD
7073,"Day 5, 21:53",0.36,35.23,38.42,5.43,4,-65.9,10.0,45.93,0.5211,0.3866,OFFLOAD
7074,"Day 5, 21:54",0.14,35.13,45.52,6.29,8,-68.0,10.0,46.3,0.6864,0.4116,OFFLOAD
7075,"Day 5, 21:55",1.32,35.05,36.04,9.48,2,-67.5,10.0,46.68,0.4416,0.495,LOCAL
7076,"Day 5, 21:56",0.7,34.92,39.87,3.85,8,-65.2,10.0,42.27,0.6661,0.3147,OFFLOAD
7077,"Day 5, 21:57",0.43,34.84,30.26,1.9,4,-64.0,10.0,42.41,0.493,0.2671,OFFLOAD
7078,"Day 5, 21:58",0.58,34.78,21.01,2.13,3,-63.3,10.0,42.6,0.4255,0.2745,OFFLOAD
7079,"Day 5, 21:59",1.24,34.71,21.76,1.84,9,-64.5,10.0,43.12,0.6372,0.2717,OFFLOAD
7080,"Day 5, 22:00",0.78,34.65,19.93,3.27,4,-66.6,10.0,47.28,0.4566,0.3456,OFFLOAD
7081,"Day 5, 22:01",0.39,34.58,26.75,8.88,3,-67.7,10.0,45.1,0.4462,0.4652,LOCAL
7082,"Day 5, 22:02",0.54,34.49,27.25,4.77,4,-68.6,10.5,50.27,0.4828,0.4154,OFFLOAD
7083,"Day 5, 22:03",1.16,34.42,27.49,4.26,6,-66.5,10.0,54.68,0.5528,0.4525,OFFLOAD
7084,"Day 5, 22:04",1.32,34.35,25.28,2.79,6,-64.0,10.9,58.39,0.545,0.4682,OFFLOAD
7085,"Day 5, 22:05",0.14,34.26,36.08,6.54,5,-65.2,10.0,59.31,0.5497,0.5731,LOCAL
7086,"Day 5, 22:06",0.3,34.14,31.14,1.58,8,-67.5,10.0,59.98,0.6373,0.4593,OFFLOAD
7087,"Day 5, 22:07",0.97,34.05,40.77,6.61,7,-65.4,10.0,54.28,0.6352,0.5062,OFFLOAD
7088,"Day 5, 22:08",0.95,33.96,40.98,5.6,6,-65.5,11.2,57.97,0.6011,0.5334,OFFLOAD
7089,"Day 5, 22:09",0.83,33.88,31.92,5.52,1,-65.5,10.0,52.99,0.3946,0.4633,LOCAL
7090,"Day 5, 22:10",1.44,33.75,37.5,4.02,9,-63.3,10.0,56.3,0.6935,0.4675,OFFLOAD
7091,"Day 5, 22:11",1.09,33.64,55.62,9.26,8,-64.1,10.0,53.79,0.7226,0.5664,OFFLOAD
7092,"Day 5, 22:12",1.4,33.52,65.8,9.63,8,-63.6,10.0,53.5,0.7579,0.5721,LOCAL
7093,"Day 5, 22:13",1.07,33.36,57.76,4.16,9,-64.2,10.0,48.24,0.7655,0.3773,LOCAL
7094,"Day 5, 22:14",0.03,33.25,43.1,5.71,3,-64.3,10.0,45.09,0.5059,0.3859,OFFLOAD
7095,"Day 5, 22:15",0.06,33.16,35.91,2.91,5,-62.6,10.0,46.6,0.5508,0.33,OFFLOAD
7096,"Day 5, 22:16",0.32,33.09,25.06,8.73,1,-62.2,10.0,50.77,0.3726,0.5183,LOCAL
7097,"Day 5, 22:17",1.01,32.98,32.75,4.2,7,-61.8,10.0,54.88,0.6086,0.4535,OFFLOAD
7098,"Day 5, 22:18",0.71,32.9,27.27,5.79,2,-61.3,10.0,53.56,0.415,0.4768,LOCAL
7099,"Day 5, 22:19",0.53,32.81,26.46,5.86,4,-61.8,10.0,51.2,0.4826,0.4512,LOCAL
7100,"Day 5, 22:20",0.59,32.72,27.15,6.07,4,-60.2,10.0,50.79,0.4851,0.452,LOCAL
7101,"Day 5, 22:21",1.38,32.64,22.9,4.43,2,-60.8,10.4,54.49,0.3991,0.4553,LOCAL
7102,"Day 5, 22:22",0.96,32.56,21.87,3.12,4,-63.0,10.3,56.58,0.4663,0.4497,LOCAL
7103,"Day 5, 22:23",1.36,32.46,20.09,2.09,8,-62.4,10.1,58.81,0.5996,0.4547,LOCAL
7104,"Day 5, 22:24",0.81,32.39,19.55,3.74,1,-63.3,10.0,56.51,0.3536,0.4633,LOCAL
7105,"Day 5, 22:25",0.44,32.32,19.25,4.27,1,-65.1,10.0,60.51,0.3532,0.5348,LOCAL
7106,"Day 5, 22:26",0.16,32.25,19.06,6.46,3,-67.0,10.0,54.02,0.4231,0.4993,LOCAL
7107,"Day 5, 22:27",0.0,32.13,37.56,9.43,6,-66.9,10.0,52.58,0.5933,0.5563,LOCAL
7108,"Day 5, 22:28",0.79,32.01,44.34,8.86,5,-66.7,10.0,49.77,0.581,0.5107,OFFLOAD
7109,"Day 5, 22:29",1.01,31.92,36.32,7.76,2,-65.1,10.0,51.52,0.4477,0.5024,LOCAL
7110,"Day 5, 22:30",0.63,31.81,35.03,3.9,5,-66.0,10.0,52.74,0.549,0.4199,OFFLOAD
7111,"Day 5, 22:31",1.31,31.73,39.04,6.6,6,-67.3,12.6,54.25,0.5971,0.513,OFFLOAD
7112,"Day 5, 22:32",0.27,31.61,55.17,8.98,8,-66.1,10.0,51.64,0.7253,0.5342,OFFLOAD
7113,"Day 5, 22:33",1.05,31.5,58.77,6.59,9,-64.9,10.8,51.47,0.7719,0.4747,OFFLOAD
7114,"Day 5, 22:34",0.13,31.36,75.14,9.84,9,-66.0,10.0,51.94,0.8308,0.5591,OFFLOAD
7115,"Day 5, 22:35",0.78,31.26,47.8,3.97,1,-67.5,10.4,54.57,0.4543,0.445,LOCAL
7116,"Day 5, 22:36",0.34,31.09,61.94,7.74,9,-66.2,10.0,57.11,0.7847,0.5714,LOCAL
7117,"Day 5, 22:37",0.6,30.99,45.8,9.94,1,-65.1,10.0,51.78,0.4479,0.5598,LOCAL
7118,"Day 5, 22:38",1.18,30.86,39.34,3.48,7,-65.4,10.0,56.1,0.6346,0.4512,OFFLOAD
7119,"Day 5, 22:39",0.54,30.78,33.64,2.24,9,-67.3,10.0,55.51,0.6858,0.4125,OFFLOAD
7120,"Day 5, 22:40",0.67,30.69,37.69,3.65,8,-67.8,10.0,53.49,0.6649,0.4225,OFFLOAD
7121,"Day 5, 22:41",0.45,30.62,30.45,3.88,2,-65.5,10.0,54.93,0.43,0.4461,LOCAL
7122,"Day 5, 22:42",1.34,30.52,33.77,7.72,4,-66.0,10.0,52.67,0.5104,0.5146,LOCAL
7123,"Day 5, 22:43",1.18,30.38,36.66,3.62,10,-65.8,10.0,54.94,0.731,0.4397,OFFLOAD
7124,"Day 5, 22:44",0.17,30.3,33.13,9.37,2,-64.9,10.0,53.03,0.4402,0.56,LOCAL
7125,"Day 5, 22:45",0.82,30.18,39.64,7.4,6,-63.9,10.0,50.45,0.6022,0.4815,OFFLOAD
7126,"Day 5, 22:46",1.39,30.1,35.8,6.45,4,-65.8,10.0,48.33,0.5181,0.4356,OFFLOAD
7127,"Day 5, 22:47",1.42,30.01,43.48,5.21,8,-65.2,10.0,44.88,0.685,0.3715,OFFLOAD
7128,"Day 5, 22:48",0.59,29.91,42.41,9.11,4,-62.8,10.0,42.53,0.5427,0.4484,LOCAL
7129,"Day 5, 22:49",0.53,29.82,33.82,7.36,2,-62.2,10.0,47.24,0.4428,0.4475,LOCAL
7130,"Day 5, 22:50",1.46,29.75,24.32,2.89,1,-60.9,10.0,44.5,0.3733,0.31,LOCAL
7131,"Day 5, 22:51",0.32,29.68,18.5,7.31,1,-63.0,10.0,46.44,0.3548,0.4385,LOCAL
7132,"Day 5, 22:52",0.08,29.58,26.96,7.32,5,-62.0,10.0,50.53,0.5249,0.4803,LOCAL
7133,"Day 5, 22:53",0.5,29.47,25.46,1.02,8,-62.9,10.0,47.83,0.6242,0.2947,LOCAL
7134,"Day 5, 22:54",1.5,29.37,20.8,1.12,7,-63.9,10.0,53.1,0.5715,0.3546,LOCAL
7135,"Day 5, 22:55",0.05,29.24,30.22,3.15,10,-64.9,10.0,47.67,0.7118,0.3464,LOCAL
7136,"Day 5, 22:56",0.47,29.17,25.0,5.81,1,-64.5,10.8,52.34,0.3781,0.4653,LOCAL
7137,"Day 5, 22:57",1.38,29.1,19.2,1.34,2,-62.2,10.0,47.71,0.3915,0.3016,LOCAL
7138,"Day 5, 22:58",1.23,29.01,20.3,2.76,6,-63.4,10.0,47.9,0.5357,0.339,LOCAL
7139,"Day 5, 22:59",0.39,28.93,19.59,4.62,4,-61.1,10.0,44.07,0.4646,0.3494,LOCAL
7140,"Day 5, 23:00",0.4,28.84,25.49,8.71,3,-61.8,10.0,40.88,0.4504,0.4247,LOCAL
7141,"Day 5, 23:01",0.99,28.71,41.91,8.31,8,-62.9,10.0,46.71,0.6821,0.466,LOCAL
7142,"Day 5, 23:02",0.32,28.61,31.69,2.37,4,-63.3,10.0,42.99,0.5075,0.2838,LOCAL
7143,"Day 5, 23:03",0.93,28.52,24.53,1.69,3,-65.9,10.0,41.89,0.4467,0.2575,LOCAL
7144,"Day 5, 23:04",0.03,28.43,25.94,3.65,5,-64.6,10.0,43.7,0.5231,0.3219,LOCAL
7145,"Day 5, 23:05",0.36,28.32,32.41,7.42,5,-62.6,10.0,43.62,0.5454,0.4155,LOCAL
7146,"Day 5, 23:06",1.2,28.18,45.26,7.18,8,-65.2,10.0,48.18,0.6943,0.4522,LOCAL
7147,"Day 5, 23:07",0.81,28.09,37.39,9.01,2,-66.0,10.0,52.63,0.4575,0.5463,LOCAL
7148,"Day 5, 23:08",0.86,27.93,57.5,9.19,9,-63.4,10.0,49.0,0.7731,0.5109,LOCAL
7149,"Day 5, 23:09",0.28,27.8,52.95,8.58,4,-65.1,10.0,53.58,0.5832,0.5469,LOCAL
7150,"Day 5, 23:10",1.2,27.67,47.59,5.79,6,-62.9,10.0,50.59,0.6333,0.4428,LOCAL
7151,"Day 5, 23:11",1.33,27.57,39.16,9.31,3,-65.5,10.0,49.93,0.4987,0.5236,LOCAL
7152,"Day 5, 23:12",1.13,27.43,44.87,7.82,7,-63.5,10.0,47.58,0.6592,0.4623,LOCAL
7153,"Day 5, 23:13",1.5,27.34,33.62,2.8,3,-62.8,10.0,43.11,0.4794,0.2956,LOCAL
7154,"Day 5, 23:14",1.42,27.22,33.93,5.88,7,-60.6,10.0,39.49,0.6208,0.343,LOCAL
7155,"Day 5, 23:15",0.57,27.11,39.79,9.72,4,-59.6,10.0,44.64,0.5377,0.482,LOCAL
7156,"Day 5, 23:16",1.25,26.96,53.04,8.42,9,-60.5,10.0,46.56,0.7583,0.4673,LOCAL
7157,"Day 5, 23:17",0.39,26.84,42.75,3.14,6,-63.0,10.0,48.84,0.6188,0.358,LOCAL
7158,"Day 5, 23:18",0.83,26.73,30.66,1.58,5,-63.2,10.0,51.87,0.541,0.3518,LOCAL
7159,"Day 5, 23:19",1.4,26.65,25.23,5.84,3,-65.5,10.0,50.47,0.4512,0.4428,LOCAL
7160,"Day 5, 23:20",1.1,26.54,27.48,2.92,7,-63.5,10.0,51.03,0.5997,0.3759,LOCAL
7161,"Day 5, 23:21",0.84,26.43,29.58,3.5,8,-65.1,10.0,48.56,0.6426,0.3642,LOCAL
7162,"Day 5, 23:22",1.25,26.34,30.71,6.83,3,-64.2,10.0,49.45,0.4711,0.4566,LOCAL
7163,"Day 5, 23:23",1.1,26.26,24.25,3.07,2,-65.8,10.0,51.95,0.4138,0.3899,LOCAL
7164,"Day 5, 23:24",0.01,26.14,23.56,1.8,10,-63.6,10.0,46.73,0.6932,0.3035,LOCAL
7165,"Day 5, 23:25",1.1,25.98,55.52,9.51,9,-64.2,10.0,51.12,0.7687,0.5416,LOCAL
7166,"Day 5, 23:26",0.79,25.89,36.23,2.1,1,-65.1,10.0,47.13,0.4218,0.3149,LOCAL
7167,"Day 5, 23:27",1.04,25.74,56.4,9.17,9,-66.2,10.0,43.38,0.7722,0.4572,LOCAL
7168,"Day 5, 23:28",0.2,25.59,43.98,2.93,9,-67.8,10.0,41.09,0.7302,0.2819,LOCAL
7169,"Day 5, 23:29",0.52,25.48,31.44,1.23,7,-67.8,10.0,43.5,0.616,0.2597,LOCAL
7170,"Day 5, 23:30",0.15,25.4,28.66,9.75,1,-68.4,15.3,47.07,0.397,0.5206,LOCAL
7171,"Day 5, 23:31",0.99,25.28,40.24,8.78,6,-69.8,11.3,46.79,0.6114,0.4825,LOCAL
7172,"Day 5, 23:32",0.64,25.17,39.34,6.27,4,-68.9,10.0,46.91,0.539,0.417,LOCAL
7173,"Day 5, 23:33",0.17,25.08,27.0,1.73,2,-70.7,10.6,47.86,0.4266,0.3146,LOCAL
7174,"Day 5, 23:34",0.42,24.98,23.32,1.04,6,-72.2,10.2,43.57,0.5535,0.2562,LOCAL
7175,"Day 5, 23:35",0.64,24.88,35.59,8.45,5,-71.9,10.0,48.24,0.5613,0.4846,LOCAL
7176,"Day 5, 23:36",0.71,24.72,51.8,7.82,9,-70.6,11.3,45.43,0.7582,0.4454,LOCAL
7177,"Day 5, 23:37",0.4,24.63,36.11,5.03,2,-68.3,10.0,48.69,0.4589,0.4037,LOCAL
7178,"Day 5, 23:38",1.21,24.54,29.71,9.22,2,-70.1,10.0,51.41,0.4354,0.5376,LOCAL
7179,"Day 5, 23:39",0.84,24.47,23.77,1.51,1,-69.3,10.0,54.77,0.3802,0.3848,LOCAL
7180,"Day 5, 23:40",0.4,24.35,33.61,6.09,7,-71.0,11.6,52.3,0.6255,0.474,LOCAL
7181,"Day 5, 23:41",0.43,24.23,42.28,7.89,6,-70.4,10.0,53.73,0.621,0.5315,LOCAL
7182,"Day 5, 23:42",1.0,24.13,33.89,2.62,4,-69.8,10.7,52.22,0.5209,0.3838,LOCAL
7183,"Day 5, 23:43",1.34,24.02,32.7,3.38,6,-71.3,10.0,56.59,0.5864,0.4554,LOCAL
7184,"Day 5, 23:44",0.04,23.89,38.05,4.04,7,-70.3,11.8,52.26,0.6423,0.4229,LOCAL
7185,"Day 5, 23:45",0.12,23.79,39.56,9.17,3,-70.0,10.2,51.86,0.5076,0.542,LOCAL
7186,"Day 5, 23:46",0.98,23.68,29.33,2.12,6,-69.5,10.0,47.64,0.5757,0.3204,LOCAL
7187,"Day 5, 23:47",1.14,23.6,26.6,3.8,2,-68.4,10.0,46.15,0.426,0.348,LOCAL
7188,"Day 5, 23:48",0.19,23.46,46.96,8.18,8,-65.6,10.0,50.17,0.7089,0.498,LOCAL
7189,"Day 5, 23:49",1.03,23.35,42.58,9.24,3,-63.1,10.0,54.16,0.5175,0.5705,LOCAL
7190,"Day 5, 23:50",0.43,23.25,34.65,2.77,4,-65.5,10.0,55.88,0.5258,0.4306,LOCAL
7191,"Day 5, 23:51",0.6,23.16,26.62,3.41,4,-66.9,10.0,52.91,0.4975,0.4096,LOCAL
7192,"Day 5, 23:52",1.2,23.08,23.23,2.35,2,-65.1,10.0,47.89,0.4149,0.3286,LOCAL
7193,"Day 5, 23:53",1.05,22.97,35.05,8.17,5,-65.1,10.0,47.67,0.5617,0.4719,LOCAL
7194,"Day 5, 23:54",0.21,22.8,59.79,9.83,10,-62.9,10.0,49.35,0.8248,0.5305,LOCAL
7195,"Day 5, 23:55",0.16,22.67,54.0,6.69,5,-63.5,10.0,47.6,0.6298,0.4342,LOCAL
7196,"Day 5, 23:56",0.79,22.57,39.79,2.6,2,-65.3,10.0,51.21,0.4742,0.3699,LOCAL
7197,"Day 5, 23:57",1.36,22.48,32.25,8.55,1,-67.6,10.0,48.98,0.4121,0.4947,LOCAL
7198,"Day 5, 23:58",0.14,22.35,41.76,5.06,8,-65.5,10.0,51.08,0.6924,0.4299,LOCAL
7199,"Day 5, 23:59",1.17,22.23,41.74,7.2,5,-66.4,10.0,50.59,0.586,0.478,LOCAL
7200,"Day 6, 00:00",0.45,22.11,44.99,9.73,4,-67.9,10.0,50.99,0.5636,0.5457,LOCAL
7201,"Day 6, 00:01",1.22,22.03,33.71,5.76,1,-67.7,11.8,47.87,0.4181,0.4188,LOCAL
7202,"Day 6, 00:02",1.31,21.88,53.03,8.03,9,-66.5,10.0,44.23,0.7658,0.4362,LOCAL
7203,"Day 6, 00:03",0.76,21.76,43.76,7.06,4,-67.6,10.0,45.17,0.5594,0.4204,LOCAL
7204,"Day 6, 00:04",1.46,21.62,50.45,7.16,7,-66.1,10.0,43.12,0.6869,0.4046,LOCAL
7205,"Day 6, 00:05",0.95,21.5,43.31,4.12,6,-67.4,10.0,48.58,0.6279,0.3799,LOCAL
7206,"Day 6, 00:06",0.7,21.35,46.11,4.13,9,-67.3,10.0,48.92,0.7433,0.3835,LOCAL
7207,"Day 6, 00:07",0.38,21.2,54.88,7.02,8,-68.3,10.0,52.43,0.7397,0.4943,LOCAL
7208,"Day 6, 00:08",1.25,21.09,39.74,3.57,5,-68.3,10.7,54.93,0.5806,0.4404,LOCAL
7209,"Day 6, 00:09",0.44,20.99,31.36,4.01,4,-69.2,10.0,50.2,0.5176,0.3941,LOCAL
7210,"Day 6, 00:10",0.78,20.86,44.54,8.79,6,-68.6,10.0,46.48,0.6334,0.4759,LOCAL
7211,"Day 6, 00:11",1.06,20.73,36.17,2.39,10,-66.3,10.0,42.77,0.7439,0.2824,LOCAL
7212,"Day 6, 00:12",0.96,20.66,22.74,1.56,1,-67.9,10.0,42.46,0.3821,0.259,LOCAL
7213,"Day 6, 00:13",1.36,20.56,29.95,8.25,4,-67.6,10.0,46.93,0.5119,0.4667,LOCAL
7214,"Day 6, 00:14",1.13,20.47,29.22,8.17,3,-68.0,10.0,50.91,0.4749,0.5058,LOCAL
7215,"Day 6, 00:15",0.24,20.34,37.16,5.24,8,-68.0,10.0,48.25,0.6792,0.4045,LOCAL
7216,"Day 6, 00:16",1.06,20.22,36.09,4.34,8,-66.0,10.0,49.51,0.6744,0.395,LOCAL
7217,"Day 6, 00:17",1.06,20.11,27.31,2.03,8,-65.8,10.0,53.41,0.6438,0.3811,LOCAL
7218,"Day 6, 00:18",1.28,20.02,29.99,6.39,3,-63.5,10.0,54.14,0.478,0.4989,LOCAL
7219,"Day 6, 00:19",0.58,19.88,48.19,7.93,8,-62.7,10.0,54.87,0.718,0.5466,LOCAL
7220,"Day 6, 00:20",0.6,19.77,38.38,6.58,3,-62.8,10.0,57.8,0.5088,0.552,LOCAL
7221,"Day 6, 00:21",1.28,19.67,37.99,6.17,4,-61.7,10.0,57.83,0.5415,0.5422,LOCAL
7222,"Day 6, 00:22",0.88,19.56,36.22,5.08,5,-64.0,10.0,54.4,0.5711,0.4695,LOCAL
7223,"Day 6, 00:23",1.25,19.47,30.11,4.48,3,-62.3,10.0,51.24,0.4793,0.4172,LOCAL
7224,"Day 6, 00:24",1.46,19.34,36.2,5.4,8,-64.8,10.0,47.07,0.6755,0.3968,LOCAL
7225,"Day 6, 00:25",0.13,19.21,36.52,3.81,8,-62.4,10.0,47.72,0.6788,0.3634,LOCAL
7226,"Day 6, 00:26",0.03,19.07,38.76,3.54,10,-62.5,10.0,52.15,0.757,0.404,LOCAL
7227,"Day 6, 00:27",0.6,18.95,32.41,2.78,8,-64.2,10.0,56.08,0.6641,0.4335,LOCAL
7228,"Day 6, 00:28",0.96,18.84,41.53,8.27,5,-64.1,10.0,58.29,0.5907,0.6013,LOCAL
7229,"Day 6, 00:29",1.13,18.76,29.94,2.75,1,-63.8,10.0,57.49,0.41,0.452,LOCAL
7230,"Day 6, 00:30",1.4,18.66,31.28,9.8,3,-62.3,10.0,54.8,0.4844,0.5925,LOCAL
7231,"Day 6, 00:31",0.99,18.57,33.97,9.96,2,-61.1,10.0,53.23,0.4596,0.5772,LOCAL
7232,"Day 6, 00:32",0.21,18.5,22.37,6.87,1,-59.6,10.0,48.48,0.3852,0.4475,LOCAL
7233,"Day 6, 00:33",0.05,18.4,27.79,4.66,6,-59.0,10.0,48.47,0.5796,0.3922,LOCAL
7234,"Day 6, 00:34",0.89,18.25,50.39,9.29,9,-58.2,10.0,43.92,0.7626,0.4649,LOCAL
7235,"Day 6, 00:35",0.45,18.15,39.09,5.07,1,-58.8,10.0,45.58,0.4439,0.3744,LOCAL
7236,"Day 6, 00:36",0.99,18.03,39.84,4.41,7,-58.1,10.0,50.53,0.6559,0.4076,LOCAL
7237,"Day 6, 00:37",1.13,17.87,54.76,7.23,10,-58.8,10.0,51.29,0.8132,0.4865,LOCAL
7238,"Day 6, 00:38",0.49,17.74,47.03,4.21,5,-59.8,10.0,54.13,0.6123,0.4444,LOCAL
7239,"Day 6, 00:39",1.24,17.65,37.52,8.72,2,-60.4,10.0,54.34,0.473,0.5597,LOCAL
7240,"Day 6, 00:40",0.3,17.56,28.54,7.56,2,-61.2,10.0,57.37,0.4431,0.5705,LOCAL
7241,"Day 6, 00:41",0.71,17.48,25.92,8.14,1,-59.9,10.0,54.62,0.3984,0.5487,LOCAL
7242,"Day 6, 00:42",0.68,17.36,42.88,9.79,6,-61.3,10.0,50.81,0.633,0.5452,LOCAL
7243,"Day 6, 00:43",0.28,17.24,44.35,8.84,5,-59.9,10.0,49.5,0.604,0.5074,LOCAL
7244,"Day 6, 00:44",1.23,17.13,30.96,2.35,6,-62.0,10.0,53.67,0.5908,0.3922,LOCAL
7245,"Day 6, 00:45",0.83,17.0,43.72,8.27,7,-64.7,10.0,49.76,0.6713,0.4959,LOCAL
7246,"Day 6, 00:46",0.63,16.89,32.94,1.03,6,-62.9,10.0,49.58,0.599,0.3129,LOCAL
7247,"Day 6, 00:47",0.27,16.81,24.22,6.71,1,-63.8,10.0,45.14,0.3942,0.4113,LOCAL
7248,"Day 6, 00:48",1.23,16.7,35.16,6.45,6,-65.1,10.0,42.87,0.6061,0.3847,LOCAL
7249,"Day 6, 00:49",1.32,16.62,26.14,1.05,2,-65.7,10.0,45.89,0.4346,0.2768,LOCAL
7250,"Day 6, 00:50",0.25,16.52,29.27,5.14,5,-65.9,10.0,43.8,0.5523,0.3601,LOCAL
7251,"Day 6, 00:51",1.36,16.39,43.17,6.42,8,-66.8,10.0,43.97,0.7045,0.3935,LOCAL
7252,"Day 6, 00:52",0.39,16.28,35.12,2.94,5,-68.9,10.0,49.71,0.5729,0.3621,LOCAL
7253,"Day 6, 00:53",1.06,16.15,38.81,6.67,7,-67.9,10.0,51.12,0.655,0.4706,LOCAL
7254,"Day 6, 00:54",1.46,16.03,38.94,4.85,8,-69.5,10.0,51.17,0.6901,0.4256,LOCAL
7255,"Day 6, 00:55",1.34,15.88,54.83,9.96,8,-70.8,10.0,53.42,0.7461,0.5794,LOCAL
7256,"Day 6, 00:56",0.01,15.76,44.29,4.82,3,-72.0,11.7,54.59,0.5364,0.4702,LOCAL
7257,"Day 6, 00:57",1.04,15.63,36.54,1.02,10,-70.0,10.0,58.75,0.7529,0.4267,LOCAL
7258,"Day 6, 00:58",0.82,15.5,39.47,4.64,7,-67.5,10.0,53.27,0.6587,0.4447,LOCAL
7259,"Day 6, 00:59",0.43,15.38,44.87,5.69,6,-65.2,10.0,50.53,0.6433,0.4396,LOCAL
7260,"Day 6, 01:00",0.96,15.27,37.94,4.87,4,-63.3,10.0,51.82,0.5485,0.4335,LOCAL
7261,"Day 6, 01:01",1.03,15.13,45.63,5.27,9,-63.0,10.0,51.92,0.7505,0.4446,LOCAL
7262,"Day 6, 01:02",1.23,14.95,64.7,8.51,10,-62.3,10.0,55.25,0.8522,0.5659,LOCAL
7263,"Day 6, 01:03",1.3,14.82,47.07,1.15,6,-60.7,10.0,57.52,0.6506,0.4124,LOCAL
7264,"Day 6, 01:04",1.13,14.68,39.36,1.43,10,-59.1,10.0,56.47,0.764,0.405,LOCAL
7265,"Day 6, 01:05",0.35,14.57,38.62,7.24,4,-57.2,10.0,52.9,0.5528,0.5052,LOCAL
7266,"Day 6, 01:06",1.18,14.48,30.56,2.54,4,-56.3,10.0,52.52,0.5235,0.3833,LOCAL
7267,"Day 6, 01:07",0.83,14.36,38.26,6.97,7,-58.6,10.0,55.83,0.6561,0.535,LOCAL
7268,"Day 6, 01:08",0.49,14.23,37.02,4.75,7,-60.6,10.0,54.7,0.6525,0.4649,LOCAL
7269,"Day 6, 01:09",0.32,14.13,30.73,3.25,5,-59.1,10.0,56.44,0.5609,0.4501,LOCAL
7270,"Day 6, 01:10",0.47,14.03,29.81,3.74,5,-57.5,10.0,57.47,0.5576,0.4764,LOCAL
7271,"Day 6, 01:11",0.87,13.93,27.55,3.33,5,-60.0,10.0,59.45,0.5492,0.4949,LOCAL
7272,"Day 6, 01:12",0.92,13.78,51.51,8.92,9,-62.2,10.0,54.49,0.7732,0.5665,LOCAL
7273,"Day 6, 01:13",0.26,13.68,36.25,5.32,2,-60.6,10.0,50.55,0.476,0.4306,LOCAL
7274,"Day 6, 01:14",0.66,13.59,30.75,1.78,2,-63.5,10.0,47.46,0.4562,0.3101,LOCAL
7275,"Day 6, 01:15",1.42,13.52,24.42,5.58,1,-65.9,10.0,46.49,0.3981,0.3957,LOCAL
7276,"Day 6, 01:16",0.98,13.39,46.59,9.85,7,-65.6,10.0,44.81,0.6865,0.4868,LOCAL
7277,"Day 6, 01:17",1.3,13.3,36.08,3.52,2,-65.3,10.0,45.3,0.4744,0.333,LOCAL
7278,"Day 6, 01:18",1.49,13.2,25.15,1.2,5,-64.5,10.0,44.0,0.541,0.2633,LOCAL
7279,"Day 6, 01:19",1.11,13.14,18.47,8.0,1,-63.1,10.0,47.51,0.3783,0.4661,LOCAL
7280,"Day 6, 01:20",0.62,13.02,32.96,6.93,8,-64.9,10.0,51.51,0.6749,0.4815,LOCAL
7281,"Day 6, 01:21",0.3,12.86,55.98,9.7,8,-63.3,10.0,48.57,0.7562,0.5193,LOCAL
7282,"Day 6, 01:22",0.07,12.69,64.93,5.45,10,-62.4,10.0,45.8,0.8581,0.386,LOCAL
7283,"Day 6, 01:23",0.14,12.56,51.65,6.99,3,-61.0,10.0,46.44,0.5667,0.4305,LOCAL
7284,"Day 6, 01:24",0.37,12.4,56.08,6.13,9,-63.7,10.4,49.79,0.7921,0.4439,LOCAL
7285,"Day 6, 01:25",0.65,12.24,62.57,7.79,8,-62.4,10.2,48.35,0.7797,0.4698,LOCAL
7286,"Day 6, 01:26",1.44,12.14,42.99,3.81,2,-65.1,10.0,47.68,0.5001,0.3631,LOCAL
7287,"Day 6, 01:27",1.37,12.05,30.67,2.75,2,-63.8,10.0,46.68,0.4572,0.3268,LOCAL
7288,"Day 6, 01:28",1.29,11.98,22.44,4.38,1,-66.2,10.0,51.86,0.3936,0.4217,LOCAL
7289,"Day 6, 01:29",0.62,11.83,49.46,8.0,10,-65.6,10.0,54.67,0.8044,0.5458,LOCAL
7290,"Day 6, 01:30",0.17,11.68,47.5,3.37,9,-63.4,10.0,52.2,0.7635,0.4003,LOCAL
7291,"Day 6, 01:31",0.5,11.59,36.78,8.62,1,-62.2,10.0,54.5,0.4456,0.5591,LOCAL
7292,"Day 6, 01:32",0.65,11.49,30.7,2.42,4,-63.1,10.0,54.17,0.5292,0.4001,LOCAL
7293,"Day 6, 01:33",0.63,11.37,29.5,2.32,10,-65.1,10.0,53.77,0.7353,0.3926,LOCAL
7294,"Day 6, 01:34",0.86,11.23,41.5,5.36,8,-66.9,10.0,52.0,0.7071,0.4477,LOCAL
7295,"Day 6, 01:35",0.39,11.13,37.33,6.81,3,-68.5,10.0,51.03,0.5184,0.4732,LOCAL
7296,"Day 6, 01:36",0.94,10.97,50.91,5.84,10,-66.6,10.0,49.17,0.8103,0.4289,LOCAL
7297,"Day 6, 01:37",0.93,10.85,42.36,2.61,7,-64.3,10.0,47.34,0.6756,0.3297,LOCAL
7298,"Day 6, 01:38",0.51,10.75,34.31,6.31,2,-65.8,10.0,49.98,0.4732,0.4492,LOCAL
7299,"Day 6, 01:39",1.08,10.63,44.4,7.95,6,-63.2,10.0,54.71,0.6478,0.5451,LOCAL
7300,"Day 6, 01:40",0.6,10.53,35.5,2.73,3,-60.9,10.0,58.34,0.5126,0.4635,LOCAL
7301,"Day 6, 01:41",0.45,10.44,29.6,4.57,2,-62.1,10.0,60.19,0.4573,0.5371,LOCAL
7302,"Day 6, 01:42",1.39,10.32,39.9,6.61,7,-60.4,10.0,60.39,0.6671,0.5912,LOCAL
7303,"Day 6, 01:43",1.31,10.22,35.48,6.56,3,-58.7,10.0,55.75,0.5119,0.5237,LOCAL
7304,"Day 6, 01:44",0.38,10.11,34.01,2.44,6,-56.9,10.0,57.07,0.6133,0.4384,LOCAL
7305,"Day 6, 01:45",0.78,10.01,33.75,4.89,4,-57.6,10.0,56.24,0.5419,0.4884,LOCAL
7306,"Day 6, 01:46",0.8,9.91,29.41,5.43,5,-56.6,10.0,60.1,0.5619,0.5573,LOCAL
7307,"Day 6, 01:47",0.53,9.82,25.03,3.65,3,-56.4,10.0,54.4,0.4771,0.4337,LOCAL
7308,"Day 6, 01:48",0.65,9.72,26.52,4.85,6,-59.1,10.0,54.13,0.5873,0.4603,LOCAL
7309,"Day 6, 01:49",0.25,9.63,25.95,7.12,4,-60.9,10.1,58.48,0.516,0.5756,LOCAL
7310,"Day 6, 01:50",1.27,9.54,23.67,3.14,4,-61.9,10.0,53.7,0.5066,0.4123,LOCAL
7311,"Day 6, 01:51",0.59,9.44,23.88,3.74,6,-60.0,10.0,49.27,0.5785,0.3774,LOCAL
7312,"Day 6, 01:52",1.39,9.31,44.36,9.23,7,-59.0,10.0,45.97,0.6842,0.482,LOCAL
7313,"Day 6, 01:53",0.21,9.19,40.35,5.27,5,-58.5,10.0,44.07,0.6021,0.3657,LOCAL
7314,"Day 6, 01:54",0.4,9.07,39.86,6.34,6,-57.1,10.0,44.74,0.6353,0.3985,LOCAL
7315,"Day 6, 01:55",0.35,8.9,63.02,9.83,10,-58.2,10.0,44.55,0.8567,0.484,LOCAL
7316,"Day 6, 01:56",0.48,8.78,51.48,8.31,3,-57.1,10.0,45.32,0.5713,0.453,LOCAL
7317,"Day 6, 01:57",0.99,8.69,34.76,3.83,1,-58.1,10.0,42.95,0.4421,0.32,LOCAL
7318,"Day 6, 01:58",1.13,8.59,27.5,2.74,5,-57.3,10.0,45.92,0.5566,0.3193,LOCAL
7319,"Day 6, 01:59",0.75,8.43,53.85,8.97,10,-58.3,10.0,49.03,0.8247,0.5057,LOCAL
7320,"Day 6, 02:00",1.39,8.29,46.33,2.95,9,-57.2,10.0,51.13,0.7626,0.3777,LOCAL
7321,"Day 6, 02:01",0.42,8.2,30.89,3.03,2,-60.1,10.0,53.5,0.4652,0.4071,LOCAL
7322,"Day 6, 02:02",1.28,8.11,29.1,4.85,3,-58.3,10.0,52.65,0.4928,0.4426,LOCAL
7323,"Day 6, 02:03",1.37,7.99,37.84,4.29,8,-57.0,10.0,52.69,0.6984,0.429,LOCAL
7324,"Day 6, 02:04",0.25,7.87,39.26,8.63,5,-58.3,10.0,49.17,0.6002,0.4987,LOCAL
7325,"Day 6, 02:05",0.62,7.75,41.7,7.67,5,-58.7,10.0,46.81,0.6084,0.4511,LOCAL
7326,"Day 6, 02:06",0.06,7.66,31.75,4.42,2,-59.4,10.0,48.7,0.4696,0.3885,LOCAL
7327,"Day 6, 02:07",0.39,7.56,30.35,3.57,5,-61.4,10.0,45.13,0.5693,0.3328,LOCAL
7328,"Day 6, 02:08",0.92,7.42,45.45,6.87,8,-60.8,10.0,45.06,0.7266,0.4146,LOCAL
7329,"Day 6, 02:09",1.45,7.33,31.67,1.0,2,-59.2,10.0,41.88,0.4677,0.2402,LOCAL
7330,"Day 6, 02:10",0.82,7.17,59.67,9.83,9,-61.2,10.0,47.56,0.8119,0.5124,LOCAL
7331,"Day 6, 02:11",0.07,7.06,46.57,9.01,2,-59.3,10.0,49.81,0.5223,0.5149,LOCAL
7332,"Day 6, 02:12",1.23,6.92,52.23,7.49,7,-60.2,10.0,47.91,0.7156,0.4573,LOCAL
7333,"Day 6, 02:13",0.79,6.76,56.01,5.52,9,-62.9,10.0,52.22,0.7997,0.4543,LOCAL
7334,"Day 6, 02:14",0.98,6.66,39.87,2.71,2,-64.2,10.0,50.46,0.4981,0.3644,LOCAL
7335,"Day 6, 02:15",0.76,6.54,35.9,3.21,8,-63.2,12.4,50.82,0.6947,0.3877,LOCAL
7336,"Day 6, 02:16",0.59,6.42,29.04,1.04,8,-61.5,10.0,50.19,0.6711,0.3197,LOCAL
7337,"Day 6, 02:17",0.9,6.34,27.29,7.6,2,-60.9,10.0,51.2,0.4547,0.4948,LOCAL
7338,"Day 6, 02:18",1.3,6.19,43.75,6.73,10,-60.4,10.0,46.83,0.7919,0.4277,LOCAL
7339,"Day 6, 02:19",0.19,6.05,55.27,9.73,6,-60.0,10.0,45.51,0.6941,0.4903,LOCAL
7340,"Day 6, 02:20",1.46,5.95,39.29,1.06,3,-59.7,10.0,42.37,0.5314,0.2457,LOCAL
7341,"Day 6, 02:21",0.18,5.79,50.32,5.83,10,-59.0,10.0,43.8,0.8172,0.3773,LOCAL
7342,"Day 6, 02:22",0.15,5.68,43.9,8.66,3,-61.5,10.0,43.71,0.5499,0.4472,LOCAL
7343,"Day 6, 02:23",0.11,5.52,56.67,8.08,9,-60.5,10.0,44.84,0.8049,0.4429,LOCAL
7344,"Day 6, 02:24",1.38,5.35,65.76,8.52,9,-59.9,10.0,44.38,0.8351,0.4497,LOCAL
7345,"Day 6, 02:25",0.95,5.2,55.11,4.84,7,-59.0,10.0,40.29,0.7287,0.3233,LOCAL
7346,"Day 6, 02:26",0.42,5.11,36.8,1.97,2,-60.2,10.0,43.05,0.4905,0.2743,LOCAL
7347,"Day 6, 02:27",0.47,5.0,47.68,6.41,9,-58.6,10.0,42.15,0.7737,0.3777,LOCAL
7348,"Day 6, 02:28",0.81,5.0,35.89,1.48,4,-57.2,10.0,39.55,0.5569,0.2335,LOCAL
7349,"Day 6, 02:29",0.52,5.0,50.42,7.77,8,-57.0,10.0,42.61,0.7482,0.4155,LOCAL
7350,"Day 6, 02:30",0.23,5.0,38.38,3.22,2,-56.1,10.0,40.08,0.4965,0.2811,LOCAL
7351,"Day 6, 02:31",1.04,5.0,52.42,7.99,8,-59.4,10.0,40.04,0.7544,0.4,LOCAL
7352,"Day 6, 02:32",1.3,5.0,50.12,6.88,5,-57.6,10.0,37.65,0.641,0.3541,LOCAL
7353,"Day 6, 02:33",0.88,5.0,39.7,7.61,2,-59.5,10.0,43.33,0.5001,0.4177,LOCAL
7354,"Day 6, 02:34",0.18,5.0,43.33,4.86,9,-59.2,10.0,46.85,0.7589,0.3812,LOCAL
7355,"Day 6, 02:35",0.04,5.0,39.13,3.42,7,-61.2,10.0,46.06,0.6744,0.3377,LOCAL
7356,"Day 6, 02:36",0.43,5.0,60.32,9.38,9,-60.2,10.0,43.44,0.818,0.4629,LOCAL
7357,"Day 6, 02:37",0.73,5.0,42.19,2.07,2,-61.2,10.0,40.74,0.5091,0.2576,LOCAL
7358,"Day 6, 02:38",1.46,5.0,33.65,5.62,2,-62.2,10.0,39.95,0.4781,0.3401,LOCAL
7359,"Day 6, 02:39",0.27,5.0,27.86,6.15,3,-63.1,10.0,36.79,0.4946,0.3296,LOCAL
7360,"Day 6, 02:40",1.03,5.0,25.95,7.89,3,-63.1,10.0,35.56,0.4868,0.3644,LOCAL
7361,"Day 6, 02:41",0.09,5.0,25.15,3.91,2,-61.5,10.0,34.38,0.4504,0.2569,LOCAL
7362,"Day 6, 02:42",1.22,5.0,20.59,7.16,1,-59.5,10.0,34.97,0.3977,0.3421,LOCAL
7363,"Day 6, 02:43",0.42,5.0,19.99,2.52,8,-61.8,10.0,35.75,0.6418,0.2315,LOCAL
7364,"Day 6, 02:44",0.81,5.0,16.83,1.84,5,-64.2,10.0,36.49,0.5252,0.2198,LOCAL
7365,"Day 6, 02:45",0.27,5.0,37.36,9.39,6,-65.9,10.0,41.6,0.6328,0.4476,LOCAL
7366,"Day 6, 02:46",0.06,5.0,43.36,7.26,5,-67.3,10.0,43.18,0.6192,0.4076,LOCAL
7367,"Day 6, 02:47",0.64,5.0,44.58,3.54,10,-65.2,10.0,41.7,0.7976,0.3022,LOCAL
7368,"Day 6, 02:48",0.9,5.0,48.92,8.83,5,-66.3,10.0,43.83,0.6374,0.4526,LOCAL
7369,"Day 6, 02:49",0.05,5.0,36.32,1.7,1,-64.3,10.0,47.8,0.4546,0.3114,LOCAL
7370,"Day 6, 02:50",0.86,5.0,34.38,4.13,6,-65.3,10.0,50.62,0.6216,0.4016,LOCAL
7371,"Day 6, 02:51",0.32,5.0,27.76,5.45,2,-66.7,10.0,46.32,0.4592,0.3909,LOCAL
7372,"Day 6, 02:52",0.65,5.0,35.64,5.04,8,-68.6,10.0,51.69,0.6963,0.4363,LOCAL
7373,"Day 6, 02:53",0.66,5.0,37.86,4.9,7,-69.9,10.0,50.65,0.669,0.4212,LOCAL
7374,"Day 6, 02:54",0.48,5.0,47.17,8.38,6,-68.7,11.5,48.2,0.6669,0.4866,LOCAL
7375,"Day 6, 02:55",0.15,5.0,49.12,5.89,8,-65.8,11.5,47.2,0.7442,0.4146,LOCAL
7376,"Day 6, 02:56",0.24,5.0,52.3,6.56,9,-67.8,10.0,46.2,0.7902,0.4175,LOCAL
7377,"Day 6, 02:57",0.48,5.0,38.55,1.71,10,-68.9,10.0,50.12,0.7767,0.3357,LOCAL
7378,"Day 6, 02:58",0.88,5.0,37.28,3.8,9,-66.8,10.0,51.4,0.7367,0.402,LOCAL
7379,"Day 6, 02:59",0.45,5.0,24.98,4.55,1,-67.6,10.0,47.04,0.4143,0.3752,LOCAL
7380,"Day 6, 03:00",0.56,5.0,20.78,1.58,2,-67.3,11.0,51.58,0.4344,0.3514,LOCAL
7381,"Day 6, 03:01",1.24,5.0,26.88,4.77,6,-65.1,10.0,50.48,0.5947,0.416,LOCAL
7382,"Day 6, 03:02",0.79,5.0,23.09,2.52,6,-66.5,11.1,47.17,0.5821,0.3289,LOCAL
7383,"Day 6, 03:03",1.09,5.0,40.81,7.76,7,-68.6,10.0,51.47,0.6787,0.5018,LOCAL
7384,"Day 6, 03:04",0.94,5.0,37.77,5.66,5,-69.3,10.0,49.41,0.5983,0.4269,LOCAL
7385,"Day 6, 03:05",0.52,5.0,34.45,5.19,3,-70.3,10.0,46.63,0.5173,0.3873,LOCAL
7386,"Day 6, 03:06",1.19,5.0,37.65,6.03,6,-69.4,10.0,44.61,0.6325,0.3895,LOCAL
7387,"Day 6, 03:07",0.76,5.0,29.66,6.01,2,-68.0,12.1,48.41,0.4652,0.4315,LOCAL
7388,"Day 6, 03:08",0.3,5.0,30.26,6.85,3,-66.8,10.0,50.84,0.503,0.472,LOCAL
7389,"Day 6, 03:09",0.15,5.0,21.85,3.6,1,-67.3,10.3,55.67,0.4037,0.4495,LOCAL
7390,"Day 6, 03:10",1.23,5.0,18.59,3.24,1,-68.1,10.0,57.44,0.3907,0.4635,LOCAL
7391,"Day 6, 03:11",1.08,5.0,17.22,1.55,4,-70.0,10.0,58.99,0.4911,0.4436,LOCAL
7392,"Day 6, 03:12",1.3,5.0,17.23,9.74,1,-67.8,10.0,58.34,0.3858,0.6388,LOCAL
7393,"Day 6, 03:13",0.78,5.0,18.63,4.29,2,-68.9,11.9,61.93,0.4265,0.5635,LOCAL
7394,"Day 6, 03:14",0.01,5.0,32.61,4.02,8,-70.0,11.5,64.41,0.6866,0.5992,LOCAL
7395,"Day 6, 03:15",1.06,5.0,25.63,3.33,2,-70.3,10.0,63.47,0.4506,0.5607,LOCAL
7396,"Day 6, 03:16",0.4,5.0,48.41,9.7,8,-68.1,11.0,65.68,0.7413,0.7642,LOCAL
7397,"Day 6, 03:17",0.28,5.0,42.33,5.42,5,-68.3,10.7,60.37,0.6152,0.5632,LOCAL
7398,"Day 6, 03:18",0.46,5.0,42.61,3.92,9,-69.0,10.0,58.01,0.7559,0.4885,LOCAL
7399,"Day 6, 03:19",1.44,5.0,32.79,6.69,1,-69.3,10.0,57.65,0.4401,0.5527,LOCAL
7400,"Day 6, 03:20",1.27,5.0,29.97,9.63,2,-68.4,10.0,51.64,0.4655,0.5505,LOCAL
7401,"Day 6, 03:21",0.39,5.0,45.51,6.99,8,-68.8,10.0,50.75,0.7312,0.4745,LOCAL
7402,"Day 6, 03:22",0.74,5.0,65.72,8.75,10,-66.1,10.0,54.85,0.8714,0.5668,LOCAL
7403,"Day 6, 03:23",0.13,5.0,72.95,7.81,10,-67.2,10.0,57.16,0.8976,0.5738,LOCAL
7404,"Day 6, 03:24",1.49,5.0,68.11,5.19,10,-65.8,10.0,57.02,0.8786,0.5064,LOCAL
7405,"Day 6, 03:25",0.76,5.0,55.26,8.93,3,-66.1,10.0,51.35,0.5898,0.5297,LOCAL
7406,"Day 6, 03:26",0.51,5.0,44.15,3.89,4,-65.7,10.0,53.07,0.5863,0.4235,LOCAL
7407,"Day 6, 03:27",0.81,5.0,34.99,3.15,5,-67.5,10.1,54.74,0.5888,0.4258,LOCAL
7408,"Day 6, 03:28",0.12,5.0,52.33,7.55,9,-65.6,10.0,55.89,0.7905,0.5502,LOCAL
7409,"Day 6, 03:29",1.08,5.0,54.75,8.63,6,-64.0,10.0,56.03,0.6925,0.5791,LOCAL
7410,"Day 6, 03:30",0.27,5.0,63.67,7.77,8,-63.3,10.0,58.75,0.795,0.5955,LOCAL
7411,"Day 6, 03:31",0.31,5.0,53.87,7.73,4,-64.7,10.0,54.82,0.6206,0.541,LOCAL
7412,"Day 6, 03:32",0.9,5.0,38.33,2.65,2,-63.2,10.3,54.94,0.4953,0.4163,LOCAL
7413,"Day 6, 03:33",0.15,5.0,38.65,9.9,2,-65.8,10.0,49.64,0.4976,0.5353,LOCAL
7414,"Day 6, 03:34",0.75,5.0,36.34,6.48,4,-63.6,10.0,45.32,0.5586,0.4072,LOCAL
7415,"Day 6, 03:35",0.28,5.0,39.93,6.62,6,-64.8,10.0,45.42,0.6418,0.4117,LOCAL
7416,"Day 6, 03:36",1.11,5.0,55.75,7.49,9,-66.4,10.0,41.59,0.801,0.4,LOCAL
7417,"Day 6, 03:37",0.35,5.0,43.08,7.68,2,-66.1,10.0,47.02,0.5128,0.4533,LOCAL
7418,"Day 6, 03:38",0.69,5.0,39.94,6.78,4,-64.4,10.0,45.84,0.5713,0.4195,LOCAL
7419,"Day 6, 03:39",0.66,5.0,36.52,9.62,2,-62.9,10.0,49.03,0.4893,0.5219,LOCAL
7420,"Day 6, 03:40",0.95,5.0,25.03,1.04,1,-63.6,10.0,53.67,0.4137,0.3594,LOCAL
7421,"Day 6, 03:41",0.12,5.0,29.26,9.45,3,-63.0,10.0,56.79,0.4997,0.6097,LOCAL
7422,"Day 6, 03:42",1.22,5.0,31.86,3.65,9,-62.9,10.0,51.07,0.7172,0.3946,LOCAL
7423,"Day 6, 03:43",0.56,5.0,25.79,6.03,2,-62.1,10.0,53.04,0.4519,0.4766,LOCAL
7424,"Day 6, 03:44",0.48,5.0,32.72,8.65,3,-62.9,10.0,50.55,0.5113,0.5139,LOCAL
7425,"Day 6, 03:45",0.74,5.0,31.39,1.91,10,-60.7,10.0,52.9,0.7513,0.372,LOCAL
7426,"Day 6, 03:46",1.12,5.0,25.5,3.32,1,-63.1,10.0,49.12,0.4151,0.3654,LOCAL
7427,"Day 6, 03:47",0.62,5.0,28.19,3.72,3,-65.8,10.0,50.58,0.4952,0.3909,LOCAL
7428,"Day 6, 03:48",0.73,5.0,22.47,3.01,1,-66.9,10.0,49.41,0.4051,0.3607,LOCAL
7429,"Day 6, 03:49",0.93,5.0,50.73,9.52,9,-66.6,10.0,52.2,0.7837,0.5541,LOCAL
7430,"Day 6, 03:50",0.93,5.0,34.6,4.59,1,-65.5,10.0,54.45,0.4472,0.4578,LOCAL
7431,"Day 6, 03:51",1.21,5.0,43.28,7.63,6,-65.2,11.2,48.98,0.6521,0.4751,LOCAL
7432,"Day 6, 03:52",1.16,5.0,31.19,9.2,1,-66.1,11.8,44.23,0.4349,0.4706,LOCAL
7433,"Day 6, 03:53",0.05,5.0,43.83,7.24,8,-67.4,10.0,50.08,0.7258,0.4736,LOCAL
7434,"Day 6, 03:54",0.36,5.0,41.34,5.85,4,-65.6,10.0,49.48,0.5766,0.4324,LOCAL
7435,"Day 6, 03:55",0.34,5.0,34.93,4.48,4,-64.0,10.0,45.76,0.5542,0.3613,LOCAL
7436,"Day 6, 03:56",0.37,5.0,42.77,9.62,5,-64.4,10.0,50.53,0.6166,0.5379,LOCAL
7437,"Day 6, 03:57",0.88,5.0,32.94,1.64,7,-66.9,10.0,47.15,0.6515,0.3036,LOCAL
7438,"Day 6, 03:58",1.05,5.0,49.91,6.44,10,-65.4,10.0,43.94,0.8156,0.3938,LOCAL
7439,"Day 6, 03:59",0.41,5.0,41.17,4.63,4,-63.9,10.0,40.16,0.576,0.317,LOCAL
7440,"Day 6, 04:00",0.92,5.0,43.78,8.34,5,-63.8,10.0,45.57,0.6193,0.456,LOCAL
7441,"Day 6, 04:01",1.2,5.0,49.92,5.18,8,-64.6,10.0,47.3,0.7454,0.3936,LOCAL
7442,"Day 6, 04:02",0.45,5.0,46.75,7.71,4,-65.7,10.0,44.06,0.5955,0.4266,LOCAL
7443,"Day 6, 04:03",0.37,5.0,32.71,5.26,2,-63.3,10.0,43.01,0.4764,0.3562,LOCAL
7444,"Day 6, 04:04",0.9,5.0,33.6,8.37,3,-63.6,10.0,48.64,0.5137,0.4867,LOCAL
7445,"Day 6, 04:05",1.12,5.0,25.95,3.24,2,-65.5,10.0,47.88,0.4516,0.3508,LOCAL
7446,"Day 6, 04:06",0.23,5.0,25.83,2.64,7,-65.1,10.0,52.36,0.6276,0.3839,LOCAL
7447,"Day 6, 04:07",0.4,5.0,24.96,1.64,6,-67.2,10.1,54.62,0.5893,0.3865,LOCAL
7448,"Day 6, 04:08",0.99,5.0,32.74,4.67,9,-69.2,10.0,58.2,0.7206,0.5101,LOCAL
7449,"Day 6, 04:09",1.4,5.0,43.07,6.77,6,-69.7,10.0,55.4,0.6511,0.5244,LOCAL
7450,"Day 6, 04:10",0.71,5.0,31.1,5.45,1,-71.6,12.0,51.0,0.4353,0.4445,LOCAL
7451,"Day 6, 04:11",1.08,5.0,38.71,5.07,8,-73.4,10.0,48.9,0.7064,0.4068,LOCAL
7452,"Day 6, 04:12",0.67,5.0,36.38,9.44,3,-73.8,13.3,46.89,0.5238,0.5056,LOCAL
7453,"Day 6, 04:13",1.24,5.0,28.75,4.61,3,-72.4,11.0,44.1,0.4963,0.3524,LOCAL
7454,"Day 6, 04:14",1.08,5.0,31.82,3.76,9,-73.6,10.0,44.89,0.7172,0.3353,LOCAL
7455,"Day 6, 04:15",0.81,5.0,23.54,8.15,1,-70.9,10.3,44.53,0.4087,0.4427,LOCAL
7456,"Day 6, 04:16",0.03,5.0,20.54,3.75,2,-70.6,10.0,45.48,0.4344,0.3405,LOCAL
7457,"Day 6, 04:17",0.51,5.0,32.6,5.21,8,-71.5,11.4,42.05,0.6858,0.3509,LOCAL
7458,"Day 6, 04:18",0.14,5.0,38.34,9.55,3,-72.7,10.1,44.45,0.5315,0.4765,LOCAL
7459,"Day 6, 04:19",1.22,5.0,29.17,1.56,7,-71.0,11.4,48.02,0.6378,0.3142,LOCAL
7460,"Day 6, 04:20",1.22,5.0,31.36,8.86,3,-72.4,10.0,52.42,0.5054,0.5402,LOCAL
7461,"Day 6, 04:21",0.66,5.0,48.46,8.86,8,-72.8,13.3,52.56,0.7411,0.5513,LOCAL
7462,"Day 6, 04:22",0.15,5.0,39.8,9.9,2,-72.4,10.9,53.3,0.5016,0.5792,LOCAL
7463,"Day 6, 04:23",1.37,5.0,59.04,9.35,9,-73.3,10.0,54.51,0.8121,0.5775,LOCAL
7464,"Day 6, 04:24",0.79,5.0,64.53,7.96,8,-72.6,10.0,53.33,0.7972,0.5283,LOCAL
7465,"Day 6, 04:25",0.47,5.0,45.82,7.54,1,-70.0,10.0,48.58,0.4872,0.4654,LOCAL
7466,"Day 6, 04:26",0.96,5.0,30.96,1.56,4,-70.6,10.0,53.47,0.5394,0.3701,LOCAL
7467,"Day 6, 04:27",0.8,5.0,29.86,6.49,4,-68.6,10.0,49.02,0.5358,0.4436,LOCAL
7468,"Day 6, 04:28",0.83,5.0,26.34,1.94,5,-65.9,11.3,44.3,0.5584,0.2882,LOCAL
7469,"Day 6, 04:29",1.32,5.0,20.45,1.13,7,-66.3,10.0,45.53,0.6071,0.2755,LOCAL
7470,"Day 6, 04:30",0.55,5.0,28.97,7.66,4,-64.8,10.0,42.38,0.5331,0.4108,LOCAL
7471,"Day 6, 04:31",1.4,5.0,25.91,5.7,2,-66.3,10.0,42.18,0.4511,0.3602,LOCAL
7472,"Day 6, 04:32",0.77,5.0,36.82,4.03,9,-67.1,10.0,46.96,0.7352,0.3615,LOCAL
7473,"Day 6, 04:33",0.93,5.0,31.75,1.35,3,-64.8,10.0,47.56,0.5072,0.3004,LOCAL
7474,"Day 6, 04:34",0.29,5.0,36.68,3.35,10,-63.6,10.0,46.54,0.7704,0.3404,LOCAL
7475,"Day 6, 04:35",0.01,5.0,31.47,2.97,3,-64.3,10.0,42.38,0.5076,0.2936,LOCAL
7476,"Day 6, 04:36",0.63,5.0,35.8,5.6,6,-66.4,10.0,43.26,0.6269,0.3669,LOCAL
7477,"Day 6, 04:37",0.9,5.0,46.78,8.41,7,-67.4,10.0,49.21,0.6999,0.4936,LOCAL
7478,"Day 6, 04:38",0.41,5.0,41.42,6.22,3,-66.8,10.0,46.3,0.5419,0.4099,LOCAL
7479,"Day 6, 04:39",0.87,5.0,44.98,3.68,10,-64.3,10.0,42.83,0.7986,0.3152,LOCAL
7480,"Day 6, 04:40",0.19,5.0,49.63,9.6,5,-62.9,10.0,39.65,0.6409,0.4373,LOCAL
7481,"Day 6, 04:41",0.2,5.0,43.9,4.32,4,-62.3,10.0,44.98,0.5859,0.3501,LOCAL
7482,"Day 6, 04:42",1.17,5.0,63.25,9.79,9,-63.4,10.0,46.35,0.8271,0.4996,LOCAL
7483,"Day 6, 04:43",0.16,5.0,46.06,1.27,7,-61.2,10.0,48.66,0.6985,0.3094,LOCAL
7484,"Day 6, 04:44",1.22,5.0,38.45,1.89,6,-61.1,10.0,45.3,0.6352,0.2923,LOCAL
7485,"Day 6, 04:45",0.95,5.0,62.06,8.53,10,-63.3,10.0,49.44,0.8583,0.499,LOCAL
7486,"Day 6, 04:46",0.92,5.0,48.49,8.7,3,-62.0,10.0,54.11,0.5659,0.5563,LOCAL
7487,"Day 6, 04:47",1.21,5.0,47.77,4.88,8,-60.8,10.0,57.39,0.7379,0.5038,LOCAL
7488,"Day 6, 04:48",0.38,5.0,34.94,1.69,6,-60.2,10.0,60.85,0.6242,0.4756,LOCAL
7489,"Day 6, 04:49",0.85,5.0,38.88,4.0,7,-60.7,10.0,59.1,0.6723,0.5064,LOCAL
7490,"Day 6, 04:50",1.23,5.0,33.93,5.21,3,-61.2,10.0,61.04,0.5144,0.5667,LOCAL
7491,"Day 6, 04:51",0.61,5.0,23.45,3.73,1,-59.5,10.0,58.96,0.4087,0.4976,LOCAL
7492,"Day 6, 04:52",0.69,5.0,35.59,8.81,5,-57.7,10.0,61.17,0.591,0.6587,LOCAL
7493,"Day 6, 04:53",0.51,5.0,41.67,8.51,5,-60.0,10.0,59.16,0.6126,0.6201,LOCAL
7494,"Day 6, 04:54",1.21,5.0,40.16,2.71,8,-62.9,10.0,58.7,0.7113,0.4682,LOCAL
7495,"Day 6, 04:55",0.78,5.0,30.61,6.35,1,-64.7,10.0,61.34,0.4335,0.5999,LOCAL
7496,"Day 6, 04:56",1.27,5.0,27.52,7.89,2,-63.6,10.0,63.79,0.4569,0.6803,LOCAL
7497,"Day 6, 04:57",0.08,5.0,39.25,8.29,6,-62.2,10.0,57.83,0.6397,0.5952,LOCAL
7498,"Day 6, 04:58",0.26,5.0,32.8,9.81,2,-64.5,10.0,60.66,0.4769,0.6755,LOCAL
7499,"Day 6, 04:59",1.35,5.0,43.46,6.45,7,-64.6,10.0,56.91,0.6876,0.5364,LOCAL
7500,"Day 6, 05:00",0.02,5.0,36.72,3.0,6,-63.5,10.0,54.94,0.631,0.4243,LOCAL
7501,"Day 6, 05:01",0.07,5.0,32.93,8.98,2,-63.2,10.0,50.94,0.4777,0.5264,LOCAL
7502,"Day 6, 05:02",0.07,5.0,46.53,6.07,8,-61.4,10.0,54.18,0.7353,0.4915,LOCAL
7503,"Day 6, 05:03",1.17,5.0,52.72,7.08,8,-59.3,10.0,54.08,0.7552,0.5155,LOCAL
7504,"Day 6, 05:04",0.73,5.0,55.05,8.66,5,-62.2,10.6,50.03,0.6591,0.5103,LOCAL
7505,"Day 6, 05:05",0.83,5.0,43.4,5.48,3,-63.7,10.0,49.33,0.5482,0.4216,LOCAL
7506,"Day 6, 05:06",1.12,5.0,46.28,3.47,10,-64.4,10.0,50.35,0.8028,0.3821,LOCAL
7507,"Day 6, 05:07",0.37,5.0,40.76,8.15,4,-63.3,10.0,53.93,0.5746,0.5404,LOCAL
7508,"Day 6, 05:08",0.35,5.0,29.06,1.22,3,-61.1,10.0,48.56,0.4987,0.3072,LOCAL
7509,"Day 6, 05:09",0.78,5.0,51.32,8.1,9,-63.1,10.0,45.92,0.7859,0.4533,LOCAL
7510,"Day 6, 05:10",1.18,5.0,52.77,4.1,10,-60.9,10.0,42.89,0.8254,0.3262,LOCAL
7511,"Day 6, 05:11",1.1,5.0,48.8,4.69,7,-61.9,10.0,48.34,0.7066,0.3916,LOCAL
7512,"Day 6, 05:12",1.45,5.0,41.98,9.69,2,-60.8,10.0,46.05,0.5073,0.4943,LOCAL
7513,"Day 6, 05:13",1.45,5.0,28.53,1.17,7,-61.8,10.0,49.53,0.6352,0.316,LOCAL
7514,"Day 6, 05:14",0.15,5.0,26.32,2.05,5,-60.6,10.0,46.66,0.5594,0.309,LOCAL
7515,"Day 6, 05:15",0.13,5.0,26.53,2.99,6,-59.2,10.0,48.53,0.5952,0.3511,LOCAL
7516,"Day 6, 05:16",0.94,5.0,42.27,7.08,7,-60.0,10.0,47.05,0.684,0.4386,LOCAL
7517,"Day 6, 05:17",0.37,5.0,39.15,2.65,10,-61.0,10.0,52.22,0.779,0.3826,LOCAL
7518,"Day 6, 05:18",1.24,5.0,34.01,9.46,2,-63.3,10.0,48.9,0.4797,0.5166,LOCAL
7519,"Day 6, 05:19",0.95,5.0,35.47,3.45,6,-61.7,10.0,48.42,0.6252,0.3614,LOCAL
7520,"Day 6, 05:20",1.32,5.0,28.81,4.35,3,-63.0,10.0,46.48,0.4964,0.3648,LOCAL
7521,"Day 6, 05:21",0.56,5.0,33.1,4.58,5,-61.9,10.0,42.88,0.5825,0.3381,LOCAL
7522,"Day 6, 05:22",0.26,5.0,25.23,2.64,4,-60.4,10.0,45.65,0.5204,0.3143,LOCAL
7523,"Day 6, 05:23",1.03,5.0,27.15,9.62,2,-62.4,10.0,49.91,0.456,0.5312,LOCAL
7524,"Day 6, 05:24",0.15,5.0,51.91,9.91,8,-61.6,10.0,47.68,0.754,0.5155,LOCAL
7525,"Day 6, 05:25",0.51,5.0,54.32,9.23,6,-64.0,10.0,50.62,0.6918,0.5291,LOCAL
7526,"Day 6, 05:26",1.29,5.0,43.82,1.75,9,-62.5,10.0,52.04,0.7589,0.358,LOCAL
7527,"Day 6, 05:27",1.16,5.0,40.13,6.2,5,-64.3,10.0,48.77,0.6062,0.4338,LOCAL
7528,"Day 6, 05:28",0.92,5.0,48.61,9.13,6,-62.4,10.0,44.36,0.6713,0.4648,LOCAL
7529,"Day 6, 05:29",0.85,5.0,41.6,9.36,2,-64.5,10.0,44.95,0.5068,0.4759,LOCAL
7530,"Day 6, 05:30",0.41,5.0,41.47,6.29,5,-64.3,10.0,47.95,0.612,0.4277,LOCAL
7531,"Day 6, 05:31",1.21,5.0,31.08,3.66,4,-64.6,10.0,52.62,0.5395,0.4124,LOCAL
7532,"Day 6, 05:32",0.2,5.0,34.65,5.14,6,-65.0,10.2,54.07,0.6235,0.4673,LOCAL
7533,"Day 6, 05:33",1.43,5.0,32.37,1.91,10,-67.4,10.0,50.68,0.7537,0.3468,LOCAL
7534,"Day 6, 05:34",0.9,5.0,38.87,3.1,10,-66.2,11.3,46.9,0.7772,0.3415,LOCAL
7535,"Day 6, 05:35",0.75,5.0,33.73,6.41,2,-64.4,10.0,51.77,0.4794,0.4714,LOCAL
7536,"Day 6, 05:36",1.08,5.0,27.12,2.92,6,-63.6,10.0,55.57,0.5958,0.4303,LOCAL
7537,"Day 6, 05:37",0.54,5.0,30.98,6.37,5,-65.1,10.5,55.48,0.5751,0.5169,LOCAL
7538,"Day 6, 05:38",0.55,5.0,35.55,3.79,9,-65.9,10.0,56.05,0.7311,0.4583,LOCAL
7539,"Day 6, 05:39",1.13,5.0,29.41,6.19,2,-64.8,10.0,52.1,0.4637,0.4697,LOCAL
7540,"Day 6, 05:40",0.33,5.0,26.71,5.41,3,-66.8,10.0,47.79,0.4905,0.4041,LOCAL
7541,"Day 6, 05:41",0.83,5.0,24.97,3.75,3,-67.4,10.0,53.06,0.4836,0.4199,LOCAL
7542,"Day 6, 05:42",1.13,5.0,27.24,6.25,4,-66.5,10.0,57.31,0.5261,0.5369,LOCAL
7543,"Day 6, 05:43",0.41,5.0,29.59,8.11,4,-66.1,10.0,56.13,0.5354,0.5674,LOCAL
7544,"Day 6, 05:44",0.59,5.0,26.18,2.88,4,-67.7,10.0,52.36,0.5233,0.3899,LOCAL
7545,"Day 6, 05:45",0.75,5.0,21.1,2.96,1,-69.4,10.0,47.44,0.4002,0.3394,LOCAL
7546,"Day 6, 05:46",1.09,5.0,29.12,5.3,5,-68.0,10.0,43.31,0.5678,0.3598,LOCAL
7547,"Day 6, 05:47",0.18,5.0,28.89,8.62,2,-67.4,10.0,43.27,0.4634,0.4425,LOCAL
7548,"Day 6, 05:48",0.05,5.0,26.72,2.73,7,-67.8,10.0,42.71,0.631,0.2904,LOCAL
7549,"Day 6, 05:49",0.97,5.0,26.43,4.29,6,-65.3,10.5,47.73,0.5935,0.3769,LOCAL
7550,"Day 6, 05:50",0.36,5.0,19.42,4.64,1,-65.7,10.0,51.96,0.3949,0.4293,LOCAL
7551,"Day 6, 05:51",0.14,5.0,19.16,1.59,10,-65.3,10.0,50.75,0.7093,0.3396,LOCAL
7552,"Day 6, 05:52",0.54,5.0,31.95,7.49,5,-64.1,10.0,49.73,0.5785,0.476,LOCAL
7553,"Day 6, 05:53",1.27,5.0,49.82,9.29,8,-64.5,10.0,52.03,0.7449,0.5464,LOCAL
7554,"Day 6, 05:54",0.68,5.0,52.48,8.85,6,-62.1,10.0,52.04,0.6852,0.5355,LOCAL
7555,"Day 6, 05:55",0.06,5.0,44.28,7.95,3,-60.9,10.0,49.76,0.5524,0.4879,LOCAL
7556,"Day 6, 05:56",1.07,5.0,36.72,1.89,9,-63.0,10.0,47.34,0.7344,0.3117,LOCAL
7557,"Day 6, 05:57",0.87,5.0,38.33,9.83,4,-64.3,10.0,51.45,0.5654,0.5533,LOCAL
7558,"Day 6, 05:58",0.55,5.0,30.89,6.72,2,-66.2,10.0,49.24,0.4698,0.4516,LOCAL
7559,"Day 6, 05:59",0.72,5.0,39.49,3.8,10,-67.6,10.0,53.56,0.7796,0.4271,LOCAL
7560,"Day 6, 06:00",1.01,5.0,43.79,5.21,8,-65.7,10.0,51.22,0.7243,0.4352,LOCAL
7561,"Day 6, 06:01",0.03,5.0,39.46,3.55,7,-65.0,10.0,49.11,0.6756,0.3711,LOCAL
7562,"Day 6, 06:02",2.79,5.0,36.4,8.99,2,-65.0,10.0,49.13,0.4857,0.5072,LOCAL
7563,"Day 6, 06:03",0.0,5.0,39.63,4.16,7,-64.2,10.0,48.39,0.6762,0.3789,LOCAL
7564,"Day 6, 06:04",4.45,5.0,40.82,9.46,4,-63.4,10.0,53.2,0.5687,0.5643,LOCAL
7565,"Day 6, 06:05",1.9,5.0,26.63,2.8,1,-61.7,10.0,57.25,0.4179,0.4499,LOCAL
7566,"Day 6, 06:06",2.53,5.0,37.65,3.8,10,-60.8,10.0,52.22,0.7705,0.4113,LOCAL
7567,"Day 6, 06:07",0.34,5.0,28.05,2.33,4,-60.5,10.0,50.9,0.5301,0.3597,LOCAL
7568,"Day 6, 06:08",1.51,5.0,32.67,5.05,5,-62.2,10.0,51.26,0.5796,0.4317,LOCAL
7569,"Day 6, 06:09",4.37,5.0,28.48,2.36,5,-63.8,10.0,46.44,0.5606,0.3147,LOCAL
7570,"Day 6, 06:10",2.63,5.0,28.16,6.83,2,-62.6,10.0,47.2,0.4571,0.4338,LOCAL
7571,"Day 6, 06:11",3.94,5.0,20.59,9.72,1,-62.1,10.0,50.69,0.3937,0.5422,LOCAL
7572,"Day 6, 06:12",7.86,5.0,26.02,2.34,7,-62.7,10.0,47.56,0.6168,0.3251,LOCAL
7573,"Day 6, 06:13",5.1,5.0,37.11,8.27,7,-65.1,10.0,45.19,0.6597,0.4508,LOCAL
7574,"Day 6, 06:14",5.72,5.0,57.26,8.27,10,-63.2,10.0,50.69,0.8343,0.5059,LOCAL
7575,"Day 6, 06:15",6.62,5.0,48.93,5.99,5,-63.9,11.1,53.65,0.6288,0.4862,LOCAL
7576,"Day 6, 06:16",4.98,5.0,38.09,4.86,2,-65.1,10.0,56.48,0.4884,0.4908,LOCAL
7577,"Day 6, 06:17",8.75,5.0,36.91,8.38,3,-66.0,10.0,58.25,0.5136,0.6035,LOCAL
7578,"Day 6, 06:18",4.84,5.0,38.94,5.62,6,-64.7,11.1,58.81,0.6315,0.5456,LOCAL
7579,"Day 6, 06:19",8.87,5.0,54.59,8.7,7,-65.3,10.0,61.68,0.7153,0.6643,LOCAL
7580,"Day 6, 06:20",8.66,5.0,55.82,7.77,5,-62.8,10.0,59.93,0.6499,0.6132,LOCAL
7581,"Day 6, 06:21",7.27,5.0,52.93,6.85,6,-64.2,10.0,53.92,0.6768,0.5077,LOCAL
7582,"Day 6, 06:22",7.15,5.0,48.12,4.88,8,-64.3,10.0,51.31,0.7302,0.428,LOCAL
7583,"Day 6, 06:23",11.41,5.0,49.97,4.51,8,-66.5,10.0,46.32,0.7303,0.3673,LOCAL
7584,"Day 6, 06:24",12.62,5.0,63.03,7.57,9,-67.8,10.0,51.56,0.8092,0.498,LOCAL
7585,"Day 6, 06:25",8.45,5.0,51.57,7.38,3,-69.6,12.6,46.52,0.5653,0.4485,LOCAL
7586,"Day 6, 06:26",13.67,5.0,38.01,3.47,2,-68.2,10.0,50.17,0.475,0.3802,LOCAL
7587,"Day 6, 06:27",10.8,5.0,34.27,4.29,8,-69.8,12.5,51.88,0.6762,0.4269,LOCAL
7588,"Day 6, 06:28",12.93,5.0,34.36,2.77,10,-69.8,10.0,51.76,0.7433,0.3803,LOCAL
7589,"Day 6, 06:29",9.13,5.0,30.18,2.05,5,-68.8,10.0,53.74,0.5594,0.3856,LOCAL
7590,"Day 6, 06:30",14.7,5.0,24.47,3.1,3,-66.0,11.0,48.74,0.4611,0.3588,LOCAL
7591,"Day 6, 06:31",12.64,5.0,33.18,3.57,10,-66.1,10.0,48.47,0.7397,0.3649,LOCAL
7592,"Day 6, 06:32",13.2,5.0,25.02,4.74,1,-64.4,10.0,51.32,0.3953,0.4246,LOCAL
7593,"Day 6, 06:33",14.51,5.0,23.54,1.22,7,-65.3,10.0,47.62,0.5981,0.2977,LOCAL
7594,"Day 6, 06:34",12.2,5.0,39.63,5.24,10,-63.3,10.0,48.47,0.7629,0.4067,LOCAL
7595,"Day 6, 06:35",14.33,5.0,40.84,5.76,6,-62.4,10.0,47.22,0.624,0.4073,LOCAL
7596,"Day 6, 06:36",16.45,5.0,30.21,6.9,1,-64.6,10.0,43.15,0.4086,0.3984,LOCAL
7597,"Day 6, 06:37",12.62,5.0,46.61,6.12,10,-64.2,10.0,39.24,0.7867,0.3471,LOCAL
7598,"Day 6, 06:38",18.11,5.0,55.0,9.85,5,-62.8,10.0,40.32,0.6328,0.4488,LOCAL
7599,"Day 6, 06:39",18.73,5.0,69.29,8.33,10,-60.7,10.0,38.48,0.8569,0.3966,LOCAL
7600,"Day 6, 06:40",16.01,5.0,67.8,6.46,9,-62.0,10.0,36.1,0.8208,0.3325,LOCAL
7601,"Day 6, 06:41",16.23,5.0,46.32,6.48,1,-62.1,10.0,36.17,0.4653,0.3334,LOCAL
7602,"Day 6, 06:42",16.59,5.0,50.63,5.29,8,-60.6,10.0,38.23,0.7248,0.3187,LOCAL
7603,"Day 6, 06:43",20.05,5.0,39.98,2.89,4,-59.7,10.0,37.72,0.5424,0.2549,LOCAL
7604,"Day 6, 06:44",15.91,5.0,51.55,9.05,6,-59.9,10.0,34.71,0.6591,0.3876,LOCAL
7605,"Day 6, 06:45",17.54,5.0,36.73,9.46,1,-61.4,10.0,37.4,0.4298,0.4168,LOCAL
7606,"Day 6, 06:46",19.99,5.0,54.68,6.79,10,-60.6,10.0,41.94,0.8039,0.3854,LOCAL
7607,"Day 6, 06:47",18.24,5.0,72.95,9.95,9,-59.6,10.0,41.44,0.8355,0.4603,LOCAL
7608,"Day 6, 06:48",21.77,5.0,57.21,3.17,6,-59.1,10.0,43.83,0.6701,0.3111,LOCAL
7609,"Day 6, 06:49",17.44,5.0,45.17,6.96,4,-57.9,10.0,48.46,0.5644,0.4496,LOCAL
7610,"Day 6, 06:50",20.28,5.0,37.49,7.26,2,-56.6,10.0,47.3,0.4633,0.4456,LOCAL
7611,"Day 6, 06:51",21.26,5.0,30.04,3.66,2,-55.3,10.0,49.56,0.4358,0.3785,LOCAL
7612,"Day 6, 06:52",19.22,5.0,34.68,3.4,10,-58.7,10.0,50.55,0.7351,0.3826,LOCAL
7613,"Day 6, 06:53",20.73,5.0,42.31,5.77,9,-61.6,10.0,52.35,0.7245,0.4621,LOCAL
7614,"Day 6, 06:54",20.35,5.0,43.07,5.22,7,-61.1,10.0,54.07,0.6577,0.4688,LOCAL
7615,"Day 6, 06:55",23.36,5.0,46.68,4.97,8,-59.9,10.0,49.73,0.7008,0.4131,LOCAL
7616,"Day 6, 06:56",23.13,5.0,38.02,2.05,7,-60.6,10.0,49.74,0.6359,0.3402,LOCAL
7617,"Day 6, 06:57",20.55,5.0,30.18,5.71,2,-60.3,10.0,53.22,0.4373,0.4708,LOCAL
7618,"Day 6, 06:58",24.43,5.0,32.27,7.63,3,-59.2,10.0,57.62,0.4738,0.5758,LOCAL
7619,"Day 6, 06:59",26.99,5.0,39.53,6.61,7,-60.4,10.0,52.19,0.6354,0.4812,LOCAL
7620,"Day 6, 07:00",22.97,5.0,52.35,7.45,8,-60.5,10.0,51.87,0.7213,0.4986,LOCAL
7621,"Day 6, 07:01",26.7,5.0,44.02,5.98,6,-61.2,10.0,50.72,0.6165,0.449,LOCAL
7622,"Day 6, 07:02",23.44,5.0,43.07,4.51,8,-62.0,10.0,49.4,0.6881,0.3981,LOCAL
7623,"Day 6, 07:03",23.66,5.0,51.66,8.51,6,-61.4,10.0,48.7,0.6478,0.4908,LOCAL
7624,"Day 6, 07:04",28.41,5.0,42.77,1.64,9,-63.3,10.0,47.11,0.7146,0.3031,LOCAL
7625,"Day 6, 07:05",28.07,5.0,65.71,9.76,10,-63.9,12.1,50.03,0.8304,0.542,LOCAL
7626,"Day 6, 07:06",26.12,5.0,48.4,7.99,2,-66.3,10.0,48.79,0.4927,0.4787,LOCAL
7627,"Day 6, 07:07",29.63,5.0,36.17,1.7,5,-66.4,10.0,49.27,0.5496,0.3265,LOCAL
7628,"Day 6, 07:08",26.43,5.0,54.67,9.67,8,-68.1,10.0,47.54,0.7242,0.5082,LOCAL
7629,"Day 6, 07:09",28.87,5.0,44.48,7.0,3,-67.1,10.0,43.74,0.5099,0.406,LOCAL
7630,"Day 6, 07:10",29.24,5.0,53.28,7.91,8,-65.1,10.0,47.51,0.7151,0.4638,LOCAL
7631,"Day 6, 07:11",29.45,5.0,44.14,4.64,4,-64.4,10.0,52.39,0.5428,0.4343,LOCAL
7632,"Day 6, 07:12",30.23,5.0,35.08,1.3,10,-63.5,10.0,53.2,0.7199,0.3603,LOCAL
7633,"Day 6, 07:13",31.46,5.0,45.35,7.24,7,-65.7,10.0,56.74,0.649,0.5539,LOCAL
7634,"Day 6, 07:14",32.53,5.0,47.05,6.74,5,-63.2,10.0,51.86,0.5834,0.4807,LOCAL
7635,"Day 6, 07:15",28.94,5.0,41.86,5.72,5,-61.4,10.0,48.03,0.5706,0.4142,LOCAL
7636,"Day 6, 07:16",29.66,5.0,35.76,9.6,2,-60.0,10.0,44.33,0.4432,0.4763,LOCAL
7637,"Day 6, 07:17",33.99,5.0,33.73,3.78,5,-58.5,10.0,48.22,0.5346,0.3677,LOCAL
7638,"Day 6, 07:18",29.56,5.0,38.67,5.68,7,-61.2,10.0,46.63,0.6285,0.3996,LOCAL
7639,"Day 6, 07:19",32.42,5.01,27.82,5.86,2,-62.9,10.0,44.29,0.4112,0.3824,LOCAL
7640,"Day 6, 07:20",31.87,5.0,27.96,1.78,10,-63.7,10.0,41.65,0.6925,0.2578,LOCAL
7641,"Day 6, 07:21",31.05,5.0,22.76,2.08,5,-64.3,10.0,47.06,0.5006,0.3137,LOCAL
7642,"Day 6, 07:22",32.41,5.03,16.99,6.44,1,-63.0,10.0,42.66,0.3383,0.3827,LOCAL
7643,"Day 6, 07:23",32.92,5.02,33.31,9.06,6,-62.3,10.0,39.79,0.5697,0.4248,LOCAL
7644,"Day 6, 07:24",31.58,5.03,25.33,4.31,2,-61.0,11.1,44.0,0.4037,0.3441,LOCAL
7645,"Day 6, 07:25",33.86,5.02,26.31,1.37,8,-63.2,10.0,41.37,0.6138,0.2452,LOCAL
7646,"Day 6, 07:26",33.89,5.0,41.67,9.95,6,-65.6,10.0,37.97,0.5975,0.4333,LOCAL
7647,"Day 6, 07:27",33.1,5.0,31.75,1.69,7,-64.0,10.0,43.02,0.599,0.267,LOCAL
7648,"Day 6, 07:28",36.93,5.0,47.25,7.15,10,-66.4,10.0,45.64,0.7525,0.4269,LOCAL
7649,"Day 6, 07:29",34.31,5.0,49.78,7.15,6,-67.0,10.0,42.36,0.6253,0.3979,LOCAL
7650,"Day 6, 07:30",34.81,5.0,38.07,8.6,2,-65.6,10.0,46.26,0.4435,0.469,LOCAL
7651,"Day 6, 07:31",36.35,5.0,47.99,8.5,7,-67.5,10.2,43.12,0.6509,0.4387,LOCAL
7652,"Day 6, 07:32",37.11,5.0,40.89,4.52,6,-69.3,10.7,46.7,0.59,0.3732,LOCAL
7653,"Day 6, 07:33",40.14,5.03,30.16,1.9,2,-71.1,10.0,50.75,0.4078,0.3473,LOCAL
7654,"Day 6, 07:34",38.85,5.06,22.34,2.58,5,-69.2,10.0,48.61,0.4874,0.3416,LOCAL
7655,"Day 6, 07:35",37.23,5.05,31.19,4.43,7,-69.7,10.0,47.62,0.5908,0.3779,LOCAL
7656,"Day 6, 07:36",40.24,5.04,34.98,2.8,9,-66.7,10.0,51.29,0.6695,0.3758,LOCAL
7657,"Day 6, 07:37",36.98,5.03,35.0,3.02,8,-65.3,10.0,49.95,0.6395,0.3666,LOCAL
7658,"Day 6, 07:38",39.67,5.06,29.3,9.56,1,-64.8,10.0,50.42,0.3705,0.5352,LOCAL
7659,"Day 6, 07:39",37.7,5.08,28.61,4.26,3,-65.3,10.0,51.05,0.441,0.4095,LOCAL
7660,"Day 6, 07:40",41.36,5.05,55.24,9.55,8,-63.0,10.0,52.44,0.7037,0.5576,LOCAL
7661,"Day 6, 07:41",38.31,5.07,39.68,6.24,1,-62.0,10.0,53.83,0.4088,0.4914,LOCAL
7662,"Day 6, 07:42",40.43,5.08,33.97,1.28,5,-62.4,10.0,51.22,0.5256,0.3369,LOCAL
7663,"Day 6, 07:43",41.51,5.1,35.54,7.2,5,-60.8,10.0,52.77,0.5295,0.5028,LOCAL
7664,"Day 6, 07:44",42.44,5.06,51.28,6.87,10,-62.9,10.0,49.98,0.7582,0.4632,LOCAL
7665,"Day 6, 07:45",40.13,5.04,38.23,1.73,10,-64.2,10.0,53.26,0.716,0.3717,LOCAL
7666,"Day 6, 07:46",45.04,5.02,52.91,5.93,10,-63.3,10.0,51.47,0.7601,0.4561,LOCAL
7667,"Day 6, 07:47",42.58,5.04,39.6,5.67,2,-62.1,10.0,50.27,0.4372,0.4363,LOCAL
7668,"Day 6, 07:48",43.5,5.04,40.45,4.13,8,-60.8,10.0,52.52,0.6488,0.4231,LOCAL
7669,"Day 6, 07:49",45.75,5.09,29.87,2.89,3,-60.7,10.0,50.04,0.4333,0.3644,LOCAL
7670,"Day 6, 07:50",46.51,5.12,22.4,2.75,7,-61.1,10.0,46.18,0.546,0.322,LOCAL
7671,"Day 6, 07:51",45.99,5.15,29.3,3.72,7,-61.4,10.0,48.65,0.5708,0.3705,LOCAL
7672,"Day 6, 07:52",42.0,5.17,33.32,7.75,3,-63.2,10.0,47.81,0.4508,0.4628,LOCAL
7673,"Day 6, 07:53",46.78,5.16,52.27,9.2,8,-61.2,10.0,52.59,0.685,0.5506,LOCAL
7674,"Day 6, 07:54",44.11,5.17,39.33,2.74,6,-62.4,10.0,51.38,0.5737,0.3753,LOCAL
7675,"Day 6, 07:55",43.75,5.19,28.75,1.48,7,-63.1,10.0,53.25,0.5722,0.3654,LOCAL
7676,"Day 6, 07:56",45.98,5.23,29.88,3.98,5,-62.5,10.0,47.96,0.5028,0.3701,LOCAL
7677,"Day 6, 07:57",43.51,5.28,24.82,7.09,1,-64.4,10.0,45.73,0.3487,0.4263,LOCAL
7678,"Day 6, 07:58",46.4,5.34,22.95,6.99,3,-63.3,10.0,44.19,0.4077,0.4098,LOCAL
7679,"Day 6, 07:59",46.41,5.35,29.86,3.54,9,-62.0,10.0,43.39,0.6418,0.3165,LOCAL
7680,"Day 6, 08:00",45.85,5.4,28.74,6.19,3,-63.3,10.0,48.76,0.4287,0.4335,LOCAL
7681,"Day 6, 08:01",47.14,5.45,28.18,8.17,3,-65.2,10.0,46.88,0.4247,0.4642,LOCAL
7682,"Day 6, 08:02",49.35,5.44,55.11,9.77,8,-66.3,10.0,49.31,0.6907,0.5286,LOCAL
7683,"Day 6, 08:03",47.35,5.41,62.46,6.03,10,-68.7,10.0,47.17,0.7895,0.4135,LOCAL
7684,"Day 6, 08:04",50.48,5.39,71.34,9.75,8,-66.9,10.0,47.23,0.7459,0.5071,LOCAL
7685,"Day 6, 08:05",49.03,5.38,60.91,5.91,7,-65.2,10.0,47.83,0.6766,0.4171,LOCAL
7686,"Day 6, 08:06",50.4,5.42,43.96,8.8,2,-65.4,10.0,43.33,0.4401,0.4475,LOCAL
7687,"Day 6, 08:07",52.26,5.49,27.37,1.31,2,-66.5,10.0,48.89,0.3792,0.3128,LOCAL
7688,"Day 6, 08:08",49.54,5.56,25.32,6.08,2,-64.8,10.0,52.43,0.376,0.4707,LOCAL
7689,"Day 6, 08:09",48.07,5.58,29.97,4.03,8,-62.9,10.0,54.06,0.6044,0.439,LOCAL
7690,"Day 6, 08:10",53.33,5.65,31.4,9.22,3,-63.9,10.0,51.47,0.4264,0.5383,LOCAL
7691,"Day 6, 08:11",53.19,5.73,22.87,2.41,2,-63.8,10.0,51.1,0.3617,0.3639,LOCAL
7692,"Day 6, 08:12",53.86,5.76,29.24,2.28,10,-63.9,10.0,53.87,0.6629,0.3929,LOCAL
7693,"Day 6, 08:13",49.36,5.78,34.26,3.91,9,-63.3,10.0,52.9,0.6522,0.4221,LOCAL
7694,"Day 6, 08:14",52.65,5.82,31.58,2.84,8,-64.6,10.0,51.74,0.6028,0.3818,LOCAL
7695,"Day 6, 08:15",54.2,5.88,25.51,2.2,5,-62.5,11.4,53.88,0.4742,0.395,LOCAL
7696,"Day 6, 08:16",54.79,5.96,21.35,2.48,4,-62.7,10.0,48.75,0.4236,0.3406,LOCAL
7697,"Day 6, 08:17",55.91,6.04,22.07,6.94,4,-65.0,10.0,50.55,0.4243,0.4711,LOCAL
7698,"Day 6, 08:18",56.79,6.13,20.04,2.01,3,-66.2,10.7,46.66,0.3808,0.3101,LOCAL
7699,"Day 6, 08:19",53.91,6.17,33.62,4.62,8,-67.1,10.0,49.96,0.6076,0.4067,LOCAL
7700,"Day 6, 08:20",54.08,6.2,33.09,2.46,9,-67.9,10.0,54.48,0.6404,0.405,LOCAL
7701,"Day 6, 08:21",56.73,6.26,31.02,2.45,7,-65.2,10.0,56.79,0.5591,0.4348,LOCAL
7702,"Day 6, 08:22",54.51,6.28,42.55,6.48,9,-66.9,11.4,51.47,0.6727,0.4739,LOCAL
7703,"Day 6, 08:23",57.94,6.32,41.17,4.3,7,-64.4,10.0,54.35,0.5927,0.4493,LOCAL
7704,"Day 6, 08:24",58.48,6.39,35.34,3.53,4,-66.4,10.0,54.98,0.4664,0.4379,LOCAL
7705,"Day 6, 08:25",57.86,6.48,27.79,4.5,1,-68.5,10.0,49.73,0.3357,0.4013,LOCAL
7706,"Day 6, 08:26",56.82,6.58,22.41,2.6,2,-66.9,10.0,46.4,0.3533,0.3203,LOCAL
7707,"Day 6, 08:27",55.76,6.66,23.32,3.48,3,-65.4,11.3,45.22,0.393,0.3352,LOCAL
7708,"Day 6, 08:28",55.69,6.69,44.45,8.54,8,-64.7,10.0,41.9,0.642,0.4288,LOCAL
7709,"Day 6, 08:29",58.49,6.75,37.26,2.6,5,-65.2,10.0,43.67,0.5075,0.2954,LOCAL
7710,"Day 6, 08:30",59.53,6.79,45.59,5.47,8,-66.6,10.0,47.94,0.6401,0.4072,LOCAL
7711,"Day 6, 08:31",55.73,6.78,64.38,8.95,10,-68.1,10.0,53.07,0.7816,0.55,LOCAL
7712,"Day 6, 08:32",56.18,6.77,72.95,9.85,8,-68.2,10.0,57.6,0.7409,0.631,LOCAL
7713,"Day 6, 08:33",58.16,6.81,51.87,1.75,5,-68.0,10.0,54.76,0.5591,0.3907,LOCAL
7714,"Day 6, 08:34",60.69,6.83,50.64,4.76,10,-68.6,10.0,54.74,0.726,0.4657,LOCAL
7715,"Day 6, 08:35",58.71,6.88,40.25,3.1,6,-66.6,10.0,53.03,0.5525,0.4033,LOCAL
7716,"Day 6, 08:36",59.34,6.96,30.38,3.35,4,-68.4,10.0,55.15,0.4469,0.4356,LOCAL
7717,"Day 6, 08:37",57.25,7.06,24.15,4.47,1,-68.6,10.0,56.95,0.3231,0.4875,LOCAL
7718,"Day 6, 08:38",58.09,7.07,52.08,8.69,10,-66.0,11.5,60.43,0.7345,0.6481,LOCAL
7719,"Day 6, 08:39",62.54,7.12,46.45,4.99,7,-65.2,10.0,55.1,0.6031,0.476,LOCAL
7720,"Day 6, 08:40",59.33,7.21,34.53,7.96,1,-65.5,10.0,52.14,0.356,0.5144,LOCAL
7721,"Day 6, 08:41",60.41,7.26,37.55,3.5,9,-64.8,10.0,55.84,0.6449,0.4483,LOCAL
7722,"Day 6, 08:42",60.28,7.32,38.73,6.2,5,-66.4,10.0,56.97,0.5091,0.531,LOCAL
7723,"Day 6, 08:43",64.38,7.43,28.55,1.27,3,-65.9,10.0,59.41,0.3972,0.4428,LOCAL
7724,"Day 6, 08:44",63.27,7.5,35.62,6.91,6,-65.4,10.0,54.3,0.5285,0.514,LOCAL
7725,"Day 6, 08:45",64.22,7.53,53.19,7.13,10,-64.7,10.2,55.5,0.7285,0.5353,LOCAL
7726,"Day 6, 08:46",62.69,7.59,39.2,2.73,7,-64.8,11.4,57.91,0.5768,0.4614,LOCAL
7727,"Day 6, 08:47",60.33,7.69,29.06,8.79,1,-64.5,10.0,60.28,0.3347,0.6441,LOCAL
7728,"Day 6, 08:48",63.54,7.79,24.13,1.76,4,-64.8,10.0,62.72,0.4175,0.5083,LOCAL
7729,"Day 6, 08:49",63.98,7.82,54.99,9.77,10,-64.5,10.0,64.55,0.7348,0.7413,LOCAL
7730,"Day 6, 08:50",61.27,7.83,58.91,5.31,10,-64.8,10.0,61.98,0.7525,0.5844,LOCAL
7731,"Day 6, 08:51",66.52,7.88,47.72,2.25,9,-63.6,10.0,57.69,0.6704,0.4423,LOCAL
7732,"Day 6, 08:52",64.93,7.95,41.62,3.99,6,-65.6,10.0,58.19,0.5464,0.4929,LOCAL
7733,"Day 6, 08:53",66.46,8.05,37.21,6.06,2,-66.1,10.0,57.49,0.3885,0.5347,LOCAL
7734,"Day 6, 08:54",63.37,8.12,41.51,7.99,5,-65.0,10.0,53.08,0.513,0.5262,LOCAL
7735,"Day 6, 08:55",68.4,8.24,31.42,3.55,1,-64.8,10.0,49.56,0.33,0.3757,LOCAL
7736,"Day 6, 08:56",66.75,8.29,44.11,5.55,10,-64.8,10.0,49.93,0.6918,0.4296,LOCAL
7737,"Day 6, 08:57",66.95,8.33,58.5,7.31,10,-66.0,10.0,53.09,0.7419,0.5092,LOCAL
7738,"Day 6, 08:58",65.59,8.4,49.21,8.48,3,-65.6,10.0,53.96,0.4662,0.549,LOCAL
7739,"Day 6, 08:59",66.93,8.5,31.38,1.12,4,-65.6,10.0,51.61,0.4367,0.3374,LOCAL
7740,"Day 6, 09:00",66.86,8.57,47.75,9.2,7,-67.7,10.0,55.01,0.599,0.5801,LOCAL
7741,"Day 6, 09:01",67.33,8.65,44.24,9.23,4,-65.7,10.0,59.12,0.4809,0.6375,LOCAL
7742,"Day 6, 09:02",66.45,8.74,37.59,4.25,4,-64.5,10.0,52.87,0.4588,0.4302,LOCAL
7743,"Day 6, 09:03",67.25,8.81,43.93,8.49,6,-63.6,10.0,56.43,0.5497,0.581,LOCAL
7744,"Day 6, 09:04",66.45,8.92,29.25,1.31,2,-62.1,10.0,56.21,0.3593,0.3985,LOCAL
7745,"Day 6, 09:05",68.9,9.06,23.47,3.85,1,-60.0,10.0,53.81,0.3002,0.4315,LOCAL
7746,"Day 6, 09:06",69.91,9.18,25.66,9.28,2,-58.9,10.0,56.97,0.3412,0.608,LOCAL
7747,"Day 6, 09:07",68.73,9.31,23.66,9.39,2,-58.4,10.0,53.88,0.3358,0.5708,LOCAL
7748,"Day 6, 09:08",67.8,9.44,18.19,2.55,3,-61.1,10.0,50.5,0.3528,0.3608,LOCAL
7749,"Day 6, 09:09",69.95,9.58,16.74,2.21,1,-59.8,10.0,49.09,0.2743,0.3373,LOCAL
7750,"Day 6, 09:10",68.24,9.7,24.81,8.22,3,-59.9,10.0,54.12,0.3749,0.5445,LOCAL
7751,"Day 6, 09:11",72.81,9.8,26.34,2.6,9,-61.5,10.0,54.62,0.5833,0.4102,LOCAL
7752,"Day 6, 09:12",73.47,9.91,31.39,5.38,6,-62.7,10.0,57.59,0.4948,0.5191,LOCAL
7753,"Day 6, 09:13",73.74,10.03,33.51,7.19,4,-63.8,10.0,51.98,0.4316,0.4934,LOCAL
7754,"Day 6, 09:14",71.42,10.1,40.89,4.24,10,-64.5,10.0,55.9,0.6708,0.4676,LOCAL
7755,"Day 6, 09:15",70.68,10.19,33.65,1.36,7,-64.7,10.0,56.24,0.5415,0.4001,LOCAL
7756,"Day 6, 09:16",73.74,10.34,23.77,9.85,1,-62.4,10.0,58.49,0.2921,0.6436,LOCAL
7757,"Day 6, 09:17",72.12,10.41,41.64,5.7,10,-63.7,10.0,53.51,0.672,0.474,LOCAL
7758,"Day 6, 09:18",71.49,10.5,38.34,3.4,7,-66.0,10.0,49.55,0.5562,0.3719,LOCAL
7759,"Day 6, 09:19",72.58,10.59,27.01,1.41,9,-64.4,10.0,53.35,0.5848,0.3649,LOCAL
7760,"Day 6, 09:20",74.96,10.75,18.94,4.38,1,-63.6,10.0,56.78,0.2727,0.4829,LOCAL
7761,"Day 6, 09:21",75.77,10.89,22.18,5.75,3,-64.8,10.0,59.6,0.3526,0.5577,LOCAL
7762,"Day 6, 09:22",73.83,11.02,24.07,3.67,6,-63.2,10.0,61.92,0.467,0.5424,LOCAL
7763,"Day 6, 09:23",74.7,11.12,40.64,9.78,6,-61.9,10.0,58.8,0.5235,0.6465,LOCAL
7764,"Day 6, 09:24",75.92,11.24,36.07,6.56,4,-62.0,10.1,59.86,0.4355,0.582,LOCAL
7765,"Day 6, 09:25",75.87,11.31,54.87,9.77,8,-64.1,10.0,54.32,0.6413,0.5857,LOCAL
7766,"Day 6, 09:26",74.6,11.4,55.11,7.47,5,-62.2,10.0,54.95,0.5389,0.5361,LOCAL
7767,"Day 6, 09:27",71.97,11.46,54.07,6.13,8,-62.4,10.0,49.61,0.6441,0.4408,LOCAL
7768,"Day 6, 09:28",77.71,11.51,70.85,8.75,10,-61.9,10.0,49.88,0.7642,0.5091,LOCAL
7769,"Day 6, 09:29",75.17,11.58,53.59,2.49,7,-60.5,10.0,48.94,0.6025,0.3428,LOCAL
7770,"Day 6, 09:30",73.15,11.7,40.88,6.48,3,-59.1,10.0,50.26,0.4208,0.4564,LOCAL
7771,"Day 6, 09:31",73.14,11.75,55.04,7.2,10,-58.6,10.6,46.5,0.7153,0.438,LOCAL
7772,"Day 6, 09:32",75.05,11.88,38.45,5.51,1,-59.0,10.0,50.83,0.3392,0.4385,LOCAL
7773,"Day 6, 09:33",76.55,11.98,42.7,5.93,6,-61.6,10.0,53.83,0.5267,0.4836,LOCAL
7774,"Day 6, 09:34",78.09,12.09,33.79,1.01,8,-61.4,10.0,54.27,0.563,0.3661,LOCAL
7775,"Day 6, 09:35",74.35,12.2,39.06,7.0,6,-59.3,10.0,52.68,0.5169,0.4967,LOCAL
7776,"Day 6, 09:36",77.79,12.34,28.25,3.8,2,-61.5,10.0,51.77,0.3337,0.4062,LOCAL
7777,"Day 6, 09:37",78.84,12.44,36.07,4.5,10,-61.8,10.0,48.4,0.6393,0.3875,LOCAL
7778,"Day 6, 09:38",79.96,12.57,31.96,3.76,5,-59.8,10.0,52.36,0.448,0.412,LOCAL
7779,"Day 6, 09:39",75.65,12.72,23.49,3.17,2,-59.3,10.0,56.24,0.3196,0.4454,LOCAL
7780,"Day 6, 09:40",75.81,12.88,21.93,9.87,1,-59.6,10.6,56.71,0.2787,0.621,LOCAL
7781,"Day 6, 09:41",81.05,13.0,20.91,1.56,10,-60.4,10.0,58.66,0.5821,0.4389,LOCAL
7782,"Day 6, 09:42",81.11,13.13,22.16,2.6,10,-58.6,10.0,56.26,0.5862,0.4315,LOCAL
7783,"Day 6, 09:43",76.92,13.26,33.34,8.23,4,-57.5,10.0,52.59,0.4214,0.5263,LOCAL
7784,"Day 6, 09:44",77.93,13.39,31.5,5.47,3,-58.4,10.0,50.89,0.3782,0.4381,LOCAL
7785,"Day 6, 09:45",80.98,13.54,25.12,2.56,5,-56.6,10.0,52.63,0.4212,0.385,LOCAL
7786,"Day 6, 09:46",76.98,13.67,24.21,2.24,6,-58.9,10.0,56.35,0.4588,0.4236,LOCAL
7787,"Day 6, 09:47",78.35,13.84,20.42,3.22,1,-61.8,10.0,60.3,0.2682,0.5051,LOCAL
7788,"Day 6, 09:48",80.07,13.97,23.67,3.33,8,-64.3,10.0,61.11,0.5218,0.5208,LOCAL
7789,"Day 6, 09:49",81.66,14.08,41.31,8.33,7,-63.0,10.0,57.65,0.546,0.5936,LOCAL
7790,"Day 6, 09:50",82.31,14.15,63.07,9.06,10,-62.8,10.0,61.32,0.7261,0.6673,LOCAL
7791,"Day 6, 09:51",82.44,14.24,56.01,4.27,9,-61.1,10.0,58.68,0.666,0.5069,LOCAL
7792,"Day 6, 09:52",81.33,14.36,41.47,1.23,6,-62.7,10.0,54.96,0.5116,0.3802,LOCAL
7793,"Day 6, 09:53",81.4,14.44,57.96,9.13,8,-65.0,10.0,52.45,0.6391,0.5472,LOCAL
7794,"Day 6, 09:54",82.89,14.51,66.26,6.51,10,-67.2,10.0,54.42,0.7358,0.5054,LOCAL
7795,"Day 6, 09:55",83.69,14.64,45.17,1.71,5,-67.6,10.0,50.49,0.4856,0.3397,LOCAL
7796,"Day 6, 09:56",80.5,14.79,33.61,5.0,2,-67.6,10.3,48.74,0.3447,0.4044,LOCAL
7797,"Day 6, 09:57",84.35,14.92,35.5,5.18,6,-64.9,10.0,50.33,0.4853,0.4247,LOCAL
7798,"Day 6, 09:58",80.56,15.06,38.25,9.52,3,-66.0,11.8,49.95,0.3955,0.5344,LOCAL
7799,"Day 6, 09:59",81.06,15.21,30.49,7.64,2,-63.5,10.0,52.12,0.3323,0.5061,LOCAL
7800,"Day 6, 10:00",79.81,15.32,34.21,2.54,10,-63.0,10.0,55.77,0.627,0.4234,LOCAL
7801,"Day 6, 10:01",83.08,15.4,60.4,8.44,9,-63.7,10.0,54.51,0.6787,0.5548,LOCAL
7802,"Day 6, 10:02",79.9,15.47,67.99,9.33,8,-63.3,10.0,55.9,0.6749,0.5949,LOCAL
7803,"Day 6, 10:03",83.67,15.59,52.01,6.18,4,-64.0,10.0,57.99,0.4731,0.5447,LOCAL
7804,"Day 6, 10:04",84.31,15.68,52.46,4.61,10,-64.5,10.0,53.38,0.6836,0.4452,LOCAL
7805,"Day 6, 10:05",84.29,15.78,48.98,4.63,10,-65.8,10.0,49.54,0.6713,0.4025,LOCAL
7806,"Day 6, 10:06",81.82,15.89,47.87,6.11,7,-63.9,10.0,45.0,0.566,0.395,LOCAL
7807,"Day 6, 10:07",86.62,16.02,41.07,3.53,7,-62.7,10.0,42.37,0.5348,0.3075,LOCAL
7808,"Day 6, 10:08",84.39,16.16,29.66,3.55,6,-62.4,10.0,42.24,0.463,0.3069,LOCAL
7809,"Day 6, 10:09",85.09,16.29,33.04,2.18,9,-64.1,10.0,47.09,0.5786,0.3164,LOCAL
7810,"Day 6, 10:10",82.38,16.45,31.99,9.98,1,-66.4,10.0,43.02,0.2987,0.4743,LOCAL
7811,"Day 6, 10:11",84.24,16.62,23.54,1.02,2,-66.5,10.0,43.86,0.3011,0.2576,LOCAL
7812,"Day 6, 10:12",85.76,16.8,22.5,5.27,3,-64.7,10.1,41.17,0.3299,0.3414,LOCAL
7813,"Day 6, 10:13",85.74,16.94,37.36,9.58,6,-62.6,10.0,43.76,0.4867,0.4707,LOCAL
7814,"Day 6, 10:14",85.47,17.1,32.2,4.86,3,-61.6,10.0,46.38,0.3638,0.3767,LOCAL
7815,"Day 6, 10:15",84.87,17.23,39.59,8.35,5,-61.4,10.0,47.54,0.4604,0.4752,LOCAL
7816,"Day 6, 10:16",87.89,17.36,38.16,3.01,9,-59.8,10.0,52.74,0.5907,0.3976,LOCAL
7817,"Day 6, 10:17",85.44,17.48,48.74,8.23,6,-61.3,10.0,52.75,0.5262,0.5283,LOCAL
7818,"Day 6, 10:18",83.12,17.61,42.86,5.24,5,-62.9,10.0,52.05,0.4739,0.4454,LOCAL
7819,"Day 6, 10:19",83.46,17.71,45.43,5.65,9,-60.7,10.0,50.56,0.6222,0.439,LOCAL
7820,"Day 6, 10:20",83.15,17.83,49.69,8.38,6,-59.4,10.4,53.97,0.5324,0.5479,LOCAL
7821,"Day 6, 10:21",87.48,17.91,68.65,9.48,10,-58.0,10.0,57.8,0.7322,0.6245,LOCAL
7822,"Day 6, 10:22",84.62,18.0,67.33,9.2,6,-60.9,10.0,58.66,0.5917,0.6299,LOCAL
7823,"Day 6, 10:23",84.18,18.15,44.82,2.89,1,-62.8,10.0,56.63,0.3384,0.4436,LOCAL
7824,"Day 6, 10:24",84.4,18.29,33.86,1.86,5,-64.4,10.0,55.54,0.4395,0.4035,LOCAL
7825,"Day 6, 10:25",86.34,18.39,57.65,9.56,9,-66.6,10.0,52.01,0.6597,0.5529,LOCAL
7826,"Day 6, 10:26",89.95,18.51,55.34,6.57,8,-68.8,10.0,48.76,0.611,0.4429,LOCAL
7827,"Day 6, 10:27",86.28,18.63,43.13,1.64,7,-70.1,10.3,44.38,0.5386,0.2785,LOCAL
7828,"Day 6, 10:28",87.26,18.76,43.07,4.09,7,-68.4,10.0,44.99,0.5367,0.3445,LOCAL
7829,"Day 6, 10:29",89.52,18.88,53.43,8.37,8,-69.9,10.0,47.95,0.6044,0.4797,LOCAL
7830,"Day 6, 10:30",89.41,19.03,46.24,7.65,4,-68.7,12.0,47.58,0.4392,0.4638,LOCAL
7831,"Day 6, 10:31",89.99,19.21,31.89,6.15,1,-67.0,10.0,52.23,0.2828,0.4701,LOCAL
7832,"Day 6, 10:32",86.85,19.33,46.93,8.36,8,-68.4,10.2,51.52,0.585,0.5178,LOCAL
7833,"Day 6, 10:33",89.94,19.45,50.28,6.36,8,-67.0,10.0,51.54,0.5919,0.4676,LOCAL
7834,"Day 6, 10:34",86.03,19.62,34.72,2.23,1,-68.4,10.5,46.59,0.2981,0.3145,LOCAL
7835,"Day 6, 10:35",86.15,19.77,36.83,7.3,4,-69.1,10.3,52.02,0.41,0.4974,LOCAL
7836,"Day 6, 10:36",88.63,19.88,48.99,6.26,10,-69.2,10.0,50.22,0.6587,0.4505,LOCAL
7837,"Day 6, 10:37",89.72,19.99,55.94,7.46,8,-69.4,12.3,48.83,0.6112,0.4723,LOCAL
7838,"Day 6, 10:38",88.51,20.12,53.94,8.58,5,-68.0,11.2,49.14,0.5009,0.5005,LOCAL
7839,"Day 6, 10:39",88.57,20.29,34.05,1.31,2,-68.6,10.0,52.12,0.3259,0.3479,LOCAL
7840,"Day 6, 10:40",91.09,20.47,25.23,1.93,5,-67.7,10.0,51.49,0.396,0.3562,LOCAL
7841,"Day 6, 10:41",90.9,20.67,20.37,6.36,2,-68.4,10.0,50.45,0.2739,0.4555,LOCAL
7842,"Day 6, 10:42",90.24,20.86,23.24,7.92,2,-69.7,10.0,51.91,0.2847,0.5107,LOCAL
7843,"Day 6, 10:43",92.09,21.02,22.47,1.93,9,-69.9,10.0,50.54,0.524,0.3457,LOCAL
7844,"Day 6, 10:44",91.93,21.19,32.49,8.53,5,-71.7,10.0,46.07,0.419,0.4654,LOCAL
7845,"Day 6, 10:45",92.38,21.4,20.49,1.38,1,-73.1,11.6,45.98,0.236,0.2903,LOCAL
7846,"Day 6, 10:46",91.35,21.59,21.85,3.54,3,-73.6,11.0,49.47,0.3121,0.3773,LOCAL
7847,"Day 6, 10:47",89.62,21.77,27.42,10.0,3,-75.1,10.0,48.73,0.3339,0.5284,LOCAL
7848,"Day 6, 10:48",89.66,21.95,25.59,9.55,2,-71.9,11.8,47.57,0.2922,0.5106,LOCAL
7849,"Day 6, 10:49",90.08,22.09,34.99,4.7,9,-69.7,10.0,50.01,0.5692,0.4093,LOCAL
7850,"Day 6, 10:50",88.24,22.28,27.68,8.19,1,-67.2,10.0,53.16,0.2661,0.532,LOCAL
7851,"Day 6, 10:51",88.65,22.45,22.93,3.01,4,-67.0,10.0,57.67,0.3536,0.461,LOCAL
7852,"Day 6, 10:52",93.48,22.59,49.56,9.94,8,-64.7,10.0,60.51,0.5794,0.6764,LOCAL
7853,"Day 6, 10:53",92.21,22.76,38.25,5.84,2,-65.6,10.0,57.14,0.3314,0.5243,LOCAL
7854,"Day 6, 10:54",88.89,22.91,35.49,3.0,6,-65.1,10.0,58.63,0.4665,0.4744,LOCAL
7855,"Day 6, 10:55",89.22,23.11,21.86,2.09,1,-63.8,11.4,53.57,0.243,0.3885,LOCAL
7856,"Day 6, 10:56",88.36,23.24,33.19,3.8,10,-63.0,10.0,51.85,0.5988,0.4071,LOCAL
7857,"Day 6, 10:57",89.2,23.43,25.48,4.12,1,-62.7,10.0,51.4,0.2552,0.41,LOCAL
7858,"Day 6, 10:58",90.71,23.6,26.75,5.57,5,-63.9,10.0,55.99,0.3972,0.5021,LOCAL
7859,"Day 6, 10:59",91.1,23.78,31.72,9.21,3,-65.9,10.3,59.91,0.3437,0.6497,LOCAL
7860,"Day 6, 11:00",90.04,23.97,27.4,7.39,1,-64.1,10.0,58.15,0.2599,0.5772,LOCAL
7861,"Day 6, 11:01",92.27,24.1,49.45,9.06,8,-62.5,10.0,52.16,0.5785,0.5421,LOCAL
7862,"Day 6, 11:02",94.81,24.27,43.05,6.53,5,-65.2,10.0,55.72,0.4471,0.5225,LOCAL
7863,"Day 6, 11:03",89.63,24.45,27.7,2.6,1,-65.5,10.0,58.64,0.2608,0.4647,LOCAL
7864,"Day 6, 11:04",91.93,24.61,32.81,4.08,8,-64.0,10.0,54.21,0.52,0.442,LOCAL
7865,"Day 6, 11:05",90.99,24.72,52.46,7.55,9,-64.1,10.0,57.3,0.625,0.5694,LOCAL
7866,"Day 6, 11:06",95.07,24.82,70.91,9.3,10,-62.1,10.0,51.86,0.7183,0.5446,LOCAL
7867,"Day 6, 11:07",95.32,24.92,74.56,8.63,9,-62.1,10.0,51.88,0.6956,0.5282,LOCAL
7868,"Day 6, 11:08",93.28,25.02,76.91,8.63,8,-63.0,10.6,56.55,0.6717,0.5879,LOCAL
7869,"Day 6, 11:09",92.39,25.16,58.23,6.99,4,-65.0,10.0,52.39,0.4675,0.493,LOCAL
7870,"Day 6, 11:10",93.88,25.32,42.05,2.25,5,-67.3,10.0,54.13,0.4434,0.3953,LOCAL
7871,"Day 6, 11:11",94.06,25.48,42.75,6.42,5,-65.3,10.0,56.27,0.4453,0.527,LOCAL
7872,"Day 6, 11:12",91.95,25.6,55.02,8.82,8,-65.2,10.0,53.83,0.5962,0.5559,LOCAL
7873,"Day 6, 11:13",91.04,25.78,40.86,8.6,1,-67.0,11.8,51.73,0.3028,0.531,LOCAL
7874,"Day 6, 11:14",90.48,25.93,42.24,7.65,5,-65.3,10.0,54.87,0.4482,0.5396,LOCAL
7875,"Day 6, 11:15",92.69,26.11,36.6,9.72,2,-64.1,10.3,54.27,0.3199,0.5848,LOCAL
7876,"Day 6, 11:16",90.61,26.3,25.24,4.37,2,-64.4,10.0,52.89,0.283,0.4334,LOCAL
7877,"Day 6, 11:17",94.03,26.51,18.0,1.13,1,-65.0,10.0,52.54,0.2172,0.3482,LOCAL
7878,"Day 6, 11:18",90.71,26.7,25.75,7.2,3,-63.8,10.0,55.04,0.319,0.5305,LOCAL
7879,"Day 6, 11:19",95.7,26.87,35.95,9.28,5,-62.4,10.0,49.67,0.417,0.5202,LOCAL
7880,"Day 6, 11:20",95.96,27.07,30.79,7.18,2,-62.1,10.0,51.25,0.2932,0.4849,LOCAL
7881,"Day 6, 11:21",93.4,27.27,22.98,2.51,2,-62.4,10.0,55.99,0.2694,0.4256,LOCAL
7882,"Day 6, 11:22",92.24,27.45,26.54,4.51,5,-61.1,10.0,53.12,0.3883,0.4396,LOCAL
7883,"Day 6, 11:23",93.0,27.64,30.08,9.64,3,-63.4,10.0,51.19,0.3293,0.5456,LOCAL
7884,"Day 6, 11:24",91.57,27.79,37.28,6.88,6,-63.9,10.0,48.86,0.4614,0.4517,LOCAL
7885,"Day 6, 11:25",96.89,27.94,51.16,9.31,7,-63.8,10.0,49.56,0.5368,0.5198,LOCAL
7886,"Day 6, 11:26",94.25,28.12,41.62,8.45,1,-62.4,10.4,45.07,0.2971,0.4555,LOCAL
7887,"Day 6, 11:27",96.95,28.27,53.91,9.92,6,-61.9,10.0,47.95,0.5108,0.5185,LOCAL
7888,"Day 6, 11:28",94.26,28.41,53.87,7.57,6,-64.2,10.0,46.45,0.5146,0.445,LOCAL
7889,"Day 6, 11:29",93.65,28.6,40.06,7.66,1,-62.0,10.0,45.07,0.2918,0.4345,LOCAL
7890,"Day 6, 11:30",93.76,28.8,26.64,3.36,1,-63.1,10.0,42.08,0.2444,0.3009,LOCAL
7891,"Day 6, 11:31",95.71,29.0,23.88,4.33,3,-65.7,10.5,39.39,0.3015,0.3049,LOCAL
7892,"Day 6, 11:32",94.48,29.16,32.69,4.24,9,-64.0,10.0,44.61,0.544,0.3448,LOCAL
7893,"Day 6, 11:33",92.34,29.32,26.43,1.9,7,-66.1,10.0,48.9,0.455,0.3277,LOCAL
7894,"Day 6, 11:34",92.35,29.44,53.46,8.47,10,-67.4,10.0,48.87,0.6544,0.4915,LOCAL
7895,"Day 6, 11:35",96.6,29.56,63.37,8.42,9,-65.8,10.0,48.38,0.6476,0.4853,LOCAL
7896,"Day 6, 11:36",92.41,29.65,73.52,9.77,8,-63.8,10.0,52.91,0.6542,0.5686,LOCAL
7897,"Day 6, 11:37",91.99,29.82,52.48,6.57,1,-64.3,10.0,50.05,0.336,0.4564,LOCAL
7898,"Day 6, 11:38",95.86,30.01,35.2,2.55,2,-65.8,10.7,47.75,0.3044,0.3341,LOCAL
7899,"Day 6, 11:39",93.98,30.13,53.92,7.66,10,-65.7,10.0,47.54,0.6526,0.4579,OFFLOAD
7900,"Day 6, 11:40",93.39,30.32,37.75,3.86,1,-66.8,10.0,43.58,0.2816,0.3261,LOCAL
7901,"Day 6, 11:41",93.52,30.52,24.08,4.9,1,-67.2,10.0,40.79,0.2332,0.3287,LOCAL
7902,"Day 6, 11:42",94.67,30.69,37.16,7.78,5,-68.7,10.0,45.66,0.417,0.4429,LOCAL
7903,"Day 6, 11:43",93.34,30.85,45.8,9.84,5,-68.7,10.0,41.51,0.449,0.4581,LOCAL
7904,"Day 6, 11:44",96.21,31.01,40.16,4.77,6,-69.8,10.3,43.41,0.4597,0.3484,OFFLOAD
7905,"Day 6, 11:45",93.82,31.21,39.03,5.06,4,-68.2,10.0,48.62,0.3891,0.4037,LOCAL
7906,"Day 6, 11:46",97.0,31.32,62.15,9.87,10,-67.4,10.0,45.83,0.6751,0.4967,LOCAL
7907,"Day 6, 11:47",93.47,31.43,65.24,7.29,9,-69.4,10.0,42.89,0.656,0.4059,OFFLOAD
7908,"Day 6, 11:48",93.14,31.58,68.62,8.99,7,-68.2,10.0,46.42,0.5981,0.4803,OFFLOAD
7909,"Day 6, 11:49",94.04,31.75,52.39,2.53,8,-67.7,10.0,45.07,0.5747,0.3062,OFFLOAD
7910,"Day 6, 11:50",95.94,31.94,43.44,7.89,2,-65.6,10.0,47.68,0.3302,0.465,LOCAL
7911,"Day 6, 11:51",95.06,32.09,47.87,8.06,7,-67.3,10.0,43.84,0.5218,0.4334,OFFLOAD
7912,"Day 6, 11:52",94.69,32.26,52.11,8.13,7,-65.9,10.0,48.37,0.537,0.4779,OFFLOAD
7913,"Day 6, 11:53",94.21,32.45,39.02,2.18,8,-64.5,10.0,47.91,0.5266,0.3246,OFFLOAD
7914,"Day 6, 11:54",97.49,32.62,62.62,9.78,9,-64.0,10.0,50.01,0.639,0.5363,OFFLOAD
7915,"Day 6, 11:55",94.31,32.79,58.3,9.64,5,-64.3,10.0,50.32,0.4884,0.5361,LOCAL
7916,"Day 6, 11:56",96.92,32.94,53.08,5.26,6,-63.6,10.0,46.87,0.501,0.3914,OFFLOAD
7917,"Day 6, 11:57",94.99,33.09,70.05,9.39,10,-61.9,10.0,42.88,0.7031,0.4584,OFFLOAD
7918,"Day 6, 11:58",97.94,33.27,53.67,7.92,2,-61.2,10.0,46.76,0.361,0.4568,LOCAL
7919,"Day 6, 11:59",96.57,33.45,41.08,3.72,4,-59.3,10.0,46.31,0.3887,0.3475,LOCAL
7920,"Day 6, 12:00",92.68,33.62,35.06,4.07,3,-60.2,10.0,42.36,0.3383,0.3209,LOCAL
7921,"Day 6, 12:01",93.21,33.79,28.39,1.17,7,-61.0,10.0,39.44,0.4539,0.2249,OFFLOAD
7922,"Day 6, 12:02",94.74,33.99,34.75,7.48,5,-62.4,10.0,41.53,0.4035,0.3993,LOCAL
7923,"Day 6, 12:03",93.34,34.19,24.77,1.32,3,-62.9,10.0,46.6,0.3004,0.2902,LOCAL
7924,"Day 6, 12:04",95.89,34.39,21.73,1.5,3,-65.3,10.0,42.73,0.2856,0.2598,LOCAL
7925,"Day 6, 12:05",94.63,34.6,20.0,4.67,2,-67.3,10.0,39.32,0.2461,0.3114,LOCAL
7926,"Day 6, 12:06",92.22,34.75,33.94,4.5,9,-65.8,10.0,40.75,0.5433,0.3184,OFFLOAD
7927,"Day 6, 12:07",94.38,34.95,29.25,2.62,5,-67.2,10.6,38.09,0.3834,0.2527,OFFLOAD
7928,"Day 6, 12:08",94.92,35.14,44.7,7.0,9,-65.5,10.0,44.17,0.5764,0.4098,LOCAL
7929,"Day 6, 12:09",93.7,35.31,39.17,6.86,4,-66.1,10.0,49.6,0.3836,0.4589,LOCAL
7930,"Day 6, 12:10",92.91,35.43,51.05,6.58,9,-66.4,10.0,46.87,0.6012,0.4243,OFFLOAD
7931,"Day 6, 12:11",95.9,35.61,51.64,5.99,6,-64.6,10.0,52.04,0.4935,0.4641,LOCAL
7932,"Day 6, 12:12",97.72,35.77,45.98,3.95,8,-62.6,10.0,56.53,0.5407,0.4688,OFFLOAD
7933,"Day 6, 12:13",92.37,35.93,51.84,5.61,9,-65.1,10.0,57.89,0.604,0.529,OFFLOAD
7934,"Day 6, 12:14",95.3,36.13,38.19,6.61,2,-63.3,10.0,58.49,0.3065,0.5626,LOCAL
7935,"Day 6, 12:15",95.82,36.34,27.99,2.74,1,-61.7,10.0,58.06,0.2347,0.4597,LOCAL
7936,"Day 6, 12:16",91.83,36.47,47.07,8.08,8,-62.5,10.0,58.19,0.5523,0.5951,LOCAL
7937,"Day 6, 12:17",92.69,36.58,59.23,7.48,10,-62.0,10.0,59.34,0.6634,0.5969,LOCAL
7938,"Day 6, 12:18",97.39,36.75,42.98,3.27,5,-63.8,10.0,61.52,0.4242,0.5258,LOCAL
7939,"Day 6, 12:19",96.66,36.92,43.04,6.85,5,-66.1,10.0,59.63,0.4253,0.5856,LOCAL
7940,"Day 6, 12:20",95.79,37.09,35.8,3.29,5,-68.1,10.2,61.52,0.401,0.5269,LOCAL
7941,"Day 6, 12:21",96.35,37.27,38.46,8.48,5,-70.1,10.2,62.87,0.4092,0.6794,LOCAL
7942,"Day 6, 12:22",92.12,37.43,30.04,1.71,6,-68.1,10.0,63.99,0.4208,0.5295,LOCAL
7943,"Day 6, 12:23",96.63,37.59,40.92,7.92,7,-66.0,10.1,57.12,0.4869,0.5764,LOCAL
7944,"Day 6, 12:24",96.5,37.76,40.83,6.58,6,-66.5,10.0,59.76,0.4515,0.5808,LOCAL
7945,"Day 6, 12:25",92.69,37.9,37.31,2.85,9,-65.1,10.0,61.61,0.5497,0.5169,LOCAL
7946,"Day 6, 12:26",96.04,38.1,31.46,2.59,3,-65.7,10.0,64.23,0.3139,0.556,LOCAL
7947,"Day 6, 12:27",93.61,38.28,30.45,7.89,3,-67.6,10.0,65.27,0.3137,0.708,LOCAL
7948,"Day 6, 12:28",94.1,38.42,40.63,5.46,10,-65.0,10.0,58.14,0.5934,0.5289,OFFLOAD
7949,"Day 6, 12:29",96.79,38.6,55.61,8.45,9,-63.6,10.0,55.04,0.6065,0.5618,LOCAL
7950,"Day 6, 12:30",94.91,38.78,40.27,4.26,1,-64.7,10.0,55.46,0.2754,0.4624,LOCAL
7951,"Day 6, 12:31",94.57,38.94,33.69,2.6,8,-63.4,10.0,57.45,0.4976,0.4476,LOCAL
7952,"Day 6, 12:32",96.48,39.12,39.21,7.35,5,-62.4,10.0,53.14,0.4088,0.5108,LOCAL
7953,"Day 6, 12:33",93.64,39.26,44.8,4.89,8,-61.8,10.0,53.94,0.5375,0.4591,OFFLOAD
7954,"Day 6, 12:34",95.6,39.45,39.61,3.09,7,-63.1,10.0,52.12,0.481,0.3924,OFFLOAD
7955,"Day 6, 12:35",95.79,39.65,40.67,7.83,5,-64.0,10.0,56.56,0.4142,0.5662,LOCAL
7956,"Day 6, 12:36",94.12,39.85,28.85,6.05,1,-63.6,10.0,59.42,0.235,0.5624,LOCAL
7957,"Day 6, 12:37",91.61,39.98,46.35,9.09,8,-65.4,10.3,62.2,0.5449,0.6836,LOCAL
7958,"Day 6, 12:38",92.13,40.14,42.32,7.4,4,-66.1,10.9,60.45,0.3897,0.6145,LOCAL
7959,"Day 6, 12:39",94.52,40.29,42.53,5.52,7,-67.4,10.0,61.01,0.4916,0.5739,LOCAL
7960,"Day 6, 12:40",94.22,40.48,34.36,4.2,2,-68.9,10.0,60.3,0.2882,0.5296,LOCAL
7961,"Day 6, 12:41",94.81,40.68,28.4,4.31,2,-66.3,10.0,60.49,0.2662,0.5353,LOCAL
7962,"Day 6, 12:42",95.73,40.88,24.86,3.86,3,-64.9,10.0,60.37,0.2871,0.5222,LOCAL
7963,"Day 6, 12:43",96.26,41.05,25.86,2.07,9,-66.8,10.0,61.27,0.4995,0.4918,LOCAL
7964,"Day 6, 12:44",92.77,41.2,39.14,6.07,8,-67.0,10.0,63.65,0.516,0.6324,LOCAL
7965,"Day 6, 12:45",92.74,41.34,47.08,7.93,7,-68.2,10.0,59.16,0.5087,0.6056,LOCAL
7966,"Day 6, 12:46",90.29,41.49,36.32,1.92,6,-68.9,10.0,61.46,0.4394,0.4911,LOCAL
7967,"Day 6, 12:47",90.21,41.68,25.66,4.16,1,-67.5,10.0,59.49,0.227,0.5162,LOCAL
7968,"Day 6, 12:48",90.12,41.83,28.78,2.4,10,-65.0,10.0,53.89,0.5528,0.3962,LOCAL
7969,"Day 6, 12:49",94.3,42.0,28.59,2.85,7,-67.1,10.0,50.17,0.4406,0.3648,OFFLOAD
7970,"Day 6, 12:50",94.88,42.17,52.9,8.89,9,-68.2,10.0,45.41,0.5946,0.4683,OFFLOAD
7971,"Day 6, 12:51",94.65,42.35,49.49,5.58,5,-68.3,10.0,42.94,0.4427,0.3636,OFFLOAD
7972,"Day 6, 12:52",92.36,42.53,45.51,3.59,6,-68.0,12.1,47.21,0.4669,0.3589,OFFLOAD
7973,"Day 6, 12:53",90.39,42.71,36.02,1.77,2,-68.1,10.0,46.47,0.2964,0.3003,LOCAL
7974,"Day 6, 12:54",92.63,42.88,39.71,9.16,3,-66.2,10.0,48.76,0.3407,0.5077,LOCAL
7975,"Day 6, 12:55",94.65,43.05,33.06,3.84,6,-64.5,10.0,51.48,0.4191,0.4039,LOCAL
7976,"Day 6, 12:56",94.23,43.22,37.47,6.86,5,-62.7,10.0,53.96,0.4,0.5086,LOCAL
7977,"Day 6, 12:57",90.8,43.39,32.8,3.46,5,-64.0,10.0,53.94,0.3885,0.4233,LOCAL
7978,"Day 6, 12:58",92.8,43.59,24.64,2.0,2,-64.9,10.0,53.98,0.2517,0.3873,LOCAL
7979,"Day 6, 12:59",88.89,43.73,39.73,9.27,6,-66.4,10.0,50.09,0.4501,0.5243,LOCAL
7980,"Day 6, 13:00",89.7,43.85,49.4,5.97,9,-67.5,10.0,52.1,0.5876,0.4642,OFFLOAD
7981,"Day 6, 13:01",89.14,44.01,46.13,6.41,5,-64.8,10.0,55.0,0.4367,0.5102,LOCAL
7982,"Day 6, 13:02",88.94,44.16,46.36,9.04,4,-66.7,10.4,50.39,0.4026,0.523,LOCAL
7983,"Day 6, 13:03",94.06,44.35,35.72,3.59,2,-65.9,11.1,51.75,0.2874,0.404,LOCAL
7984,"Day 6, 13:04",89.06,44.54,23.73,2.2,1,-64.8,10.0,54.05,0.2177,0.3931,LOCAL
7985,"Day 6, 13:05",91.97,44.7,31.54,8.1,6,-64.6,10.0,55.77,0.4154,0.5624,LOCAL
7986,"Day 6, 13:06",93.34,44.87,36.59,6.33,5,-64.2,10.2,55.21,0.3958,0.5117,LOCAL
7987,"Day 6, 13:07",90.17,45.02,38.78,7.92,5,-61.8,10.0,59.42,0.4079,0.6091,LOCAL
7988,"Day 6, 13:08",91.48,45.19,34.88,3.91,5,-61.0,10.0,54.29,0.3921,0.4388,LOCAL
7989,"Day 6, 13:09",89.79,45.34,34.06,3.69,7,-59.6,10.0,57.54,0.4615,0.4761,LOCAL
7990,"Day 6, 13:10",90.89,45.52,30.16,6.63,3,-62.3,10.0,59.26,0.306,0.5746,LOCAL
7991,"Day 6, 13:11",90.43,45.68,30.21,3.91,5,-61.3,10.0,60.16,0.3766,0.5203,LOCAL
7992,"Day 6, 13:12",91.9,45.85,35.71,7.1,5,-60.1,10.0,56.94,0.3934,0.5532,LOCAL
7993,"Day 6, 13:13",89.47,45.99,45.87,8.73,5,-62.4,10.0,59.0,0.4324,0.6231,LOCAL
7994,"Day 6, 13:14",88.63,46.13,45.96,7.16,6,-64.9,10.0,60.2,0.4687,0.6021,LOCAL
7995,"Day 6, 13:15",86.97,46.29,36.26,4.83,2,-62.8,10.0,57.16,0.297,0.4994,LOCAL
7996,"Day 6, 13:16",90.61,46.46,34.85,7.17,3,-64.3,10.7,59.26,0.3214,0.59,LOCAL
7997,"Day 6, 13:17",87.27,46.59,43.53,7.03,7,-62.9,10.0,61.6,0.4966,0.6212,LOCAL
7998,"Day 6, 13:18",89.34,46.75,32.89,3.01,4,-64.1,10.1,56.8,0.351,0.4491,LOCAL
7999,"Day 6, 13:19",91.52,46.93,30.15,4.0,4,-65.0,10.0,57.22,0.3379,0.4794,LOCAL
8000,"Day 6, 13:20",89.65,47.08,38.25,6.87,6,-63.3,10.0,59.06,0.4388,0.5775,LOCAL
8001,"Day 6, 13:21",87.57,47.23,38.92,8.92,4,-63.1,10.0,58.29,0.374,0.6176,LOCAL
8002,"Day 6, 13:22",91.94,47.39,40.19,6.59,5,-65.0,10.0,60.84,0.4067,0.5979,LOCAL
8003,"Day 6, 13:23",90.18,47.57,29.01,2.09,3,-63.8,10.0,55.27,0.2999,0.4058,LOCAL
8004,"Day 6, 13:24",88.52,47.67,55.83,9.36,10,-66.0,10.0,50.45,0.6411,0.5305,OFFLOAD
8005,"Day 6, 13:25",89.23,47.83,51.49,5.97,7,-66.3,10.0,52.62,0.5196,0.4703,LOCAL
8006,"Day 6, 13:26",87.59,47.92,65.76,8.87,9,-67.0,10.0,48.71,0.6419,0.4999,OFFLOAD
8007,"Day 6, 13:27",89.03,48.04,75.98,9.67,9,-66.4,10.0,48.6,0.6753,0.5187,OFFLOAD
8008,"Day 6, 13:28",87.24,48.16,75.97,7.66,9,-63.9,10.0,46.19,0.6778,0.4448,OFFLOAD
8009,"Day 6, 13:29",89.0,48.32,51.53,1.16,10,-64.4,10.0,48.65,0.6244,0.3065,OFFLOAD
8010,"Day 6, 13:30",87.53,48.5,35.41,1.17,2,-66.6,10.0,44.12,0.2899,0.2636,LOCAL
8011,"Day 6, 13:31",87.41,48.68,26.6,6.82,1,-68.3,10.0,47.05,0.224,0.4321,LOCAL
8012,"Day 6, 13:32",88.45,48.79,49.87,8.23,10,-68.6,10.0,50.1,0.6187,0.4985,OFFLOAD
8013,"Day 6, 13:33",85.12,48.96,36.8,8.71,2,-67.7,10.0,46.93,0.2977,0.4782,LOCAL
8014,"Day 6, 13:34",88.86,49.08,49.57,7.4,8,-67.5,10.0,47.48,0.5466,0.4508,OFFLOAD
8015,"Day 6, 13:35",89.04,49.23,51.7,7.95,5,-69.7,10.0,48.69,0.4486,0.4767,LOCAL
8016,"Day 6, 13:36",84.61,49.36,45.64,5.72,6,-68.9,10.0,50.22,0.4688,0.437,LOCAL
8017,"Day 6, 13:37",84.71,49.49,33.83,1.05,8,-66.0,10.0,48.72,0.4971,0.3045,OFFLOAD
8018,"Day 6, 13:38",87.16,49.67,30.35,6.91,1,-64.2,10.0,51.99,0.236,0.4865,LOCAL
8019,"Day 6, 13:39",83.62,49.85,23.34,9.57,1,-62.6,10.0,50.81,0.2165,0.5397,LOCAL
8020,"Day 6, 13:40",83.6,49.96,41.32,8.11,8,-64.7,10.0,46.83,0.5243,0.4622,OFFLOAD
8021,"Day 6, 13:41",88.88,50.11,60.08,7.8,9,-63.1,10.0,45.45,0.6168,0.4415,OFFLOAD
8022,"Day 6, 13:42",86.55,50.28,37.88,4.94,1,-65.5,10.0,45.68,0.2623,0.3721,LOCAL
8023,"Day 6, 13:43",83.79,50.43,28.07,1.6,5,-67.4,10.0,43.03,0.3719,0.2649,OFFLOAD
8024,"Day 6, 13:44",83.84,50.6,30.24,3.14,8,-68.6,10.0,46.74,0.4842,0.3371,OFFLOAD
8025,"Day 6, 13:45",85.71,50.77,36.75,7.75,4,-68.1,10.0,43.47,0.3639,0.4225,LOCAL
8026,"Day 6, 13:46",84.58,50.91,41.05,9.41,4,-69.3,10.0,43.38,0.3804,0.4631,LOCAL
8027,"Day 6, 13:47",86.67,51.05,34.9,2.11,8,-69.4,10.0,44.98,0.4956,0.2949,OFFLOAD
8028,"Day 6, 13:48",82.1,51.21,34.08,9.83,3,-69.2,10.0,45.87,0.3243,0.496,LOCAL
8029,"Day 6, 13:49",83.99,51.35,32.55,4.36,5,-68.0,13.6,44.28,0.3859,0.3551,LOCAL
8030,"Day 6, 13:50",81.99,51.52,24.5,1.73,2,-65.4,12.3,41.07,0.2555,0.2584,LOCAL
8031,"Day 6, 13:51",84.29,51.69,25.18,6.55,2,-63.8,10.0,46.15,0.2541,0.4168,LOCAL
8032,"Day 6, 13:52",81.11,51.81,35.47,6.87,7,-64.4,10.0,46.69,0.4697,0.4298,LOCAL
8033,"Day 6, 13:53",84.71,51.94,31.79,2.73,8,-66.0,10.0,43.3,0.4863,0.2954,OFFLOAD
8034,"Day 6, 13:54",85.02,52.12,28.36,3.16,5,-66.4,10.0,40.85,0.3686,0.2857,OFFLOAD
8035,"Day 6, 13:55",82.35,52.3,26.19,9.41,2,-65.0,10.0,41.98,0.2597,0.4512,LOCAL
8036,"Day 6, 13:56",84.42,52.47,22.63,6.8,2,-67.4,10.0,45.77,0.2438,0.4194,LOCAL
8037,"Day 6, 13:57",82.69,52.64,23.88,9.46,2,-68.4,10.0,48.68,0.2506,0.5144,LOCAL
8038,"Day 6, 13:58",81.44,52.76,37.93,6.36,7,-67.0,10.8,47.87,0.4765,0.4309,LOCAL
8039,"Day 6, 13:59",80.11,52.9,33.77,4.95,4,-68.0,10.0,47.42,0.3587,0.389,LOCAL
8040,"Day 6, 14:00",81.91,53.02,34.74,3.44,7,-67.8,10.0,48.2,0.4642,0.359,OFFLOAD
8041,"Day 6, 14:01",84.23,53.16,53.21,7.79,10,-65.1,10.0,48.77,0.6302,0.4735,OFFLOAD
8042,"Day 6, 14:02",79.47,53.3,48.61,4.73,4,-66.2,10.0,46.7,0.411,0.3765,LOCAL
8043,"Day 6, 14:03",81.8,53.41,41.56,3.31,7,-63.6,10.0,49.84,0.4876,0.3727,OFFLOAD
8044,"Day 6, 14:04",80.16,53.58,29.59,7.1,1,-62.0,10.0,48.67,0.238,0.4552,LOCAL
8045,"Day 6, 14:05",82.76,53.71,31.17,3.34,6,-63.1,10.0,50.1,0.4144,0.3762,LOCAL
8046,"Day 6, 14:06",83.05,53.84,36.64,7.26,6,-61.5,10.0,49.26,0.4329,0.4654,LOCAL
8047,"Day 6, 14:07",79.6,53.97,31.61,2.17,7,-60.9,10.0,46.36,0.4553,0.3092,OFFLOAD
8048,"Day 6, 14:08",83.31,54.14,26.72,8.09,1,-60.6,10.0,45.57,0.2223,0.4498,LOCAL
8049,"Day 6, 14:09",79.13,54.27,34.75,8.68,5,-60.7,10.0,45.88,0.3965,0.4675,LOCAL
8050,"Day 6, 14:10",81.81,54.43,30.27,5.91,2,-62.1,10.0,41.87,0.2716,0.3629,LOCAL
8051,"Day 6, 14:11",80.87,54.59,26.08,6.43,1,-60.9,10.0,43.54,0.2231,0.39,LOCAL
8052,"Day 6, 14:12",79.16,54.73,26.83,3.19,5,-61.0,10.6,48.36,0.3681,0.356,LOCAL
8053,"Day 6, 14:13",77.7,54.88,24.33,4.95,3,-62.8,10.0,52.72,0.2913,0.4459,LOCAL
8054,"Day 6, 14:14",78.36,55.0,20.66,1.02,9,-62.3,10.0,49.8,0.4873,0.315,OFFLOAD
8055,"Day 6, 14:15",80.53,55.17,23.89,8.92,2,-60.8,10.0,50.16,0.2501,0.5163,LOCAL
8056,"Day 6, 14:16",81.7,55.26,49.83,8.53,10,-60.3,10.0,50.43,0.619,0.5096,OFFLOAD
8057,"Day 6, 14:17",76.14,55.41,33.64,1.16,7,-63.0,10.0,50.67,0.4654,0.3279,OFFLOAD
8058,"Day 6, 14:18",76.13,55.54,44.3,8.53,6,-62.3,10.0,51.88,0.4676,0.5257,LOCAL
8059,"Day 6, 14:19",78.46,55.68,29.65,3.63,2,-62.4,10.0,47.88,0.2726,0.3605,LOCAL
8060,"Day 6, 14:20",75.26,55.84,21.41,8.0,1,-63.1,10.0,47.85,0.2133,0.4695,LOCAL
8061,"Day 6, 14:21",77.66,55.99,23.5,8.0,2,-65.5,10.0,49.03,0.2518,0.4815,LOCAL
8062,"Day 6, 14:22",75.55,56.15,17.24,1.08,1,-67.5,10.0,53.74,0.1978,0.3613,LOCAL
8063,"Day 6, 14:23",77.17,56.3,19.09,4.39,5,-68.5,10.0,51.8,0.3416,0.4212,LOCAL
8064,"Day 6, 14:24",78.36,56.42,32.54,8.34,6,-69.6,10.0,51.16,0.4217,0.5128,LOCAL
8065,"Day 6, 14:25",78.22,56.53,41.2,6.14,6,-71.2,10.8,55.55,0.4521,0.5129,LOCAL
8066,"Day 6, 14:26",73.92,56.6,50.52,7.22,8,-72.7,10.1,52.43,0.5611,0.4995,OFFLOAD
8067,"Day 6, 14:27",73.95,56.74,37.35,7.94,1,-71.2,10.0,49.64,0.2697,0.4864,LOCAL
8068,"Day 6, 14:28",73.9,56.83,35.71,2.32,8,-72.6,10.0,50.01,0.5089,0.3498,OFFLOAD
8069,"Day 6, 14:29",74.68,56.97,35.64,2.44,8,-70.0,11.1,51.42,0.5073,0.3715,OFFLOAD
8070,"Day 6, 14:30",73.21,57.11,28.69,3.33,1,-70.3,10.0,46.45,0.2399,0.3391,LOCAL
8071,"Day 6, 14:31",72.17,57.2,34.97,3.72,8,-70.4,10.0,47.83,0.5084,0.3623,OFFLOAD
8072,"Day 6, 14:32",74.22,57.35,26.99,2.05,6,-68.6,10.0,43.74,0.4071,0.2823,OFFLOAD
8073,"Day 6, 14:33",74.15,57.51,22.65,3.58,3,-67.4,10.0,43.12,0.2868,0.3152,LOCAL
8074,"Day 6, 14:34",74.82,57.62,34.39,8.7,5,-68.5,10.0,40.73,0.3967,0.4233,LOCAL
8075,"Day 6, 14:35",76.35,57.68,58.63,9.98,10,-67.3,11.0,41.4,0.6541,0.4636,OFFLOAD
8076,"Day 6, 14:36",74.22,57.81,40.41,5.93,1,-69.4,10.0,40.77,0.2784,0.3543,LOCAL
8077,"Day 6, 14:37",74.8,57.93,36.53,9.49,3,-67.7,10.0,41.29,0.3338,0.4476,LOCAL
8078,"Day 6, 14:38",76.17,58.08,28.14,9.41,1,-65.6,10.0,41.23,0.2321,0.4451,LOCAL
8079,"Day 6, 14:39",72.58,58.23,20.36,8.56,1,-67.2,10.4,46.05,0.21,0.4671,LOCAL
8080,"Day 6, 14:40",75.68,58.36,19.67,1.15,6,-64.7,10.0,44.06,0.3778,0.2627,OFFLOAD
8081,"Day 6, 14:41",73.14,58.49,36.73,6.3,8,-67.1,10.0,40.99,0.5111,0.3654,OFFLOAD
8082,"Day 6, 14:42",71.56,58.62,38.36,8.98,4,-69.2,10.3,42.55,0.379,0.4463,LOCAL
8083,"Day 6, 14:43",73.23,58.72,31.65,2.77,7,-68.5,10.0,39.69,0.4578,0.2668,OFFLOAD
8084,"Day 6, 14:44",73.56,58.87,24.1,8.25,1,-68.0,10.0,37.25,0.2207,0.3855,LOCAL
8085,"Day 6, 14:45",73.64,58.93,53.28,8.65,10,-67.1,10.0,39.19,0.6376,0.41,OFFLOAD
8086,"Day 6, 14:46",70.15,59.05,36.52,2.07,1,-64.5,10.0,42.27,0.269,0.2702,LOCAL
8087,"Day 6, 14:47",69.76,59.14,43.7,8.67,5,-66.2,10.0,38.54,0.4346,0.4055,LOCAL
8088,"Day 6, 14:48",68.78,59.24,33.56,1.89,4,-64.8,10.0,44.23,0.3654,0.2826,OFFLOAD
8089,"Day 6, 14:49",69.42,59.36,41.86,5.74,9,-64.3,10.0,41.07,0.5683,0.3521,OFFLOAD
8090,"Day 6, 14:50",70.06,59.47,40.7,5.15,6,-65.7,10.3,43.39,0.4581,0.3575,OFFLOAD
8091,"Day 6, 14:51",67.94,59.6,29.18,1.5,6,-65.5,10.0,49.18,0.4208,0.3205,OFFLOAD
8092,"Day 6, 14:52",68.0,59.73,24.2,3.82,1,-65.1,10.0,51.96,0.2281,0.4089,LOCAL
8093,"Day 6, 14:53",70.56,59.82,39.42,7.38,7,-65.9,10.0,55.78,0.4874,0.5445,LOCAL
8094,"Day 6, 14:54",70.86,59.91,31.83,1.67,8,-68.0,10.0,56.49,0.4953,0.4112,OFFLOAD
8095,"Day 6, 14:55",68.56,60.04,27.39,5.06,1,-70.1,11.7,58.39,0.238,0.5273,LOCAL
8096,"Day 6, 14:56",66.26,60.15,26.7,7.31,3,-70.5,10.0,56.56,0.3088,0.5532,LOCAL
8097,"Day 6, 14:57",67.68,60.27,27.32,7.64,2,-68.7,10.0,59.34,0.2737,0.6009,LOCAL
8098,"Day 6, 14:58",64.78,60.38,24.52,4.04,2,-66.6,10.0,57.93,0.2681,0.4903,LOCAL
8099,"Day 6, 14:59",64.61,60.5,22.92,3.71,2,-67.6,10.8,60.93,0.2626,0.5296,LOCAL
8100,"Day 6, 15:00",67.71,60.57,38.22,6.38,8,-65.1,10.0,63.82,0.5214,0.6432,LOCAL
8101,"Day 6, 15:01",67.48,60.64,37.6,3.44,8,-63.7,10.0,59.93,0.5194,0.5049,LOCAL
8102,"Day 6, 15:02",64.92,60.73,37.03,8.29,4,-65.2,11.3,58.75,0.3811,0.612,LOCAL
8103,"Day 6, 15:03",63.43,60.77,49.88,7.67,8,-67.1,10.0,57.28,0.5683,0.5721,LOCAL
8104,"Day 6, 15:04",63.61,60.87,33.63,4.5,2,-66.3,10.0,56.26,0.301,0.4789,LOCAL
8105,"Day 6, 15:05",66.51,61.0,22.13,5.28,1,-65.6,10.0,51.74,0.2212,0.4428,LOCAL
8106,"Day 6, 15:06",68.07,61.1,24.35,2.66,6,-65.8,10.0,50.42,0.4015,0.3627,LOCAL
8107,"Day 6, 15:07",67.15,61.2,29.92,6.59,5,-66.2,10.0,45.83,0.3872,0.4147,LOCAL
8108,"Day 6, 15:08",62.48,61.26,28.91,1.73,9,-63.6,10.0,48.27,0.5306,0.3169,OFFLOAD
8109,"Day 6, 15:09",61.8,61.38,25.13,2.61,5,-62.7,10.0,48.9,0.3782,0.3454,LOCAL
8110,"Day 6, 15:10",66.06,61.47,32.03,7.95,5,-62.2,10.0,50.71,0.3958,0.4981,LOCAL
8111,"Day 6, 15:11",62.1,61.57,27.38,4.79,2,-60.5,10.0,45.94,0.2803,0.3708,LOCAL
8112,"Day 6, 15:12",65.02,61.65,25.94,2.08,8,-61.6,10.0,51.1,0.4808,0.3557,OFFLOAD
8113,"Day 6, 15:13",62.48,61.77,21.39,3.3,4,-62.4,10.0,55.19,0.3285,0.4349,LOCAL
8114,"Day 6, 15:14",64.48,61.88,21.81,4.45,3,-60.8,10.0,52.78,0.2918,0.4341,LOCAL
8115,"Day 6, 15:15",63.47,62.0,18.68,1.71,3,-60.8,10.0,50.47,0.2822,0.3395,LOCAL
8116,"Day 6, 15:16",59.54,62.07,30.72,7.46,5,-63.4,10.0,51.19,0.4001,0.4911,LOCAL
8117,"Day 6, 15:17",60.99,62.13,37.69,7.02,6,-61.5,10.0,49.02,0.4572,0.4568,LOCAL
8118,"Day 6, 15:18",60.42,62.21,40.87,9.61,3,-62.2,10.0,52.0,0.3641,0.554,LOCAL
8119,"Day 6, 15:19",63.93,62.26,37.43,2.68,9,-63.3,10.0,48.2,0.5567,0.34,OFFLOAD
8120,"Day 6, 15:20",63.41,62.35,50.03,7.66,8,-62.9,10.0,47.28,0.5665,0.4553,OFFLOAD
8121,"Day 6, 15:21",57.82,62.43,38.4,1.82,6,-62.9,10.0,50.06,0.464,0.3378,OFFLOAD
8122,"Day 6, 15:22",59.61,62.53,33.61,2.46,5,-65.5,10.0,51.28,0.4094,0.3672,LOCAL
8123,"Day 6, 15:23",60.89,62.61,31.84,6.0,4,-64.0,10.0,54.53,0.3662,0.494,LOCAL
8124,"Day 6, 15:24",59.29,62.67,31.01,4.14,7,-63.9,10.0,55.45,0.4706,0.4593,LOCAL
8125,"Day 6, 15:25",60.39,62.78,23.38,4.28,1,-64.8,10.0,55.88,0.2321,0.4684,LOCAL
8126,"Day 6, 15:26",61.41,62.89,19.18,4.17,2,-65.6,10.0,50.5,0.2507,0.4013,LOCAL
8127,"Day 6, 15:27",60.03,62.98,26.69,7.7,3,-66.0,10.0,51.89,0.3139,0.5051,LOCAL
8128,"Day 6, 15:28",60.42,63.09,20.5,7.16,1,-65.0,10.0,53.15,0.2215,0.5063,LOCAL
8129,"Day 6, 15:29",60.42,63.15,34.61,5.5,7,-63.7,10.0,48.01,0.4808,0.4086,OFFLOAD
8130,"Day 6, 15:30",57.96,63.22,51.77,9.48,7,-63.4,10.0,43.6,0.5444,0.4669,OFFLOAD
8131,"Day 6, 15:31",59.59,63.28,55.25,6.67,8,-63.9,10.0,40.42,0.5891,0.37,OFFLOAD
8132,"Day 6, 15:32",60.15,63.35,51.41,3.82,10,-62.4,10.0,44.37,0.6447,0.3321,OFFLOAD
8133,"Day 6, 15:33",59.52,63.42,54.45,6.74,7,-60.5,10.0,42.85,0.5512,0.3919,OFFLOAD
8134,"Day 6, 15:34",55.87,63.48,54.23,9.7,4,-60.3,10.0,44.79,0.4508,0.4829,LOCAL
8135,"Day 6, 15:35",53.62,63.47,57.53,5.86,9,-62.4,10.0,47.19,0.6407,0.4094,OFFLOAD
8136,"Day 6, 15:36",53.55,63.53,52.5,6.34,6,-62.2,10.0,50.83,0.5181,0.4591,OFFLOAD
8137,"Day 6, 15:37",56.79,63.56,69.84,9.85,9,-64.6,10.0,46.73,0.6789,0.5048,OFFLOAD
8138,"Day 6, 15:38",53.02,63.61,56.99,7.05,4,-67.0,10.8,43.13,0.4645,0.4042,OFFLOAD
8139,"Day 6, 15:39",57.01,63.69,39.84,1.3,2,-67.9,10.0,39.55,0.3284,0.229,OFFLOAD
8140,"Day 6, 15:40",55.82,63.76,41.69,9.59,5,-66.6,10.0,39.47,0.4415,0.4356,LOCAL
8141,"Day 6, 15:41",55.25,63.76,61.67,9.65,8,-68.1,10.0,45.0,0.6173,0.4836,OFFLOAD
8142,"Day 6, 15:42",52.3,63.82,43.52,9.54,1,-67.7,10.0,44.29,0.3132,0.4744,LOCAL
8143,"Day 6, 15:43",51.51,63.84,47.59,7.22,6,-69.2,10.0,43.23,0.5035,0.4071,OFFLOAD
8144,"Day 6, 15:44",55.7,63.9,51.19,8.56,6,-67.9,10.0,47.3,0.5098,0.4781,LOCAL
8145,"Day 6, 15:45",53.1,63.91,47.52,3.77,9,-67.6,10.0,49.98,0.6058,0.3857,OFFLOAD
8146,"Day 6, 15:46",50.59,63.94,62.82,9.47,9,-67.8,10.8,47.19,0.6631,0.5021,LOCAL
8147,"Day 6, 15:47",51.53,63.95,58.52,8.45,5,-69.4,10.0,51.82,0.5066,0.523,LOCAL
8148,"Day 6, 15:48",50.13,63.95,57.82,6.87,7,-69.5,10.0,51.2,0.5763,0.4766,OFFLOAD
8149,"Day 6, 15:49",50.59,63.99,55.04,4.62,10,-67.0,10.0,47.44,0.6708,0.381,LOCAL
8150,"Day 6, 15:50",53.99,63.99,52.84,4.85,10,-66.2,10.0,50.11,0.658,0.4141,OFFLOAD
8151,"Day 6, 15:51",53.37,64.04,52.83,4.68,10,-65.2,10.0,52.4,0.6588,0.4354,OFFLOAD
8152,"Day 6, 15:52",50.38,64.09,45.34,9.71,2,-63.8,10.0,47.47,0.357,0.5085,LOCAL
8153,"Day 6, 15:53",51.92,64.11,41.62,3.6,9,-64.5,10.0,52.56,0.5866,0.4103,OFFLOAD
8154,"Day 6, 15:54",52.19,64.13,65.36,9.95,9,-62.1,10.0,55.95,0.6693,0.6111,OFFLOAD
8155,"Day 6, 15:55",50.01,64.16,61.79,9.9,6,-62.1,10.0,57.22,0.555,0.6269,LOCAL
8156,"Day 6, 15:56",47.57,64.17,48.91,3.62,6,-60.5,10.0,55.22,0.5136,0.4433,OFFLOAD
8157,"Day 6, 15:57",46.77,64.22,39.0,4.68,5,-61.9,10.0,55.89,0.445,0.4785,LOCAL
8158,"Day 6, 15:58",47.82,64.28,27.24,2.21,1,-61.4,10.0,59.3,0.2622,0.4646,LOCAL
8159,"Day 6, 15:59",45.62,64.32,30.1,5.03,5,-64.0,10.0,60.33,0.4155,0.5508,LOCAL
8160,"Day 6, 16:00",48.14,64.35,30.77,4.46,6,-62.8,10.0,53.87,0.4489,0.4474,LOCAL
8161,"Day 6, 16:01",47.59,64.4,31.08,8.66,3,-63.1,10.0,56.28,0.3458,0.5832,LOCAL
8162,"Day 6, 16:02",47.26,64.46,25.41,4.06,2,-61.0,10.0,50.91,0.2914,0.4031,LOCAL
8163,"Day 6, 16:03",45.95,64.45,48.19,8.22,9,-59.2,10.0,50.81,0.6181,0.5059,OFFLOAD
8164,"Day 6, 16:04",48.81,64.51,33.11,2.71,1,-61.3,10.0,50.34,0.2809,0.3631,LOCAL
8165,"Day 6, 16:05",45.69,64.51,44.77,6.6,8,-64.0,10.0,48.88,0.5714,0.4449,OFFLOAD
8166,"Day 6, 16:06",47.22,64.54,53.8,8.11,8,-62.6,10.0,53.94,0.6006,0.5395,OFFLOAD
8167,"Day 6, 16:07",43.44,64.57,42.38,4.26,4,-63.0,10.0,49.13,0.4263,0.389,LOCAL
8168,"Day 6, 16:08",43.34,64.57,44.28,4.77,6,-65.2,10.0,53.86,0.5031,0.4551,LOCAL
8169,"Day 6, 16:09",44.41,64.59,39.48,4.89,6,-64.6,10.0,51.79,0.4847,0.4336,OFFLOAD
8170,"Day 6, 16:10",45.71,64.62,44.75,5.91,8,-62.6,10.0,54.56,0.5711,0.4922,OFFLOAD
8171,"Day 6, 16:11",41.17,64.64,54.29,8.48,8,-62.3,10.0,55.24,0.6113,0.5651,LOCAL
8172,"Day 6, 16:12",44.73,64.67,39.34,8.48,1,-62.8,10.0,56.5,0.3086,0.5816,LOCAL
8173,"Day 6, 16:13",41.68,64.66,46.99,8.4,7,-62.3,10.0,51.38,0.55,0.5168,LOCAL
8174,"Day 6, 16:14",41.76,64.69,34.67,4.35,3,-62.4,10.0,48.44,0.3667,0.3841,LOCAL
8175,"Day 6, 16:15",40.05,64.64,57.28,9.75,9,-63.8,10.0,43.82,0.6584,0.4755,OFFLOAD
8176,"Day 6, 16:16",44.01,64.67,53.02,7.65,5,-62.8,10.0,45.22,0.4976,0.4356,OFFLOAD
8177,"Day 6, 16:17",38.76,64.69,41.12,9.47,2,-60.6,10.0,44.75,0.3587,0.4768,LOCAL
8178,"Day 6, 16:18",41.81,64.66,51.79,7.26,9,-58.8,10.0,46.22,0.6366,0.4352,OFFLOAD
8179,"Day 6, 16:19",43.34,64.68,53.35,6.19,8,-61.4,10.0,42.75,0.6047,0.3772,OFFLOAD
8180,"Day 6, 16:20",38.57,64.68,52.8,6.08,9,-61.4,10.0,47.6,0.6449,0.419,OFFLOAD
8181,"Day 6, 16:21",42.52,64.7,54.54,8.54,6,-61.8,10.0,46.24,0.5401,0.4673,OFFLOAD
8182,"Day 6, 16:22",39.53,64.71,51.49,5.08,7,-60.1,10.8,48.84,0.5689,0.4087,OFFLOAD
8183,"Day 6, 16:23",40.52,64.71,59.31,9.57,6,-61.7,10.0,49.27,0.5598,0.5232,LOCAL
8184,"Day 6, 16:24",41.47,64.72,45.67,6.5,3,-64.1,10.0,52.58,0.4056,0.483,LOCAL
8185,"Day 6, 16:25",36.27,64.73,35.77,4.59,2,-65.6,10.0,49.09,0.3437,0.3968,LOCAL
8186,"Day 6, 16:26",36.36,64.69,46.17,4.48,10,-65.3,10.0,44.58,0.66,0.3505,LOCAL
8187,"Day 6, 16:27",39.32,64.64,63.65,9.38,9,-63.8,10.0,43.23,0.6818,0.4611,OFFLOAD
8188,"Day 6, 16:28",37.18,64.64,54.84,4.05,9,-65.8,11.1,47.74,0.6542,0.3727,OFFLOAD
8189,"Day 6, 16:29",36.64,64.66,38.91,8.17,1,-66.7,12.8,45.09,0.3192,0.4553,LOCAL
8190,"Day 6, 16:30",35.17,64.61,53.25,7.68,8,-64.9,10.0,41.11,0.6167,0.4009,OFFLOAD
8191,"Day 6, 16:31",34.65,64.62,44.36,7.43,3,-64.4,10.0,38.14,0.4114,0.3715,LOCAL
8192,"Day 6, 16:32",35.35,64.61,41.19,8.91,4,-65.1,10.0,36.23,0.4342,0.3946,LOCAL
8193,"Day 6, 16:33",37.14,64.59,46.3,9.67,5,-63.1,10.0,37.64,0.4845,0.4238,OFFLOAD
8194,"Day 6, 16:34",36.61,64.62,35.27,4.56,3,-65.0,10.0,39.55,0.3766,0.3105,OFFLOAD
8195,"Day 6, 16:35",32.65,64.64,25.97,2.43,5,-62.6,10.0,45.96,0.42,0.312,OFFLOAD
8196,"Day 6, 16:36",36.65,64.69,17.33,1.13,2,-64.2,10.0,43.59,0.2787,0.258,LOCAL
8197,"Day 6, 16:37",31.98,64.67,28.38,5.29,8,-63.6,10.0,45.99,0.5343,0.3837,OFFLOAD
8198,"Day 6, 16:38",31.5,64.69,28.64,1.62,10,-61.6,10.0,50.6,0.606,0.3386,OFFLOAD
8199,"Day 6, 16:39",33.12,64.72,23.71,2.67,3,-59.8,10.0,48.13,0.3412,0.339,LOCAL
8200,"Day 6, 16:40",30.01,64.73,22.99,8.17,2,-61.3,10.0,46.41,0.3084,0.4597,LOCAL
8201,"Day 6, 16:41",29.69,64.7,35.07,6.26,6,-62.2,10.0,45.32,0.4912,0.4017,OFFLOAD
8202,"Day 6, 16:42",30.92,64.72,32.16,1.63,9,-60.0,10.0,50.25,0.5841,0.3351,OFFLOAD
8203,"Day 6, 16:43",33.25,64.72,42.51,7.63,7,-60.1,10.0,47.9,0.5468,0.4607,OFFLOAD
8204,"Day 6, 16:44",33.38,64.71,52.58,8.26,7,-59.1,10.0,43.53,0.5819,0.4357,OFFLOAD
8205,"Day 6, 16:45",31.11,64.71,38.65,4.29,2,-58.0,10.0,47.16,0.3615,0.37,LOCAL
8206,"Day 6, 16:46",31.71,64.66,54.16,7.89,8,-60.5,10.0,47.5,0.625,0.4632,OFFLOAD
8207,"Day 6, 16:47",31.44,64.64,49.82,6.94,5,-59.1,10.0,46.48,0.5052,0.4296,OFFLOAD
8208,"Day 6, 16:48",28.46,64.63,43.84,3.89,6,-59.8,10.0,48.74,0.5238,0.3757,OFFLOAD
8209,"Day 6, 16:49",28.73,64.64,31.92,9.21,1,-59.6,10.0,53.4,0.3067,0.5604,LOCAL
8210,"Day 6, 16:50",28.61,64.64,28.08,5.12,1,-61.3,10.0,52.26,0.2934,0.4448,LOCAL
8211,"Day 6, 16:51",29.5,64.61,31.21,3.03,9,-61.5,10.0,52.6,0.5831,0.3965,OFFLOAD
8212,"Day 6, 16:52",27.58,64.62,22.94,2.28,1,-62.3,10.0,51.32,0.277,0.3631,LOCAL
8213,"Day 6, 16:53",28.29,64.63,18.84,4.39,2,-65.0,10.0,51.16,0.2966,0.4141,LOCAL
8214,"Day 6, 16:54",24.51,64.64,15.51,1.77,1,-66.0,10.0,52.81,0.2556,0.3674,LOCAL
8215,"Day 6, 16:55",28.78,64.62,25.4,4.92,7,-68.2,10.0,56.28,0.4938,0.4896,LOCAL
8216,"Day 6, 16:56",26.0,64.56,47.39,9.74,8,-69.1,10.0,59.39,0.61,0.6543,LOCAL
8217,"Day 6, 16:57",24.06,64.51,39.86,3.1,5,-67.0,10.0,62.04,0.4817,0.5303,LOCAL
8218,"Day 6, 16:58",27.44,64.44,55.54,8.08,8,-64.7,10.0,61.91,0.6366,0.6525,LOCAL
8219,"Day 6, 16:59",23.24,64.36,60.38,9.5,6,-64.3,10.0,55.4,0.5899,0.5927,LOCAL
8220,"Day 6, 17:00",26.18,64.26,66.95,6.51,9,-65.7,10.0,50.17,0.7137,0.4562,OFFLOAD
8221,"Day 6, 17:01",25.73,64.23,50.48,1.61,9,-65.6,11.4,47.27,0.6568,0.3081,OFFLOAD
8222,"Day 6, 17:02",20.88,64.17,61.65,7.45,10,-63.6,10.0,47.25,0.7382,0.4498,LOCAL
8223,"Day 6, 17:03",21.21,64.13,44.01,3.27,2,-64.3,10.0,51.03,0.396,0.3846,LOCAL
8224,"Day 6, 17:04",23.8,64.09,35.48,3.34,5,-64.4,10.0,48.99,0.4673,0.3645,OFFLOAD
8225,"Day 6, 17:05",23.68,64.06,43.45,5.71,8,-65.4,12.1,50.45,0.6005,0.4453,OFFLOAD
8226,"Day 6, 17:06",21.17,64.01,54.94,7.46,10,-66.1,10.0,46.88,0.7145,0.4464,OFFLOAD
8227,"Day 6, 17:07",20.64,63.95,61.95,7.83,9,-67.5,10.1,47.15,0.7049,0.4586,LOCAL
8228,"Day 6, 17:08",22.08,63.89,51.85,6.57,3,-67.2,10.0,48.28,0.4575,0.438,LOCAL
8229,"Day 6, 17:09",21.2,63.86,36.54,2.35,2,-64.8,10.0,44.53,0.3703,0.2968,OFFLOAD
8230,"Day 6, 17:10",21.06,63.85,26.69,6.74,2,-64.0,10.0,46.95,0.336,0.4291,LOCAL
8231,"Day 6, 17:11",19.24,63.79,39.52,9.95,5,-62.5,10.0,45.99,0.4888,0.5002,LOCAL
8232,"Day 6, 17:12",22.18,63.76,28.57,1.78,3,-64.8,10.0,50.99,0.3761,0.3469,LOCAL
8233,"Day 6, 17:13",21.45,63.72,25.45,1.82,7,-65.4,10.0,47.39,0.5063,0.3104,OFFLOAD
8234,"Day 6, 17:14",16.68,63.7,24.72,1.41,2,-66.5,10.0,49.93,0.3359,0.3262,LOCAL
8235,"Day 6, 17:15",19.04,63.6,52.11,8.94,10,-67.2,10.0,50.61,0.7084,0.5218,OFFLOAD
8236,"Day 6, 17:16",17.63,63.55,43.23,3.64,6,-65.4,10.0,54.24,0.5395,0.4314,OFFLOAD
8237,"Day 6, 17:17",18.82,63.52,35.8,1.78,6,-63.6,10.6,57.56,0.5118,0.4304,OFFLOAD
8238,"Day 6, 17:18",18.88,63.48,44.23,6.36,8,-63.9,10.0,55.31,0.6113,0.513,OFFLOAD
8239,"Day 6, 17:19",16.62,63.45,30.45,1.56,1,-64.3,10.0,58.7,0.3215,0.4395,LOCAL
8240,"Day 6, 17:20",13.54,63.37,41.08,8.56,6,-66.2,10.0,59.62,0.5384,0.6282,LOCAL
8241,"Day 6, 17:21",14.95,63.33,27.98,9.93,1,-67.6,10.0,54.4,0.3155,0.5907,LOCAL
8242,"Day 6, 17:22",14.76,63.22,54.7,9.09,9,-67.8,10.0,51.27,0.6895,0.5328,OFFLOAD
8243,"Day 6, 17:23",15.16,63.15,58.19,5.24,10,-67.4,10.3,53.82,0.7362,0.4672,OFFLOAD
8244,"Day 6, 17:24",16.96,63.07,64.7,9.55,7,-67.2,10.0,57.67,0.6514,0.6245,LOCAL
8245,"Day 6, 17:25",15.86,62.97,56.55,5.97,6,-66.6,10.0,59.34,0.5897,0.5593,LOCAL
8246,"Day 6, 17:26",15.23,62.87,52.49,5.09,8,-64.1,10.0,59.52,0.6466,0.5399,OFFLOAD
8247,"Day 6, 17:27",13.75,62.83,32.28,1.61,5,-64.5,10.0,63.04,0.4731,0.5101,LOCAL
8248,"Day 6, 17:28",16.07,62.8,27.19,1.78,1,-62.2,10.0,63.77,0.3119,0.5272,LOCAL
8249,"Day 6, 17:29",11.91,62.69,50.0,9.8,8,-64.6,10.0,60.73,0.6431,0.6765,LOCAL
8250,"Day 6, 17:30",14.65,62.61,43.69,5.34,5,-64.5,10.0,54.54,0.512,0.4777,LOCAL
8251,"Day 6, 17:31",9.55,62.54,30.14,1.88,3,-62.6,10.0,51.9,0.4024,0.3597,LOCAL
8252,"Day 6, 17:32",13.25,62.5,25.7,8.44,2,-65.1,10.0,55.48,0.3463,0.5672,LOCAL
8253,"Day 6, 17:33",10.85,62.39,45.59,7.75,9,-66.1,10.0,57.63,0.6647,0.5789,OFFLOAD
8254,"Day 6, 17:34",12.81,62.34,36.77,3.97,3,-67.6,10.1,58.33,0.421,0.4946,LOCAL
8255,"Day 6, 17:35",7.44,62.24,38.76,6.68,6,-69.4,10.0,53.75,0.5412,0.5015,LOCAL
8256,"Day 6, 17:36",8.56,62.09,59.17,8.19,10,-68.5,10.7,53.93,0.7511,0.5434,OFFLOAD
8257,"Day 6, 17:37",10.39,62.01,58.91,6.3,7,-65.8,10.0,54.21,0.6426,0.4976,LOCAL
8258,"Day 6, 17:38",10.21,61.9,55.19,8.1,5,-66.3,10.0,56.45,0.56,0.5714,LOCAL
8259,"Day 6, 17:39",11.42,61.77,63.43,8.02,8,-65.2,10.2,56.68,0.6922,0.5732,LOCAL
8260,"Day 6, 17:40",7.37,61.6,69.5,7.48,10,-66.3,10.0,57.16,0.7898,0.5656,OFFLOAD
8261,"Day 6, 17:41",6.8,61.51,53.83,4.2,4,-64.7,10.0,54.92,0.5259,0.454,OFFLOAD
8262,"Day 6, 17:42",6.32,61.44,41.72,2.17,7,-63.4,10.0,55.15,0.5894,0.4062,OFFLOAD
8263,"Day 6, 17:43",6.76,61.38,33.88,2.29,7,-64.2,10.0,55.13,0.5614,0.4089,OFFLOAD
8264,"Day 6, 17:44",6.62,61.32,25.94,1.72,2,-64.1,10.0,56.99,0.3589,0.4193,LOCAL
8265,"Day 6, 17:45",4.07,61.24,28.9,6.7,4,-65.7,10.0,52.95,0.4432,0.4924,LOCAL
8266,"Day 6, 17:46",8.21,61.13,31.35,2.13,10,-64.7,10.0,55.98,0.6557,0.416,LOCAL
8267,"Day 6, 17:47",5.85,61.0,52.99,9.44,8,-62.4,10.0,57.36,0.6652,0.6174,LOCAL
8268,"Day 6, 17:48",6.88,60.88,43.22,3.83,8,-61.7,10.0,58.56,0.6296,0.4943,OFFLOAD
8269,"Day 6, 17:49",5.83,60.82,32.07,2.76,2,-63.8,10.0,55.47,0.3823,0.425,LOCAL
8270,"Day 6, 17:50",5.61,60.68,49.42,7.66,9,-62.4,10.0,50.5,0.6885,0.4886,LOCAL
8271,"Day 6, 17:51",2.1,60.56,46.43,5.6,6,-60.7,11.4,48.41,0.5785,0.4192,OFFLOAD
8272,"Day 6, 17:52",1.66,60.48,35.0,4.69,3,-62.0,10.0,48.01,0.4343,0.3883,LOCAL
8273,"Day 6, 17:53",0.28,60.37,39.52,8.27,4,-64.2,10.0,43.98,0.4873,0.4399,LOCAL
8274,"Day 6, 17:54",1.92,60.25,36.31,3.73,6,-64.2,10.0,45.28,0.5438,0.3381,OFFLOAD
8275,"Day 6, 17:55",0.57,60.13,60.65,8.57,10,-65.3,10.0,50.21,0.7712,0.5081,OFFLOAD
8276,"Day 6, 17:56",1.39,60.04,43.02,2.31,1,-65.6,10.0,46.54,0.3934,0.3144,OFFLOAD
8277,"Day 6, 17:57",0.0,59.96,35.67,9.03,2,-67.7,10.0,43.78,0.4049,0.4571,LOCAL
8278,"Day 6, 17:58",0.86,59.87,26.67,3.54,4,-66.2,10.0,45.28,0.4423,0.3333,OFFLOAD
8279,"Day 6, 17:59",0.87,59.8,20.94,2.55,2,-65.7,10.0,45.51,0.3523,0.3107,LOCAL
8280,"Day 6, 18:00",2.84,59.67,40.6,7.62,9,-66.6,10.6,45.39,0.6633,0.438,OFFLOAD
8281,"Day 6, 18:01",0.2,59.58,40.5,8.28,4,-65.0,10.0,41.2,0.4921,0.4166,OFFLOAD
8282,"Day 6, 18:02",0.13,59.49,36.9,9.55,3,-65.6,10.0,43.51,0.4447,0.4677,LOCAL
8283,"Day 6, 18:03",0.95,59.38,33.64,2.53,7,-64.3,10.0,45.39,0.5722,0.3091,OFFLOAD
8284,"Day 6, 18:04",0.73,59.3,31.96,4.69,5,-64.3,10.0,46.32,0.4968,0.3718,OFFLOAD
8285,"Day 6, 18:05",0.51,59.2,43.39,5.7,8,-63.1,10.0,46.09,0.6423,0.3949,OFFLOAD
8286,"Day 6, 18:06",1.49,59.13,28.58,1.6,1,-64.7,10.0,46.89,0.3441,0.3001,LOCAL
8287,"Day 6, 18:07",1.33,58.99,44.84,8.37,9,-65.5,10.0,50.67,0.6815,0.5082,OFFLOAD
8288,"Day 6, 18:08",0.53,58.9,35.87,4.21,4,-63.5,10.0,46.27,0.4764,0.3593,OFFLOAD
8289,"Day 6, 18:09",0.61,58.82,38.13,7.68,4,-61.9,10.0,47.2,0.4843,0.4551,LOCAL
8290,"Day 6, 18:10",1.16,58.71,36.39,6.39,4,-64.2,11.2,51.86,0.4776,0.4753,LOCAL
8291,"Day 6, 18:11",0.1,58.57,37.19,2.9,10,-63.3,10.0,53.16,0.6921,0.3999,OFFLOAD
8292,"Day 6, 18:12",0.75,58.48,44.25,6.07,8,-64.5,10.0,49.01,0.646,0.433,OFFLOAD
8293,"Day 6, 18:13",1.43,58.4,30.19,4.44,1,-63.6,10.0,49.46,0.3509,0.3969,LOCAL
8294,"Day 6, 18:14",0.94,58.33,27.78,7.24,1,-65.0,10.0,47.28,0.3434,0.4449,LOCAL
8295,"Day 6, 18:15",0.63,58.26,20.55,8.82,1,-67.1,10.0,48.02,0.3186,0.4916,LOCAL
8296,"Day 6, 18:16",0.67,58.19,16.78,1.4,2,-68.6,10.0,46.51,0.3404,0.2914,LOCAL
8297,"Day 6, 18:17",0.28,58.04,50.79,9.96,9,-69.1,12.2,44.11,0.7053,0.4897,OFFLOAD
8298,"Day 6, 18:18",0.2,57.95,33.96,1.56,4,-68.4,10.0,42.8,0.4716,0.2619,OFFLOAD
8299,"Day 6, 18:19",0.16,57.87,34.66,5.27,6,-67.7,10.0,44.06,0.5443,0.3656,OFFLOAD
8300,"Day 6, 18:20",0.05,57.79,32.81,5.35,2,-67.7,10.0,40.05,0.3981,0.3341,OFFLOAD
8301,"Day 6, 18:21",1.27,57.7,42.58,5.04,10,-65.9,10.0,42.35,0.7106,0.3451,OFFLOAD
8302,"Day 6, 18:22",1.17,57.61,40.1,4.34,6,-67.3,11.0,47.14,0.5622,0.374,OFFLOAD
8303,"Day 6, 18:23",0.93,57.53,29.86,1.31,2,-67.6,10.0,46.16,0.3868,0.2858,OFFLOAD
8304,"Day 6, 18:24",0.96,57.44,39.34,5.46,8,-66.4,10.0,42.22,0.6301,0.3545,OFFLOAD
8305,"Day 6, 18:25",0.71,57.37,30.15,5.78,2,-64.4,10.0,46.66,0.3884,0.4023,LOCAL
8306,"Day 6, 18:26",0.22,57.22,46.05,6.4,9,-66.9,10.0,47.29,0.69,0.4239,OFFLOAD
8307,"Day 6, 18:27",0.01,57.12,47.74,6.34,6,-68.0,10.0,48.09,0.5914,0.4304,OFFLOAD
8308,"Day 6, 18:28",1.3,57.03,40.83,5.84,6,-68.9,10.0,45.47,0.5654,0.3926,OFFLOAD
8309,"Day 6, 18:29",1.01,56.94,38.25,2.82,8,-69.2,10.0,41.3,0.627,0.2809,OFFLOAD
8310,"Day 6, 18:30",1.28,56.87,30.11,3.83,3,-67.4,11.3,42.28,0.4232,0.3179,OFFLOAD
8311,"Day 6, 18:31",0.5,56.8,21.24,1.42,3,-65.5,10.0,46.68,0.3934,0.2936,OFFLOAD
8312,"Day 6, 18:32",0.72,56.72,36.2,7.05,8,-65.4,10.0,50.38,0.6205,0.472,OFFLOAD
8313,"Day 6, 18:33",0.21,56.65,27.46,6.48,2,-67.4,10.0,49.46,0.3808,0.448,LOCAL
8314,"Day 6, 18:34",1.32,56.54,28.67,4.3,6,-69.2,10.0,51.22,0.5235,0.4125,OFFLOAD
8315,"Day 6, 18:35",1.36,56.48,24.61,1.24,9,-68.1,12.3,46.39,0.6144,0.2928,OFFLOAD
8316,"Day 6, 18:36",0.53,56.4,27.12,6.92,3,-67.7,12.5,45.08,0.4145,0.423,LOCAL
8317,"Day 6, 18:37",0.89,56.28,32.19,3.41,9,-68.8,10.0,44.64,0.6419,0.3243,OFFLOAD
8318,"Day 6, 18:38",0.63,56.2,33.05,8.61,4,-70.8,13.0,47.46,0.4704,0.4894,LOCAL
8319,"Day 6, 18:39",0.68,56.12,25.72,2.4,1,-68.6,10.0,49.81,0.3398,0.3497,LOCAL
8320,"Day 6, 18:40",1.46,56.03,26.93,5.1,4,-68.5,12.3,45.16,0.448,0.3777,OFFLOAD
8321,"Day 6, 18:41",0.24,55.96,25.5,1.41,5,-69.8,10.0,49.3,0.4799,0.3195,OFFLOAD
8322,"Day 6, 18:42",0.14,55.9,20.74,3.9,1,-71.8,10.0,52.32,0.3235,0.4149,LOCAL
8323,"Day 6, 18:43",0.06,55.74,52.59,9.68,10,-72.0,14.4,52.58,0.7504,0.5751,OFFLOAD
8324,"Day 6, 18:44",0.62,55.63,51.62,5.19,8,-70.2,10.6,56.5,0.6763,0.5012,OFFLOAD
8325,"Day 6, 18:45",0.99,55.54,36.98,5.11,2,-68.1,10.0,59.64,0.4146,0.5423,LOCAL
8326,"Day 6, 18:46",1.35,55.46,30.06,4.12,2,-68.7,10.0,61.66,0.39,0.5494,LOCAL
8327,"Day 6, 18:47",1.1,55.32,40.2,4.97,10,-69.1,10.0,64.62,0.7061,0.6226,OFFLOAD
8328,"Day 6, 18:48",0.22,55.24,34.07,5.24,3,-67.5,10.0,60.72,0.4411,0.5622,LOCAL
8329,"Day 6, 18:49",1.03,55.11,41.48,8.43,6,-67.7,13.4,59.48,0.5709,0.6326,LOCAL
8330,"Day 6, 18:50",0.11,54.99,45.29,8.2,5,-66.4,10.0,54.48,0.5509,0.5484,LOCAL
8331,"Day 6, 18:51",0.85,54.85,48.29,5.47,7,-66.0,10.0,53.84,0.6304,0.4722,OFFLOAD
8332,"Day 6, 18:52",0.48,54.75,46.21,7.2,5,-68.2,10.0,51.68,0.5539,0.4901,OFFLOAD
8333,"Day 6, 18:53",1.18,54.67,35.16,6.0,3,-69.3,10.0,52.9,0.4443,0.4742,LOCAL
8334,"Day 6, 18:54",0.14,54.57,32.67,3.75,3,-67.2,10.0,50.7,0.4373,0.393,LOCAL
8335,"Day 6, 18:55",1.05,54.46,28.62,1.83,9,-64.6,10.0,47.95,0.6319,0.3162,LOCAL
8336,"Day 6, 18:56",0.8,54.34,35.24,4.86,7,-65.7,10.0,45.09,0.5856,0.3647,OFFLOAD
8337,"Day 6, 18:57",1.48,54.24,44.69,8.79,6,-65.7,10.0,50.59,0.5828,0.5177,OFFLOAD
8338,"Day 6, 18:58",0.38,54.15,38.64,4.91,3,-66.0,10.0,49.55,0.4584,0.4096,LOCAL
8339,"Day 6, 18:59",1.19,54.03,34.08,2.13,8,-64.3,10.0,44.88,0.6164,0.2944,OFFLOAD
8340,"Day 6, 19:00",1.22,53.96,30.24,8.11,2,-62.5,10.0,49.39,0.3931,0.488,LOCAL
8341,"Day 6, 19:01",1.05,53.81,42.87,5.04,10,-63.1,10.0,49.88,0.7177,0.4163,OFFLOAD
8342,"Day 6, 19:02",1.02,53.71,48.44,5.74,8,-61.4,10.0,49.06,0.6675,0.4253,OFFLOAD
8343,"Day 6, 19:03",0.74,53.61,47.38,3.91,10,-63.4,10.0,48.24,0.7343,0.3711,OFFLOAD
8344,"Day 6, 19:04",1.28,53.51,48.75,6.89,6,-65.3,10.0,48.38,0.5984,0.447,OFFLOAD
8345,"Day 6, 19:05",0.28,53.41,50.69,9.14,5,-63.0,10.0,43.63,0.5719,0.4586,OFFLOAD
8346,"Day 6, 19:06",0.29,53.28,61.56,7.61,8,-61.4,10.0,46.38,0.7151,0.4454,OFFLOAD
8347,"Day 6, 19:07",1.49,53.18,50.35,3.54,6,-59.3,10.0,42.5,0.6042,0.3089,OFFLOAD
8348,"Day 6, 19:08",1.39,53.09,40.72,2.83,7,-60.2,10.0,43.33,0.6058,0.2982,OFFLOAD
8349,"Day 6, 19:09",0.62,53.0,43.21,5.62,7,-62.1,10.0,49.13,0.6158,0.423,OFFLOAD
8350,"Day 6, 19:10",0.44,52.92,34.93,6.59,2,-62.6,10.0,44.99,0.4122,0.4069,LOCAL
8351,"Day 6, 19:11",0.67,52.79,32.37,1.95,9,-61.9,10.0,45.35,0.6481,0.2942,OFFLOAD
8352,"Day 6, 19:12",0.13,52.71,30.84,2.13,8,-61.0,10.0,50.81,0.6087,0.3537,OFFLOAD
8353,"Day 6, 19:13",0.41,52.64,27.21,5.67,3,-61.6,10.0,51.23,0.4207,0.4468,LOCAL
8354,"Day 6, 19:14",0.82,52.55,27.03,2.43,3,-61.8,10.4,51.49,0.4195,0.37,LOCAL
8355,"Day 6, 19:15",0.95,52.43,24.14,1.14,10,-61.4,10.2,55.97,0.6544,0.3915,OFFLOAD
8356,"Day 6, 19:16",1.1,52.37,19.35,9.46,1,-61.5,10.0,53.46,0.3225,0.5674,LOCAL
8357,"Day 6, 19:17",0.31,52.3,21.83,9.99,2,-64.1,10.0,56.31,0.3675,0.6168,LOCAL
8358,"Day 6, 19:18",0.18,52.22,20.79,8.41,2,-64.7,10.2,53.21,0.3642,0.5388,LOCAL
8359,"Day 6, 19:19",0.32,52.09,42.83,9.2,7,-66.0,10.0,55.68,0.6163,0.5888,LOCAL
8360,"Day 6, 19:20",1.18,51.97,39.85,3.32,7,-63.9,10.0,55.12,0.6047,0.4346,OFFLOAD
8361,"Day 6, 19:21",0.64,51.88,35.47,3.66,5,-63.8,10.0,53.83,0.5204,0.427,OFFLOAD
8362,"Day 6, 19:22",1.05,51.8,33.48,7.29,3,-63.0,10.0,54.65,0.4429,0.5278,LOCAL
8363,"Day 6, 19:23",0.93,51.71,29.98,6.96,3,-63.8,10.2,56.89,0.431,0.5496,LOCAL
8364,"Day 6, 19:24",0.01,51.63,30.57,7.78,1,-63.5,10.0,54.09,0.3645,0.5331,LOCAL
8365,"Day 6, 19:25",1.08,51.52,25.12,1.88,8,-64.2,10.0,56.52,0.589,0.4169,OFFLOAD
8366,"Day 6, 19:26",0.05,51.43,35.42,5.21,7,-64.3,10.0,60.35,0.5918,0.5556,LOCAL
8367,"Day 6, 19:27",1.44,51.3,45.36,7.96,7,-64.1,10.0,61.98,0.6247,0.6508,LOCAL
8368,"Day 6, 19:28",0.09,51.15,53.88,8.06,7,-63.7,10.0,62.47,0.6567,0.6615,LOCAL
8369,"Day 6, 19:29",0.47,51.07,33.31,4.54,1,-65.9,10.0,60.71,0.3743,0.5446,LOCAL
8370,"Day 6, 19:30",0.73,50.96,33.12,4.84,5,-63.4,10.0,63.88,0.5134,0.6058,LOCAL
8371,"Day 6, 19:31",0.87,50.84,38.83,5.41,7,-65.9,10.0,60.53,0.6033,0.5636,LOCAL
8372,"Day 6, 19:32",0.05,50.74,26.87,1.02,4,-68.0,10.0,63.13,0.4579,0.4969,LOCAL
8373,"Day 6, 19:33",0.94,50.65,25.2,2.45,5,-66.6,10.0,65.36,0.4858,0.5737,LOCAL
8374,"Day 6, 19:34",1.17,50.57,25.26,8.09,2,-67.8,13.6,66.4,0.3808,0.7456,LOCAL
8375,"Day 6, 19:35",0.65,50.49,23.32,6.21,2,-65.9,10.0,67.24,0.3749,0.7056,LOCAL
8376,"Day 6, 19:36",1.47,50.4,32.73,9.85,4,-63.8,10.0,64.78,0.4768,0.7477,LOCAL
8377,"Day 6, 19:37",0.14,50.25,52.15,9.7,7,-62.0,10.0,64.1,0.6519,0.7312,LOCAL
8378,"Day 6, 19:38",1.42,50.12,43.6,2.97,8,-61.2,10.0,65.15,0.6553,0.5827,OFFLOAD
8379,"Day 6, 19:39",0.59,50.04,32.07,2.02,6,-60.5,10.0,59.59,0.5463,0.4643,OFFLOAD
8380,"Day 6, 19:40",0.72,49.96,31.33,6.04,4,-60.5,10.0,61.48,0.4736,0.5945,LOCAL
8381,"Day 6, 19:41",0.62,49.81,50.29,7.72,9,-60.8,10.0,61.05,0.7154,0.6295,LOCAL
8382,"Day 6, 19:42",0.7,49.63,67.3,7.61,10,-60.3,10.0,54.84,0.81,0.5382,OFFLOAD
8383,"Day 6, 19:43",0.74,49.53,47.59,5.69,2,-60.9,10.0,49.41,0.4611,0.4277,LOCAL
8384,"Day 6, 19:44",0.58,49.44,35.2,3.46,1,-60.6,11.4,50.38,0.3832,0.3862,LOCAL
8385,"Day 6, 19:45",0.41,49.36,26.21,7.22,1,-62.9,10.0,53.66,0.3521,0.5139,LOCAL
8386,"Day 6, 19:46",0.18,49.26,30.49,3.97,6,-65.3,10.0,52.4,0.5426,0.4177,OFFLOAD
8387,"Day 6, 19:47",1.17,49.18,28.79,6.76,2,-67.5,10.0,52.39,0.3952,0.4873,LOCAL
8388,"Day 6, 19:48",0.99,49.07,34.44,7.08,6,-68.6,10.0,55.21,0.5555,0.5297,LOCAL
8389,"Day 6, 19:49",1.32,48.92,53.21,8.99,8,-69.1,10.0,52.2,0.6909,0.5408,OFFLOAD
8390,"Day 6, 19:50",0.56,48.82,47.21,5.99,6,-68.9,10.4,52.49,0.6012,0.4705,OFFLOAD
8391,"Day 6, 19:51",0.45,48.71,55.22,9.46,6,-67.8,10.0,56.73,0.6295,0.6092,LOCAL
8392,"Day 6, 19:52",0.57,48.58,45.14,5.14,6,-66.0,10.0,53.75,0.5943,0.463,OFFLOAD
8393,"Day 6, 19:53",1.15,48.5,32.25,5.54,1,-65.7,10.0,49.48,0.3734,0.4247,LOCAL
8394,"Day 6, 19:54",0.14,48.38,39.59,7.0,6,-67.6,10.0,48.56,0.5758,0.4516,OFFLOAD
8395,"Day 6, 19:55",0.12,48.3,30.6,5.47,1,-67.7,10.0,47.59,0.3695,0.4037,LOCAL
8396,"Day 6, 19:56",0.09,48.22,24.67,7.35,2,-67.0,10.0,52.42,0.3839,0.5024,LOCAL
8397,"Day 6, 19:57",1.38,48.1,30.68,2.8,10,-67.9,10.0,56.44,0.6832,0.4388,LOCAL
8398,"Day 6, 19:58",0.35,48.01,27.33,8.19,2,-68.5,10.8,50.92,0.3931,0.5087,LOCAL
8399,"Day 6, 19:59",0.23,47.88,35.05,4.31,10,-68.6,10.0,49.39,0.7005,0.3929,LOCAL
8400,"Day 6, 20:00",0.11,47.77,33.38,6.56,4,-65.7,10.0,46.99,0.485,0.425,OFFLOAD
8401,"Day 6, 20:01",0.95,47.69,36.61,5.11,7,-66.0,10.0,42.48,0.6002,0.348,OFFLOAD
8402,"Day 6, 20:02",0.38,47.61,33.91,3.6,6,-66.7,10.0,43.28,0.5567,0.317,OFFLOAD
8403,"Day 6, 20:03",1.44,47.52,38.81,3.34,10,-64.4,10.0,47.56,0.7124,0.3501,OFFLOAD
8404,"Day 6, 20:04",0.15,47.43,37.37,3.61,7,-63.3,10.0,52.76,0.6044,0.4129,OFFLOAD
8405,"Day 6, 20:05",0.14,47.33,45.79,4.55,10,-65.4,10.0,47.95,0.7391,0.3843,OFFLOAD
8406,"Day 6, 20:06",0.44,47.25,33.16,1.24,1,-65.6,10.0,45.81,0.3795,0.2808,OFFLOAD
8407,"Day 6, 20:07",1.38,47.16,46.08,9.62,6,-66.2,10.0,43.88,0.5985,0.4728,OFFLOAD
8408,"Day 6, 20:08",1.01,47.04,60.02,8.7,7,-65.0,10.0,43.36,0.683,0.4452,OFFLOAD
8409,"Day 6, 20:09",0.03,46.95,38.75,1.32,1,-64.2,10.0,39.9,0.4002,0.2322,OFFLOAD
8410,"Day 6, 20:10",1.29,46.86,40.25,3.94,9,-64.1,10.0,37.94,0.6837,0.2828,LOCAL
8411,"Day 6, 20:11",1.12,46.79,24.35,2.7,1,-66.6,10.1,43.84,0.3484,0.2998,LOCAL
8412,"Day 6, 20:12",0.39,46.66,33.71,5.98,8,-66.8,10.0,40.59,0.6274,0.3542,OFFLOAD
8413,"Day 6, 20:13",0.25,46.6,22.34,2.24,2,-68.1,11.1,45.07,0.3779,0.302,OFFLOAD
8414,"Day 6, 20:14",0.51,46.51,38.01,8.8,7,-69.8,10.0,43.59,0.6075,0.4498,OFFLOAD
8415,"Day 6, 20:15",0.21,46.44,26.93,1.23,6,-67.6,10.0,47.74,0.5343,0.2992,OFFLOAD
8416,"Day 6, 20:16",1.1,46.37,26.78,3.31,6,-69.1,10.0,45.56,0.5325,0.3302,OFFLOAD
8417,"Day 6, 20:17",0.21,46.27,41.17,8.19,7,-69.3,10.0,47.86,0.6194,0.4744,OFFLOAD
8418,"Day 6, 20:18",0.52,46.16,56.35,7.4,10,-67.4,10.0,50.31,0.7772,0.48,OFFLOAD
8419,"Day 6, 20:19",0.67,46.06,48.07,4.94,6,-69.7,10.2,52.11,0.6082,0.4393,OFFLOAD
8420,"Day 6, 20:20",0.98,45.98,35.82,9.85,1,-71.1,11.2,55.54,0.39,0.6065,LOCAL
8421,"Day 6, 20:21",1.38,45.87,29.87,2.54,7,-72.4,12.1,53.76,0.5787,0.404,OFFLOAD
8422,"Day 6, 20:22",1.24,45.8,24.13,2.17,4,-73.7,10.2,57.67,0.4539,0.4407,LOCAL
8423,"Day 6, 20:23",0.62,45.73,22.17,2.35,1,-71.1,10.0,52.01,0.3431,0.3727,LOCAL
8424,"Day 6, 20:24",0.94,45.66,19.83,8.58,1,-69.8,11.5,51.78,0.3345,0.53,LOCAL
8425,"Day 6, 20:25",0.91,45.55,31.07,5.59,7,-71.4,10.3,48.53,0.5841,0.4168,OFFLOAD
8426,"Day 6, 20:26",1.15,45.49,21.92,2.6,4,-70.9,10.0,47.0,0.4467,0.3262,OFFLOAD
8427,"Day 6, 20:27",0.43,45.41,27.13,5.03,5,-68.5,10.0,48.17,0.5012,0.3985,OFFLOAD
8428,"Day 6, 20:28",0.52,45.33,33.48,9.21,4,-70.5,10.0,49.72,0.4884,0.519,LOCAL
8429,"Day 6, 20:29",1.08,45.25,23.87,2.24,3,-72.1,10.0,53.33,0.419,0.3854,LOCAL
8430,"Day 6, 20:30",0.12,45.14,33.25,8.36,6,-70.3,10.1,51.99,0.5585,0.523,LOCAL
8431,"Day 6, 20:31",0.78,45.03,36.13,8.2,4,-71.6,10.0,47.39,0.4978,0.4699,LOCAL
8432,"Day 6, 20:32",1.27,44.89,45.91,4.28,9,-70.2,10.0,49.23,0.7065,0.3905,OFFLOAD
8433,"Day 6, 20:33",0.8,44.79,49.61,6.35,8,-69.6,10.0,52.6,0.6852,0.4794,LOCAL
8434,"Day 6, 20:34",0.81,44.67,40.56,4.36,5,-68.6,10.0,51.02,0.5487,0.4118,OFFLOAD
8435,"Day 6, 20:35",1.33,44.56,58.26,9.39,8,-69.6,10.0,52.73,0.7151,0.557,OFFLOAD
8436,"Day 6, 20:36",0.52,44.46,42.35,1.81,4,-68.7,10.0,55.62,0.5207,0.4033,OFFLOAD
8437,"Day 6, 20:37",0.77,44.39,28.5,1.06,3,-68.1,10.0,50.34,0.437,0.3218,OFFLOAD
8438,"Day 6, 20:38",0.02,44.32,21.9,9.49,1,-66.0,11.7,55.12,0.3451,0.5937,LOCAL
8439,"Day 6, 20:39",1.37,44.25,18.48,2.52,2,-65.9,10.0,51.49,0.3663,0.371,LOCAL
8440,"Day 6, 20:40",0.8,44.12,38.42,5.21,10,-64.2,10.0,50.47,0.7171,0.427,OFFLOAD
8441,"Day 6, 20:41",0.31,44.04,27.91,1.13,2,-62.1,10.0,50.62,0.4012,0.3266,OFFLOAD
8442,"Day 6, 20:42",0.72,43.97,29.63,8.5,3,-61.8,10.0,52.3,0.4417,0.5298,LOCAL
8443,"Day 6, 20:43",1.33,43.86,35.48,6.31,5,-59.9,10.0,48.87,0.5314,0.4375,OFFLOAD
8444,"Day 6, 20:44",0.99,43.78,33.8,2.8,9,-62.7,10.0,52.43,0.6661,0.3888,OFFLOAD
8445,"Day 6, 20:45",0.22,43.7,27.73,3.28,4,-62.6,10.0,54.2,0.4712,0.422,LOCAL
8446,"Day 6, 20:46",0.85,43.56,47.79,8.28,8,-61.6,10.0,55.83,0.6807,0.5677,OFFLOAD
8447,"Day 6, 20:47",0.01,43.48,32.14,1.2,1,-61.4,10.0,57.96,0.3823,0.4198,LOCAL
8448,"Day 6, 20:48",0.49,43.4,28.32,1.1,1,-60.4,10.0,52.91,0.3683,0.3519,LOCAL
8449,"Day 6, 20:49",1.1,43.31,27.31,3.68,3,-59.1,10.0,49.7,0.434,0.3804,OFFLOAD
8450,"Day 6, 20:50",0.67,43.24,29.39,4.41,7,-59.1,10.0,44.79,0.582,0.3507,OFFLOAD
8451,"Day 6, 20:51",0.27,43.16,33.6,7.55,3,-57.7,10.0,49.34,0.4575,0.4734,LOCAL
8452,"Day 6, 20:52",0.74,43.06,31.79,8.62,3,-56.3,10.0,51.99,0.4506,0.5292,LOCAL
8453,"Day 6, 20:53",0.64,42.93,34.5,2.65,10,-54.8,10.0,49.78,0.7054,0.3556,OFFLOAD
8454,"Day 6, 20:54",0.13,42.82,52.19,7.51,9,-57.4,10.0,54.6,0.7332,0.5327,OFFLOAD
8455,"Day 6, 20:55",0.35,42.73,42.77,2.35,8,-58.8,10.0,54.6,0.6651,0.4037,OFFLOAD
8456,"Day 6, 20:56",1.1,42.64,38.42,9.12,3,-60.7,10.0,52.44,0.4739,0.5468,LOCAL
8457,"Day 6, 20:57",0.67,42.55,28.87,5.18,3,-63.0,10.0,50.88,0.4412,0.4308,LOCAL
8458,"Day 6, 20:58",0.57,42.48,23.68,6.59,1,-64.3,10.0,50.09,0.3533,0.4574,LOCAL
8459,"Day 6, 20:59",1.23,42.42,15.94,2.51,1,-63.7,10.0,51.52,0.3253,0.3711,LOCAL
8460,"Day 6, 21:00",0.67,42.36,12.86,5.04,1,-66.2,10.0,50.75,0.3155,0.4258,LOCAL
8461,"Day 6, 21:01",0.2,42.29,16.16,5.53,2,-68.0,10.0,46.85,0.3628,0.3979,LOCAL
8462,"Day 6, 21:02",0.23,42.16,38.97,7.33,8,-65.4,10.0,48.22,0.6528,0.4564,OFFLOAD
8463,"Day 6, 21:03",0.33,42.08,30.17,6.06,1,-63.1,10.0,48.41,0.377,0.4266,LOCAL
8464,"Day 6, 21:04",0.81,41.99,28.07,4.04,3,-64.9,10.0,45.29,0.439,0.3459,OFFLOAD
8465,"Day 6, 21:05",0.96,41.93,22.94,2.05,7,-65.9,14.9,43.83,0.561,0.297,OFFLOAD
8466,"Day 6, 21:06",0.75,41.87,19.36,1.03,9,-67.1,10.0,46.73,0.6188,0.2843,OFFLOAD
8467,"Day 6, 21:07",1.43,41.79,29.59,5.41,7,-67.2,10.6,51.48,0.5837,0.445,OFFLOAD
8468,"Day 6, 21:08",1.01,41.7,42.62,7.38,7,-66.9,10.0,54.72,0.6301,0.531,OFFLOAD
8469,"Day 6, 21:09",0.4,41.59,52.01,7.11,8,-64.5,10.0,53.98,0.699,0.515,OFFLOAD
8470,"Day 6, 21:10",1.38,41.49,48.35,7.68,4,-63.1,10.0,54.79,0.5449,0.5394,LOCAL
8471,"Day 6, 21:11",0.72,41.41,31.25,1.85,1,-63.0,10.0,54.32,0.3812,0.3876,LOCAL
8472,"Day 6, 21:12",1.23,41.3,38.38,6.8,5,-63.4,10.0,49.86,0.5455,0.4602,OFFLOAD
8473,"Day 6, 21:13",1.45,41.21,40.99,3.9,10,-64.0,10.0,50.16,0.7295,0.3909,OFFLOAD
8474,"Day 6, 21:14",0.3,41.1,50.68,7.93,7,-63.4,10.0,47.83,0.6603,0.4676,OFFLOAD
8475,"Day 6, 21:15",0.18,41.0,50.94,5.95,6,-63.7,10.0,44.66,0.6265,0.388,OFFLOAD
8476,"Day 6, 21:16",0.55,40.88,61.34,7.46,9,-61.8,10.0,46.47,0.7675,0.4425,OFFLOAD
8477,"Day 6, 21:17",0.86,40.78,48.18,1.83,8,-61.0,10.0,47.63,0.6862,0.3131,OFFLOAD
8478,"Day 6, 21:18",0.81,40.67,52.15,9.34,6,-59.2,10.0,49.94,0.6303,0.5245,OFFLOAD
8479,"Day 6, 21:19",1.44,40.58,44.19,3.63,7,-60.8,10.0,48.31,0.6366,0.3649,OFFLOAD
8480,"Day 6, 21:20",1.5,40.47,49.48,5.18,8,-60.2,10.0,50.37,0.6902,0.4252,OFFLOAD
8481,"Day 6, 21:21",0.63,40.39,38.55,1.38,8,-60.5,10.0,46.99,0.6534,0.2955,OFFLOAD
8482,"Day 6, 21:22",0.36,40.27,58.52,8.78,10,-58.8,10.0,50.79,0.7939,0.5197,OFFLOAD
8483,"Day 6, 21:23",0.27,40.18,37.54,3.27,2,-58.0,10.0,48.13,0.4407,0.354,OFFLOAD
8484,"Day 6, 21:24",0.05,40.1,33.4,3.44,6,-56.6,10.0,51.85,0.5667,0.3981,OFFLOAD
8485,"Day 6, 21:25",0.07,40.02,27.31,5.61,2,-59.7,10.0,49.66,0.4054,0.4283,LOCAL
8486,"Day 6, 21:26",0.27,39.93,28.88,6.87,3,-60.0,10.0,47.11,0.4458,0.434,LOCAL
8487,"Day 6, 21:27",0.6,39.84,28.3,4.9,3,-61.7,10.0,51.07,0.4434,0.4258,LOCAL
8488,"Day 6, 21:28",0.37,39.72,28.94,2.82,10,-64.1,10.0,48.2,0.6912,0.3435,OFFLOAD
8489,"Day 6, 21:29",0.37,39.63,34.93,4.34,9,-62.1,10.0,50.35,0.6773,0.4039,OFFLOAD
8490,"Day 6, 21:30",0.79,39.55,34.14,3.97,5,-60.9,10.0,54.7,0.534,0.4455,OFFLOAD
8491,"Day 6, 21:31",1.49,39.48,25.34,1.1,3,-59.9,10.0,49.6,0.4322,0.3149,OFFLOAD
8492,"Day 6, 21:32",0.78,39.4,35.44,4.59,9,-58.3,10.0,46.38,0.6788,0.3699,OFFLOAD
8493,"Day 6, 21:33",1.12,39.31,43.29,9.32,5,-56.6,10.0,47.19,0.5659,0.496,OFFLOAD
8494,"Day 6, 21:34",0.48,39.23,32.01,5.02,3,-56.2,10.0,52.54,0.4575,0.4456,LOCAL
8495,"Day 6, 21:35",0.6,39.15,24.46,2.37,1,-56.8,10.0,49.26,0.361,0.3431,LOCAL
8496,"Day 6, 21:36",0.14,39.09,19.77,3.09,1,-55.6,10.0,44.91,0.3454,0.3188,LOCAL
8497,"Day 6, 21:37",1.18,39.02,15.6,2.31,2,-58.0,10.0,45.24,0.3643,0.3022,OFFLOAD
8498,"Day 6, 21:38",0.12,38.95,26.68,8.98,4,-60.1,10.0,44.86,0.4748,0.4656,LOCAL
8499,"Day 6, 21:39",0.23,38.82,32.91,4.1,9,-60.7,10.0,42.02,0.6716,0.3189,OFFLOAD
8500,"Day 6, 21:40",0.8,38.75,27.92,1.43,6,-58.7,10.0,38.51,0.5484,0.2243,OFFLOAD
8501,"Day 6, 21:41",0.56,38.68,25.67,4.92,2,-61.1,10.0,36.39,0.401,0.296,OFFLOAD
8502,"Day 6, 21:42",1.5,38.6,29.41,8.43,4,-62.7,10.0,36.32,0.4828,0.3833,OFFLOAD
8503,"Day 6, 21:43",1.3,38.52,37.59,8.36,5,-64.6,10.0,36.31,0.5468,0.3815,OFFLOAD
8504,"Day 6, 21:44",0.6,38.43,40.96,5.7,7,-65.0,10.0,35.74,0.6298,0.3109,OFFLOAD
8505,"Day 6, 21:45",0.4,38.34,33.64,3.58,2,-64.2,11.6,34.48,0.4296,0.2538,OFFLOAD
8506,"Day 6, 21:46",1.49,38.28,24.07,2.22,5,-65.3,10.0,36.67,0.4996,0.2305,OFFLOAD
8507,"Day 6, 21:47",0.36,38.2,33.4,5.92,6,-65.4,10.0,34.05,0.5691,0.3049,OFFLOAD
8508,"Day 6, 21:48",0.23,38.1,41.8,9.36,4,-67.6,10.0,37.33,0.5288,0.4138,OFFLOAD
8509,"Day 6, 21:49",0.13,37.98,63.96,8.26,10,-68.3,10.0,35.81,0.8167,0.3754,OFFLOAD
8510,"Day 6, 21:50",1.11,37.88,47.54,7.29,2,-69.9,10.7,34.17,0.4779,0.3418,OFFLOAD
8511,"Day 6, 21:51",0.29,37.79,36.63,2.67,5,-67.2,10.0,37.87,0.5461,0.2505,OFFLOAD
8512,"Day 6, 21:52",1.19,37.71,32.39,4.34,5,-68.8,10.0,37.31,0.53,0.2882,OFFLOAD
8513,"Day 6, 21:53",1.11,37.63,34.37,5.0,5,-69.1,10.0,35.02,0.5372,0.2885,OFFLOAD
8514,"Day 6, 21:54",1.07,37.56,32.02,2.65,10,-68.1,10.0,34.23,0.7041,0.2244,OFFLOAD
8515,"Day 6, 21:55",0.72,37.46,46.79,6.5,9,-68.9,10.0,39.73,0.7215,0.3604,OFFLOAD
8516,"Day 6, 21:56",0.59,37.35,48.92,5.39,8,-66.1,10.0,43.8,0.6943,0.3664,OFFLOAD
8517,"Day 6, 21:57",1.34,37.26,43.16,5.18,3,-66.3,10.0,45.37,0.4982,0.3752,OFFLOAD
8518,"Day 6, 21:58",0.48,37.19,25.0,1.77,1,-66.9,10.0,46.4,0.366,0.2996,OFFLOAD
8519,"Day 6, 21:59",0.74,37.12,28.93,5.19,4,-67.8,10.0,43.11,0.4845,0.3553,OFFLOAD
8520,"Day 6, 22:00",0.04,37.05,23.61,1.67,8,-69.1,10.0,42.64,0.607,0.2633,OFFLOAD
8521,"Day 6, 22:01",0.19,36.96,37.56,8.85,6,-70.6,10.0,46.66,0.5857,0.4791,OFFLOAD
8522,"Day 6, 22:02",0.72,36.87,41.37,5.86,7,-70.7,10.0,42.69,0.6334,0.3685,LOCAL
8523,"Day 6, 22:03",0.1,36.74,42.27,4.19,6,-71.7,10.0,44.03,0.6027,0.3383,OFFLOAD
8524,"Day 6, 22:04",1.15,36.65,42.01,4.49,8,-69.2,12.6,44.44,0.6703,0.3569,OFFLOAD
8525,"Day 6, 22:05",1.41,36.58,30.22,3.77,3,-67.5,10.0,49.06,0.4538,0.376,OFFLOAD
8526,"Day 6, 22:06",0.29,36.51,24.08,1.69,5,-68.9,10.0,45.75,0.5041,0.2914,OFFLOAD
8527,"Day 6, 22:07",0.95,36.45,20.1,2.72,4,-70.3,10.3,41.4,0.4543,0.2802,OFFLOAD
8528,"Day 6, 22:08",0.11,36.35,44.05,6.65,9,-70.8,10.0,44.23,0.7145,0.4016,OFFLOAD
8529,"Day 6, 22:09",0.25,36.26,40.36,6.87,3,-69.9,10.0,50.05,0.4915,0.4639,LOCAL
8530,"Day 6, 22:10",0.16,36.15,39.74,9.84,3,-67.2,10.2,47.37,0.4896,0.5112,LOCAL
8531,"Day 6, 22:11",1.39,36.07,28.16,2.99,2,-64.6,10.0,43.57,0.4124,0.3043,OFFLOAD
8532,"Day 6, 22:12",0.05,35.96,51.3,8.57,9,-62.9,10.0,48.32,0.7405,0.4884,OFFLOAD
8533,"Day 6, 22:13",1.4,35.88,38.14,2.12,2,-63.8,10.0,45.06,0.4476,0.2959,OFFLOAD
8534,"Day 6, 22:14",1.03,35.78,46.82,8.36,7,-61.6,10.0,43.66,0.6537,0.4393,OFFLOAD
8535,"Day 6, 22:15",0.11,35.67,52.01,6.08,9,-61.2,10.0,43.52,0.7434,0.3811,OFFLOAD
8536,"Day 6, 22:16",0.11,35.56,48.49,3.31,9,-60.4,10.0,46.68,0.7312,0.3408,OFFLOAD
8537,"Day 6, 22:17",0.57,35.48,32.74,1.48,3,-61.5,10.0,48.97,0.4655,0.3179,OFFLOAD
8538,"Day 6, 22:18",0.43,35.41,27.11,3.02,5,-60.5,10.0,53.13,0.5161,0.4025,OFFLOAD
8539,"Day 6, 22:19",0.66,35.31,46.7,6.77,10,-58.6,10.0,51.73,0.7595,0.48,OFFLOAD
8540,"Day 6, 22:20",0.9,35.23,35.3,1.88,9,-59.6,10.0,49.45,0.6843,0.3328,OFFLOAD
8541,"Day 6, 22:21",1.49,35.15,34.64,5.42,4,-60.0,10.0,48.11,0.5063,0.4076,OFFLOAD
8542,"Day 6, 22:22",0.45,35.07,33.2,2.81,10,-59.6,10.0,53.11,0.7129,0.397,LOCAL
8543,"Day 6, 22:23",0.76,34.99,26.19,3.87,2,-60.0,10.0,56.24,0.408,0.4629,LOCAL
8544,"Day 6, 22:24",1.11,34.9,26.8,9.7,3,-61.4,10.0,59.23,0.4448,0.6509,LOCAL
8545,"Day 6, 22:25",0.63,34.79,34.53,8.89,5,-62.1,10.0,59.67,0.5427,0.6372,LOCAL
8546,"Day 6, 22:26",1.33,34.7,25.41,2.14,4,-61.2,10.0,56.08,0.4749,0.4175,OFFLOAD
8547,"Day 6, 22:27",0.91,34.63,32.3,9.16,4,-59.2,10.0,57.58,0.4997,0.6135,LOCAL
8548,"Day 6, 22:28",1.29,34.49,37.35,4.34,10,-59.0,10.0,54.21,0.727,0.4486,OFFLOAD
8549,"Day 6, 22:29",0.66,34.38,55.69,7.39,10,-61.0,10.1,48.65,0.7923,0.4625,OFFLOAD
8550,"Day 6, 22:30",0.57,34.27,52.77,6.07,6,-60.4,10.0,48.8,0.6424,0.4308,OFFLOAD
8551,"Day 6, 22:31",0.63,34.18,38.71,8.37,1,-62.9,10.0,46.81,0.4183,0.4685,LOCAL
8552,"Day 6, 22:32",0.28,34.07,41.66,9.21,4,-62.8,10.0,52.09,0.5343,0.5451,LOCAL
8553,"Day 6, 22:33",0.68,33.93,42.21,4.44,9,-63.2,10.0,47.63,0.7108,0.3783,OFFLOAD
8554,"Day 6, 22:34",0.68,33.83,44.03,6.51,5,-64.3,10.0,46.12,0.5773,0.4155,OFFLOAD
8555,"Day 6, 22:35",1.36,33.75,37.39,2.06,7,-65.2,10.0,45.89,0.6232,0.3021,OFFLOAD
8556,"Day 6, 22:36",0.2,33.65,43.94,8.7,5,-65.5,10.0,51.41,0.578,0.5246,OFFLOAD
8557,"Day 6, 22:37",0.51,33.56,37.66,1.9,10,-66.9,10.0,50.19,0.7307,0.3412,OFFLOAD
8558,"Day 6, 22:38",0.4,33.47,42.56,5.04,8,-64.2,10.0,48.51,0.6782,0.4021,OFFLOAD
8559,"Day 6, 22:39",0.97,33.38,37.73,4.82,4,-65.3,10.0,49.94,0.5205,0.4115,OFFLOAD
8560,"Day 6, 22:40",1.38,33.31,29.9,5.33,1,-67.7,10.0,54.4,0.3876,0.4757,LOCAL
8561,"Day 6, 22:41",0.09,33.21,31.14,6.78,4,-66.2,10.0,51.28,0.499,0.4752,LOCAL
8562,"Day 6, 22:42",0.88,33.1,37.0,8.2,5,-64.4,10.0,52.2,0.5535,0.5211,LOCAL
8563,"Day 6, 22:43",0.76,33.03,24.29,3.25,1,-65.7,10.0,56.72,0.3693,0.4539,LOCAL
8564,"Day 6, 22:44",1.25,32.94,26.89,8.25,3,-65.3,10.0,52.41,0.4478,0.5247,LOCAL
8565,"Day 6, 22:45",0.72,32.87,24.07,6.53,1,-67.8,10.0,54.51,0.3689,0.5071,LOCAL
8566,"Day 6, 22:46",1.3,32.77,24.04,1.7,7,-70.0,10.0,57.2,0.578,0.4217,OFFLOAD
8567,"Day 6, 22:47",0.04,32.67,42.88,6.12,9,-69.4,10.0,55.64,0.716,0.5113,OFFLOAD
8568,"Day 6, 22:48",0.7,32.58,42.5,4.27,9,-69.1,10.0,54.08,0.7138,0.4452,OFFLOAD
8569,"Day 6, 22:49",1.14,32.47,52.89,8.2,8,-68.8,10.0,52.77,0.7147,0.5277,OFFLOAD
8570,"Day 6, 22:50",1.1,32.38,41.75,3.47,4,-68.2,10.0,50.44,0.5359,0.3831,OFFLOAD
8571,"Day 6, 22:51",0.6,32.27,53.97,7.79,8,-69.9,10.0,53.92,0.7196,0.5313,OFFLOAD
8572,"Day 6, 22:52",0.22,32.17,47.32,3.46,8,-68.5,10.0,51.92,0.697,0.3994,OFFLOAD
8573,"Day 6, 22:53",0.82,32.08,37.57,1.5,9,-70.4,10.0,52.34,0.6971,0.3553,OFFLOAD
8574,"Day 6, 22:54",0.92,31.97,55.28,8.27,9,-69.2,10.0,49.83,0.7591,0.4966,OFFLOAD
8575,"Day 6, 22:55",0.38,31.88,37.74,2.82,2,-69.5,10.0,53.34,0.4537,0.4,OFFLOAD
8576,"Day 6, 22:56",0.88,31.79,41.16,8.58,4,-69.1,10.0,51.75,0.5351,0.5254,LOCAL
8577,"Day 6, 22:57",0.87,31.62,64.22,9.8,9,-67.2,10.0,51.68,0.791,0.5552,OFFLOAD
8578,"Day 6, 22:58",0.09,31.52,46.12,3.66,2,-69.0,10.1,52.59,0.484,0.4125,OFFLOAD
8579,"Day 6, 22:59",0.64,31.44,35.29,3.82,2,-67.0,10.0,56.94,0.4454,0.4711,LOCAL
8580,"Day 6, 23:00",1.29,31.34,32.07,3.79,4,-65.1,11.4,52.31,0.5033,0.4162,OFFLOAD
8581,"Day 6, 23:01",1.3,31.27,30.06,1.68,8,-66.3,10.0,52.73,0.6364,0.3643,OFFLOAD
8582,"Day 6, 23:02",0.0,31.19,27.22,3.51,1,-68.4,10.0,48.7,0.3835,0.3658,LOCAL
8583,"Day 6, 23:03",1.4,31.12,22.7,3.01,2,-68.3,10.0,44.4,0.4007,0.3122,OFFLOAD
8584,"Day 6, 23:04",0.94,31.04,29.29,7.55,4,-67.1,10.0,42.31,0.4945,0.4076,OFFLOAD
8585,"Day 6, 23:05",0.75,30.96,33.05,8.32,4,-68.5,10.0,46.95,0.5081,0.4686,LOCAL
8586,"Day 6, 23:06",1.31,30.88,27.94,2.38,3,-69.6,10.0,42.76,0.4545,0.2821,OFFLOAD
8587,"Day 6, 23:07",0.04,30.77,47.79,6.92,9,-67.7,10.0,46.66,0.7361,0.4309,OFFLOAD
8588,"Day 6, 23:08",0.86,30.69,37.87,1.28,10,-69.4,10.0,44.3,0.7352,0.268,LOCAL
8589,"Day 6, 23:09",0.03,30.57,34.61,2.41,6,-67.9,10.0,45.45,0.5852,0.3067,OFFLOAD
8590,"Day 6, 23:10",0.89,30.5,27.96,7.95,3,-67.6,10.0,41.88,0.4558,0.4139,LOCAL
8591,"Day 6, 23:11",1.4,30.39,29.62,3.76,6,-69.8,10.8,38.21,0.566,0.2825,OFFLOAD
8592,"Day 6, 23:12",1.09,30.32,31.21,8.61,3,-71.2,10.7,44.1,0.4671,0.4514,LOCAL
8593,"Day 6, 23:13",0.74,30.22,27.56,4.1,5,-72.4,12.6,41.76,0.525,0.3242,OFFLOAD
8594,"Day 6, 23:14",0.54,30.13,39.65,6.04,8,-72.7,10.0,40.05,0.6728,0.3514,OFFLOAD
8595,"Day 6, 23:15",0.13,30.04,40.47,4.54,8,-72.2,10.0,46.08,0.6764,0.3658,OFFLOAD
8596,"Day 6, 23:16",1.1,29.96,28.53,3.99,1,-72.0,10.8,46.53,0.3883,0.3586,LOCAL
8597,"Day 6, 23:17",1.12,29.81,50.95,8.19,10,-71.6,10.0,50.12,0.7819,0.4977,LOCAL
8598,"Day 6, 23:18",0.36,29.68,51.49,8.05,5,-68.9,10.0,45.14,0.6102,0.4448,LOCAL
8599,"Day 6, 23:19",1.0,29.51,67.44,9.47,8,-66.5,10.0,42.22,0.7703,0.4548,LOCAL
8600,"Day 6, 23:20",0.84,29.39,51.1,6.03,3,-67.1,10.0,45.78,0.5385,0.4002,LOCAL
8601,"Day 6, 23:21",0.03,29.28,41.46,6.79,3,-65.2,10.0,41.94,0.5062,0.3855,LOCAL
8602,"Day 6, 23:22",1.49,29.14,45.81,5.21,9,-64.8,10.0,47.72,0.7294,0.3984,LOCAL
8603,"Day 6, 23:23",0.42,29.04,37.77,6.97,2,-62.8,10.0,50.27,0.458,0.4688,LOCAL
8604,"Day 6, 23:24",1.13,28.93,39.38,7.36,5,-63.8,10.0,50.32,0.5677,0.4791,LOCAL
8605,"Day 6, 23:25",0.31,28.79,43.09,5.15,7,-66.3,10.0,48.14,0.6522,0.4011,LOCAL
8606,"Day 6, 23:26",0.9,28.7,33.28,3.05,3,-65.7,10.0,52.94,0.4771,0.401,LOCAL
8607,"Day 6, 23:27",0.97,28.6,32.16,4.07,4,-64.2,10.0,55.31,0.5082,0.4557,LOCAL
8608,"Day 6, 23:28",0.12,28.5,34.93,7.94,3,-64.3,10.0,51.92,0.4843,0.5114,LOCAL
8609,"Day 6, 23:29",0.92,28.43,24.45,1.14,1,-64.5,10.0,56.49,0.3765,0.398,LOCAL
8610,"Day 6, 23:30",0.5,28.35,21.59,1.9,2,-64.9,10.0,58.35,0.4023,0.4429,LOCAL
8611,"Day 6, 23:31",0.25,28.26,25.1,5.51,4,-64.7,10.0,61.82,0.4851,0.5869,LOCAL
8612,"Day 6, 23:32",0.75,28.13,39.12,7.09,9,-65.9,10.0,59.55,0.7086,0.5904,LOCAL
8613,"Day 6, 23:33",0.86,28.02,33.07,4.37,5,-65.6,10.0,57.05,0.5474,0.4864,LOCAL
8614,"Day 6, 23:34",0.37,27.94,25.37,4.08,1,-64.6,10.0,57.5,0.3813,0.4853,LOCAL
8615,"Day 6, 23:35",0.66,27.83,37.1,7.92,6,-62.6,10.0,58.53,0.5971,0.5961,LOCAL
8616,"Day 6, 23:36",0.84,27.72,34.69,5.01,5,-63.0,10.0,54.85,0.5536,0.4733,LOCAL
8617,"Day 6, 23:37",1.27,27.62,33.77,7.24,4,-61.7,10.0,51.63,0.5149,0.4905,LOCAL
8618,"Day 6, 23:38",0.38,27.53,27.81,3.53,4,-62.1,10.0,55.44,0.4955,0.4439,LOCAL
8619,"Day 6, 23:39",0.4,27.39,42.58,6.9,8,-64.7,10.0,50.78,0.6873,0.4727,LOCAL
8620,"Day 6, 23:40",0.13,27.26,39.85,2.99,8,-63.0,10.0,52.6,0.6784,0.3955,LOCAL
8621,"Day 6, 23:41",1.02,27.15,39.27,6.95,4,-64.1,10.0,47.64,0.5352,0.4412,LOCAL
8622,"Day 6, 23:42",1.15,27.04,32.11,1.46,6,-63.3,10.0,52.92,0.5801,0.361,LOCAL
8623,"Day 6, 23:43",0.79,26.95,25.37,1.48,5,-64.7,10.0,48.55,0.5222,0.3135,LOCAL
8624,"Day 6, 23:44",0.31,26.83,29.25,3.8,7,-66.6,10.0,50.64,0.6067,0.3936,LOCAL
8625,"Day 6, 23:45",0.77,26.75,27.37,5.14,3,-65.0,10.0,51.24,0.4595,0.4337,LOCAL
8626,"Day 6, 23:46",1.22,26.65,24.36,1.76,6,-66.6,10.0,48.62,0.5534,0.3212,LOCAL
8627,"Day 6, 23:47",0.32,26.54,30.8,4.71,5,-67.4,10.0,47.19,0.5425,0.3807,LOCAL
8628,"Day 6, 23:48",1.21,26.41,47.02,8.53,8,-65.0,10.0,52.52,0.7032,0.5331,LOCAL
8629,"Day 6, 23:49",0.3,26.3,38.78,4.42,4,-64.8,10.0,50.41,0.5358,0.4065,LOCAL
8630,"Day 6, 23:50",0.86,26.19,31.08,2.04,5,-63.7,12.6,45.92,0.5432,0.3093,LOCAL
8631,"Day 6, 23:51",1.25,26.09,27.96,2.81,6,-64.0,10.0,42.0,0.5668,0.2864,LOCAL
8632,"Day 6, 23:52",1.03,25.98,32.13,5.91,6,-63.5,10.0,44.89,0.5819,0.3891,LOCAL
8633,"Day 6, 23:53",0.61,25.9,26.08,4.06,2,-62.8,10.0,43.86,0.4215,0.3336,LOCAL
8634,"Day 6, 23:54",0.0,25.81,26.61,6.72,4,-62.9,10.0,43.79,0.4944,0.3995,LOCAL
8635,"Day 6, 23:55",1.18,25.7,35.24,7.91,5,-64.9,10.0,45.3,0.558,0.4428,LOCAL
8636,"Day 6, 23:56",0.68,25.59,37.88,9.47,4,-62.8,10.0,44.45,0.5332,0.4741,LOCAL
8637,"Day 6, 23:57",0.56,25.51,33.46,9.18,1,-64.1,10.0,42.88,0.413,0.4531,LOCAL
8638,"Day 6, 23:58",0.54,25.4,32.78,3.37,4,-63.7,10.0,39.94,0.5158,0.2838,LOCAL
8639,"Day 6, 23:59",1.4,25.31,28.93,2.59,4,-62.3,10.0,41.62,0.5012,0.2778,LOCAL
8640,"Day 7, 00:00",0.41,25.22,24.22,2.33,5,-64.9,10.0,45.71,0.5213,0.3071,LOCAL
8641,"Day 7, 00:01",0.16,25.13,25.93,9.0,2,-63.0,10.0,44.75,0.4228,0.465,LOCAL
8642,"Day 7, 00:02",1.48,25.02,30.86,3.52,7,-64.8,10.0,40.55,0.6133,0.2924,LOCAL
8643,"Day 7, 00:03",0.2,24.95,24.85,7.91,1,-65.5,10.0,46.74,0.3842,0.4564,LOCAL
8644,"Day 7, 00:04",0.2,24.81,41.96,6.4,9,-64.3,10.0,44.03,0.7243,0.3936,LOCAL
8645,"Day 7, 00:05",0.58,24.64,55.58,6.26,10,-62.9,10.0,40.51,0.8067,0.3605,LOCAL
8646,"Day 7, 00:06",0.86,24.53,46.73,9.03,3,-64.6,10.0,41.01,0.5305,0.4338,LOCAL
8647,"Day 7, 00:07",0.8,24.43,38.09,8.4,2,-62.7,10.0,41.04,0.4655,0.4183,LOCAL
8648,"Day 7, 00:08",1.12,24.32,32.13,3.22,6,-61.3,10.0,46.42,0.5843,0.336,LOCAL
8649,"Day 7, 00:09",0.74,24.24,27.81,5.58,3,-63.9,10.0,46.25,0.4649,0.3934,LOCAL
8650,"Day 7, 00:10",1.4,24.15,27.17,5.72,4,-63.8,10.0,44.74,0.4968,0.3829,LOCAL
8651,"Day 7, 00:11",1.07,24.04,28.56,4.61,7,-64.3,10.0,48.5,0.6073,0.3913,LOCAL
8652,"Day 7, 00:12",0.01,23.91,29.9,2.64,9,-62.2,10.2,52.42,0.6838,0.3852,LOCAL
8653,"Day 7, 00:13",0.55,23.79,30.51,2.05,9,-62.7,10.0,54.26,0.6853,0.392,LOCAL
8654,"Day 7, 00:14",0.19,23.67,39.83,7.88,5,-61.4,10.0,51.39,0.5786,0.5039,LOCAL
8655,"Day 7, 00:15",0.58,23.58,33.03,2.86,3,-62.6,10.0,49.1,0.4844,0.3537,LOCAL
8656,"Day 7, 00:16",0.98,23.5,26.25,9.78,1,-63.2,10.0,51.42,0.3901,0.5517,LOCAL
8657,"Day 7, 00:17",1.39,23.4,24.7,1.92,7,-63.4,10.0,50.48,0.5943,0.3448,LOCAL
8658,"Day 7, 00:18",0.3,23.27,35.72,4.99,8,-61.0,10.0,47.14,0.6697,0.3872,LOCAL
8659,"Day 7, 00:19",0.46,23.12,53.9,9.03,8,-60.0,10.0,49.1,0.7333,0.508,LOCAL
8660,"Day 7, 00:20",0.79,22.97,55.61,5.68,8,-59.1,10.0,52.77,0.739,0.4648,LOCAL
8661,"Day 7, 00:21",0.47,22.84,51.26,7.71,4,-58.0,10.0,56.5,0.5844,0.5624,LOCAL
8662,"Day 7, 00:22",0.27,22.73,43.67,9.6,3,-58.1,10.0,52.96,0.5233,0.5649,LOCAL
8663,"Day 7, 00:23",1.4,22.58,45.68,4.11,10,-58.5,10.0,55.15,0.7739,0.4546,LOCAL
8664,"Day 7, 00:24",0.26,22.5,30.49,1.29,1,-58.6,10.0,59.11,0.4076,0.4388,LOCAL
8665,"Day 7, 00:25",0.9,22.43,24.77,5.04,1,-57.6,10.0,54.81,0.3867,0.4735,LOCAL
8666,"Day 7, 00:26",0.58,22.3,39.13,6.97,8,-59.3,10.0,50.61,0.6826,0.4725,LOCAL
8667,"Day 7, 00:27",1.45,22.16,44.04,3.92,8,-57.9,10.0,48.26,0.6987,0.3716,LOCAL
8668,"Day 7, 00:28",0.95,22.06,37.89,5.04,4,-58.5,10.0,44.35,0.5381,0.3625,LOCAL
8669,"Day 7, 00:29",0.19,21.94,36.44,4.97,6,-58.3,10.0,46.78,0.6043,0.3833,LOCAL
8670,"Day 7, 00:30",0.44,21.83,35.01,8.25,4,-58.8,10.0,47.29,0.5291,0.4702,LOCAL
8671,"Day 7, 00:31",1.41,21.71,42.15,5.58,7,-59.1,10.0,49.99,0.6578,0.431,LOCAL
8672,"Day 7, 00:32",0.89,21.55,52.5,5.91,10,-59.6,10.0,45.52,0.8001,0.3948,LOCAL
8673,"Day 7, 00:33",1.01,21.4,54.34,7.17,7,-60.1,10.0,46.9,0.7016,0.4394,LOCAL
8674,"Day 7, 00:34",0.43,21.23,64.44,7.21,10,-61.9,10.0,46.7,0.8431,0.4384,LOCAL
8675,"Day 7, 00:35",0.57,21.06,69.24,8.48,8,-60.7,10.0,48.81,0.7899,0.4912,LOCAL
8676,"Day 7, 00:36",0.28,20.91,55.63,4.43,6,-62.6,10.0,52.08,0.6729,0.4254,LOCAL
8677,"Day 7, 00:37",0.98,20.8,49.22,9.35,3,-61.5,10.0,50.88,0.5446,0.5349,LOCAL
8678,"Day 7, 00:38",0.65,20.65,46.06,3.99,9,-62.8,10.0,52.74,0.7443,0.4221,LOCAL
8679,"Day 7, 00:39",1.45,20.5,52.96,6.12,8,-62.0,10.0,51.61,0.7324,0.4624,LOCAL
8680,"Day 7, 00:40",1.02,20.38,41.27,1.54,6,-62.0,10.3,47.34,0.6223,0.3038,LOCAL
8681,"Day 7, 00:41",0.28,20.29,31.61,2.0,3,-61.3,10.0,44.75,0.4848,0.2901,LOCAL
8682,"Day 7, 00:42",0.25,20.2,24.93,2.3,3,-63.2,10.0,46.22,0.4616,0.3111,LOCAL
8683,"Day 7, 00:43",1.34,20.09,30.06,3.94,7,-62.4,10.0,51.03,0.6181,0.4014,LOCAL
8684,"Day 7, 00:44",0.74,19.94,46.86,6.46,10,-64.9,10.2,48.53,0.783,0.4383,LOCAL
8685,"Day 7, 00:45",1.47,19.77,63.46,7.91,10,-66.0,10.0,48.91,0.8402,0.4779,LOCAL
8686,"Day 7, 00:46",0.94,19.59,67.34,6.24,10,-65.2,10.0,51.27,0.8549,0.4616,LOCAL
8687,"Day 7, 00:47",1.22,19.46,47.32,1.95,6,-67.1,11.1,54.78,0.6446,0.3992,LOCAL
8688,"Day 7, 00:48",1.07,19.32,40.16,2.19,10,-67.3,10.0,58.71,0.76,0.4554,LOCAL
8689,"Day 7, 00:49",1.42,19.19,47.18,7.29,6,-68.4,10.0,60.49,0.6442,0.6099,LOCAL
8690,"Day 7, 00:50",1.02,19.07,46.66,7.81,4,-67.3,10.0,63.44,0.5732,0.6722,LOCAL
8691,"Day 7, 00:51",0.2,18.97,35.3,2.22,4,-68.0,10.0,57.52,0.5348,0.4391,LOCAL
8692,"Day 7, 00:52",0.74,18.82,49.95,8.42,8,-66.2,10.0,58.86,0.7255,0.6133,LOCAL
8693,"Day 7, 00:53",1.08,18.73,38.1,7.63,1,-66.5,10.2,55.85,0.4386,0.5523,LOCAL
8694,"Day 7, 00:54",0.62,18.64,34.63,6.41,3,-65.1,10.0,58.28,0.4973,0.5547,LOCAL
8695,"Day 7, 00:55",0.02,18.48,49.13,7.52,9,-65.9,10.0,58.17,0.7592,0.5808,LOCAL
8696,"Day 7, 00:56",0.18,18.38,37.65,4.0,3,-64.2,10.0,60.94,0.5089,0.5347,LOCAL
8697,"Day 7, 00:57",0.69,18.23,55.32,9.45,7,-66.6,10.0,62.66,0.7102,0.6995,LOCAL
8698,"Day 7, 00:58",0.09,18.07,64.97,9.71,7,-68.2,10.0,64.44,0.7451,0.7378,LOCAL
8699,"Day 7, 00:59",0.05,17.89,70.63,6.86,9,-67.9,10.0,63.45,0.8353,0.6486,LOCAL
8700,"Day 7, 01:00",0.14,17.72,73.99,9.38,7,-69.9,10.3,65.79,0.7772,0.7563,LOCAL
8701,"Day 7, 01:01",1.24,17.56,68.36,8.5,6,-71.5,10.0,58.87,0.7211,0.6155,LOCAL
8702,"Day 7, 01:02",0.09,17.36,78.15,8.73,10,-71.0,10.9,56.88,0.8973,0.5954,LOCAL
8703,"Day 7, 01:03",0.66,17.22,51.5,1.45,6,-69.1,10.0,57.96,0.6634,0.426,LOCAL
8704,"Day 7, 01:04",1.02,17.11,36.86,2.16,6,-68.0,10.0,52.35,0.6118,0.3718,LOCAL
8705,"Day 7, 01:05",0.37,17.0,30.69,2.38,7,-68.9,10.0,51.54,0.6264,0.3681,LOCAL
8706,"Day 7, 01:06",0.18,16.87,29.25,1.35,10,-68.9,10.0,46.53,0.7268,0.2903,LOCAL
8707,"Day 7, 01:07",0.56,16.76,34.85,6.49,4,-67.4,10.0,42.05,0.536,0.3788,LOCAL
8708,"Day 7, 01:08",0.83,16.61,55.31,9.67,8,-67.3,10.0,40.2,0.7474,0.4433,LOCAL
8709,"Day 7, 01:09",1.39,16.45,61.14,6.94,8,-68.7,10.0,38.92,0.7672,0.3651,LOCAL
8710,"Day 7, 01:10",1.31,16.31,59.78,8.48,6,-70.1,10.0,37.38,0.6928,0.3922,LOCAL
8711,"Day 7, 01:11",0.63,16.18,42.77,1.74,6,-71.2,11.2,35.75,0.6345,0.2155,LOCAL
8712,"Day 7, 01:12",0.63,16.1,32.72,1.16,1,-69.4,10.0,41.69,0.4244,0.2426,LOCAL
8713,"Day 7, 01:13",0.16,16.01,29.54,5.73,3,-69.1,10.0,45.37,0.4842,0.3889,LOCAL
8714,"Day 7, 01:14",0.2,15.88,28.22,1.89,10,-66.6,10.0,44.63,0.7247,0.2862,LOCAL
8715,"Day 7, 01:15",1.5,15.79,20.26,1.62,6,-66.2,10.0,46.52,0.555,0.297,LOCAL
8716,"Day 7, 01:16",1.38,15.65,41.91,7.96,10,-65.6,10.0,43.54,0.7711,0.4283,LOCAL
8717,"Day 7, 01:17",1.21,15.53,42.02,8.17,4,-67.1,10.0,46.87,0.562,0.4641,LOCAL
8718,"Day 7, 01:18",0.75,15.42,40.48,6.74,5,-65.2,10.0,46.54,0.5924,0.4252,LOCAL
8719,"Day 7, 01:19",0.79,15.28,46.56,5.22,8,-66.8,11.1,49.44,0.7188,0.4193,LOCAL
8720,"Day 7, 01:20",1.14,15.18,38.04,6.91,3,-65.4,10.0,54.39,0.5137,0.5151,LOCAL
8721,"Day 7, 01:21",0.98,15.1,26.05,3.24,1,-67.4,10.0,49.54,0.402,0.3678,LOCAL
8722,"Day 7, 01:22",1.23,15.03,21.23,10.0,1,-67.1,10.0,52.82,0.3849,0.5733,LOCAL
8723,"Day 7, 01:23",0.16,14.88,47.98,7.65,10,-67.8,11.4,54.15,0.7954,0.5347,LOCAL
8724,"Day 7, 01:24",0.69,14.79,35.05,8.49,1,-67.3,10.9,54.7,0.4344,0.5609,LOCAL
8725,"Day 7, 01:25",1.19,14.65,47.69,6.82,8,-68.9,10.0,56.95,0.7231,0.5462,LOCAL
8726,"Day 7, 01:26",0.57,14.55,36.86,6.56,3,-68.5,10.0,60.18,0.5113,0.5867,LOCAL
8727,"Day 7, 01:27",0.92,14.46,30.46,7.96,2,-70.6,10.7,54.92,0.4535,0.55,LOCAL
8728,"Day 7, 01:28",0.25,14.37,22.8,1.36,5,-70.0,10.0,57.04,0.5329,0.4109,LOCAL
8729,"Day 7, 01:29",1.37,14.25,36.3,6.29,8,-72.0,10.4,51.25,0.6836,0.4636,LOCAL
8730,"Day 7, 01:30",1.34,14.18,19.7,1.67,1,-70.2,10.0,52.32,0.3807,0.3592,LOCAL
8731,"Day 7, 01:31",1.35,14.06,29.21,2.63,10,-70.5,10.5,54.27,0.7291,0.4079,LOCAL
8732,"Day 7, 01:32",0.41,13.93,44.28,8.36,7,-68.0,10.0,52.66,0.6785,0.5304,LOCAL
8733,"Day 7, 01:33",0.45,13.83,35.49,9.23,2,-69.5,10.0,55.66,0.4728,0.5892,LOCAL
8734,"Day 7, 01:34",1.39,13.73,33.64,5.94,5,-66.8,10.0,57.03,0.5701,0.5254,LOCAL
8735,"Day 7, 01:35",0.69,13.6,46.87,9.57,6,-67.2,10.5,56.04,0.6526,0.6041,LOCAL
8736,"Day 7, 01:36",0.15,13.45,55.12,9.1,7,-67.8,10.0,57.89,0.7175,0.6164,LOCAL
8737,"Day 7, 01:37",0.07,13.32,44.22,3.88,6,-69.0,10.0,54.08,0.6447,0.4354,LOCAL
8738,"Day 7, 01:38",0.96,13.21,40.38,9.99,3,-71.0,10.5,54.52,0.5251,0.5952,LOCAL
8739,"Day 7, 01:39",0.32,13.09,38.63,4.59,6,-71.3,10.6,54.98,0.6251,0.4662,LOCAL
8740,"Day 7, 01:40",1.5,13.02,29.18,8.34,1,-68.7,10.0,52.96,0.4154,0.5335,LOCAL
8741,"Day 7, 01:41",0.9,12.88,45.64,9.08,7,-67.1,10.0,55.97,0.684,0.5895,LOCAL
8742,"Day 7, 01:42",1.08,12.77,32.99,1.06,6,-69.2,10.0,59.94,0.6047,0.4456,LOCAL
8743,"Day 7, 01:43",1.18,12.69,28.91,9.98,2,-70.5,10.0,62.48,0.4504,0.7096,LOCAL
8744,"Day 7, 01:44",1.49,12.61,27.65,9.95,1,-71.1,10.0,59.44,0.4106,0.6602,LOCAL
8745,"Day 7, 01:45",0.83,12.49,40.82,8.65,7,-72.6,10.0,62.39,0.6679,0.6749,LOCAL
8746,"Day 7, 01:46",0.13,12.38,37.72,5.42,3,-71.7,11.2,55.97,0.5182,0.5015,LOCAL
8747,"Day 7, 01:47",1.05,12.25,49.0,9.97,6,-71.8,13.9,56.38,0.6615,0.6282,LOCAL
8748,"Day 7, 01:48",1.26,12.12,38.1,1.31,10,-73.0,10.9,59.74,0.7633,0.4515,LOCAL
8749,"Day 7, 01:49",1.21,11.99,28.7,1.26,10,-72.6,10.0,59.85,0.7306,0.4492,LOCAL
8750,"Day 7, 01:50",0.66,11.91,25.49,3.57,2,-69.8,10.0,60.52,0.4404,0.5174,LOCAL
8751,"Day 7, 01:51",0.99,11.83,21.74,1.16,4,-68.1,10.0,59.08,0.4969,0.4351,LOCAL
8752,"Day 7, 01:52",1.43,11.74,24.91,7.19,4,-68.7,10.0,52.94,0.5074,0.5045,LOCAL
8753,"Day 7, 01:53",1.39,11.65,26.48,4.15,4,-66.7,10.0,57.27,0.5131,0.4838,LOCAL
8754,"Day 7, 01:54",0.96,11.56,28.32,7.21,3,-68.5,10.0,60.24,0.4853,0.604,LOCAL
8755,"Day 7, 01:55",1.06,11.5,19.35,3.04,1,-67.1,10.0,58.83,0.3839,0.4784,LOCAL
8756,"Day 7, 01:56",0.77,11.42,23.47,9.63,2,-64.6,10.0,55.07,0.4339,0.5916,LOCAL
8757,"Day 7, 01:57",1.08,11.3,26.84,3.33,9,-64.4,10.5,52.03,0.6904,0.3988,LOCAL
8758,"Day 7, 01:58",1.29,11.21,23.67,2.85,5,-66.4,10.0,53.63,0.5391,0.4043,LOCAL
8759,"Day 7, 01:59",0.35,11.11,22.76,1.37,6,-68.3,13.8,55.89,0.5725,0.4065,LOCAL
8760,"Day 7, 02:00",0.2,11.05,17.78,9.45,1,-68.9,10.0,56.02,0.3804,0.5995,LOCAL
8761,"Day 7, 02:01",0.25,10.92,31.1,5.01,9,-66.8,10.0,58.02,0.7071,0.5159,LOCAL
8762,"Day 7, 02:02",1.49,10.84,21.61,1.21,4,-67.4,10.3,54.09,0.4971,0.3696,LOCAL
8763,"Day 7, 02:03",1.36,10.73,31.78,5.93,7,-66.2,10.0,56.06,0.6381,0.512,LOCAL
8764,"Day 7, 02:04",0.65,10.65,20.23,2.5,2,-66.6,10.0,53.65,0.4238,0.3958,LOCAL
8765,"Day 7, 02:05",0.6,10.51,46.09,8.97,9,-65.1,10.0,56.5,0.7596,0.5938,LOCAL
8766,"Day 7, 02:06",0.59,10.42,33.2,5.87,1,-62.9,10.0,50.66,0.4347,0.4455,LOCAL
8767,"Day 7, 02:07",0.74,10.33,27.79,3.28,4,-63.5,10.0,55.18,0.5207,0.4343,LOCAL
8768,"Day 7, 02:08",0.25,10.2,39.47,7.2,7,-61.6,10.0,55.84,0.6675,0.5409,LOCAL
8769,"Day 7, 02:09",0.09,10.11,31.16,2.54,2,-61.2,10.0,53.89,0.4637,0.3996,LOCAL
8770,"Day 7, 02:10",0.34,9.99,40.04,6.57,7,-59.8,10.0,51.52,0.6696,0.4726,LOCAL
8771,"Day 7, 02:11",1.28,9.85,51.91,9.67,6,-62.2,10.0,54.04,0.675,0.5798,LOCAL
8772,"Day 7, 02:12",1.01,9.7,56.38,6.68,7,-63.2,10.0,57.79,0.7263,0.5544,LOCAL
8773,"Day 7, 02:13",0.43,9.57,50.27,6.96,5,-65.1,10.0,52.86,0.636,0.4977,LOCAL
8774,"Day 7, 02:14",0.98,9.47,38.65,2.43,4,-63.6,10.0,54.56,0.5596,0.4052,LOCAL
8775,"Day 7, 02:15",1.49,9.37,32.57,5.31,3,-61.6,10.0,58.8,0.5027,0.5348,LOCAL
8776,"Day 7, 02:16",0.83,9.25,32.43,2.48,8,-60.8,10.0,61.68,0.6784,0.5088,LOCAL
8777,"Day 7, 02:17",1.44,9.18,26.57,4.1,1,-60.8,11.4,58.83,0.4121,0.5088,LOCAL
8778,"Day 7, 02:18",1.2,9.09,28.41,9.18,3,-59.4,10.0,55.91,0.489,0.5913,LOCAL
8779,"Day 7, 02:19",0.25,9.01,21.41,1.13,4,-57.9,10.0,53.29,0.5011,0.3571,LOCAL
8780,"Day 7, 02:20",0.26,8.85,52.22,9.58,10,-59.9,10.0,54.58,0.8191,0.5842,LOCAL
8781,"Day 7, 02:21",0.89,8.74,39.07,3.67,3,-58.7,10.0,55.1,0.5273,0.4431,LOCAL
8782,"Day 7, 02:22",0.88,8.6,49.49,7.44,7,-57.1,10.0,50.18,0.704,0.4796,LOCAL
8783,"Day 7, 02:23",0.7,8.49,39.39,1.99,5,-58.1,10.0,49.51,0.5991,0.3362,LOCAL
8784,"Day 7, 02:24",1.37,8.41,31.06,9.91,1,-56.5,10.0,46.68,0.4291,0.5058,LOCAL
8785,"Day 7, 02:25",1.33,8.3,29.94,3.78,7,-55.7,10.0,43.15,0.6353,0.3204,LOCAL
8786,"Day 7, 02:26",0.08,8.22,24.23,5.81,2,-55.1,10.0,44.2,0.4423,0.3803,LOCAL
8787,"Day 7, 02:27",1.36,8.13,25.9,6.09,3,-57.9,10.0,44.8,0.4814,0.3928,LOCAL
8788,"Day 7, 02:28",1.04,8.01,33.32,4.32,8,-59.5,10.0,42.25,0.683,0.3263,LOCAL
8789,"Day 7, 02:29",0.44,7.9,28.71,2.11,7,-57.7,10.0,40.75,0.633,0.2587,LOCAL
8790,"Day 7, 02:30",0.08,7.78,32.1,4.11,9,-59.9,10.0,39.78,0.7156,0.301,LOCAL
8791,"Day 7, 02:31",0.16,7.67,27.29,1.69,6,-60.1,10.0,40.59,0.5938,0.2469,LOCAL
8792,"Day 7, 02:32",0.12,7.53,45.94,7.64,9,-62.6,10.0,44.37,0.7643,0.4276,LOCAL
8793,"Day 7, 02:33",0.04,7.43,37.55,8.35,2,-62.6,10.0,48.91,0.4902,0.489,LOCAL
8794,"Day 7, 02:34",0.3,7.27,54.35,8.33,9,-63.9,10.0,52.47,0.7939,0.5275,LOCAL
8795,"Day 7, 02:35",0.47,7.09,68.52,8.37,10,-63.2,10.0,51.47,0.8785,0.517,LOCAL
8796,"Day 7, 02:36",0.52,6.9,73.76,7.54,10,-62.1,10.0,53.78,0.897,0.5233,LOCAL
8797,"Day 7, 02:37",1.26,6.74,57.18,3.17,10,-62.7,10.0,54.71,0.8381,0.4256,LOCAL
8798,"Day 7, 02:38",0.74,6.61,44.36,3.24,5,-65.4,11.9,50.52,0.6192,0.3837,LOCAL
8799,"Day 7, 02:39",1.13,6.47,46.82,3.68,9,-65.8,10.0,51.09,0.7675,0.3955,LOCAL
8800,"Day 7, 02:40",1.14,6.38,33.79,5.53,1,-64.2,10.0,51.29,0.442,0.444,LOCAL
8801,"Day 7, 02:41",0.5,6.26,39.68,6.76,6,-64.1,10.9,53.06,0.6387,0.4977,LOCAL
8802,"Day 7, 02:42",1.09,6.1,59.09,7.72,10,-61.9,10.0,54.76,0.846,0.54,LOCAL
8803,"Day 7, 02:43",1.18,5.96,46.59,3.4,7,-63.9,10.0,52.81,0.6973,0.4082,LOCAL
8804,"Day 7, 02:44",1.38,5.87,36.69,1.61,3,-62.6,10.0,48.38,0.5226,0.3151,LOCAL
8805,"Day 7, 02:45",1.44,5.76,33.22,2.9,5,-64.8,10.0,51.97,0.5805,0.3859,LOCAL
8806,"Day 7, 02:46",0.94,5.65,36.86,5.6,6,-63.1,10.0,53.9,0.6291,0.4762,LOCAL
8807,"Day 7, 02:47",1.11,5.52,33.15,2.39,9,-64.2,10.0,48.8,0.7211,0.3389,LOCAL
8808,"Day 7, 02:48",1.09,5.45,25.03,4.63,1,-63.0,10.0,47.71,0.4128,0.3838,LOCAL
8809,"Day 7, 02:49",0.86,5.35,22.8,1.46,6,-61.6,10.0,51.55,0.5805,0.3451,LOCAL
8810,"Day 7, 02:50",0.61,5.26,23.45,4.68,4,-64.3,10.0,55.83,0.5133,0.4778,LOCAL
8811,"Day 7, 02:51",0.03,5.17,27.22,6.66,3,-62.6,10.0,55.14,0.4925,0.5183,LOCAL
8812,"Day 7, 02:52",1.09,5.09,25.29,4.94,3,-65.0,10.0,50.59,0.4843,0.4215,LOCAL
8813,"Day 7, 02:53",0.76,5.0,22.2,4.17,4,-64.0,10.0,51.58,0.509,0.4133,LOCAL
8814,"Day 7, 02:54",0.53,5.0,21.02,3.55,3,-62.6,10.0,52.28,0.4703,0.4058,LOCAL
8815,"Day 7, 02:55",0.81,5.0,30.35,5.78,7,-62.3,10.0,53.88,0.6425,0.4805,LOCAL
8816,"Day 7, 02:56",0.11,5.0,27.61,2.88,6,-63.0,10.0,55.13,0.599,0.4236,LOCAL
8817,"Day 7, 02:57",1.48,5.0,60.36,9.08,10,-61.7,10.0,55.89,0.8515,0.5885,LOCAL
8818,"Day 7, 02:58",1.1,5.0,46.11,4.96,2,-64.3,10.0,55.79,0.5222,0.4843,LOCAL
8819,"Day 7, 02:59",0.83,5.0,31.26,2.68,1,-62.0,10.0,59.68,0.4357,0.4821,LOCAL
8820,"Day 7, 03:00",0.19,5.0,27.01,5.32,1,-61.4,10.0,58.23,0.4218,0.5267,LOCAL
8821,"Day 7, 03:01",0.18,5.0,30.52,7.97,4,-63.7,10.0,61.38,0.539,0.641,LOCAL
8822,"Day 7, 03:02",0.2,5.0,28.85,3.37,6,-65.9,10.1,60.18,0.6032,0.5073,LOCAL
8823,"Day 7, 03:03",0.5,5.0,46.26,9.74,6,-65.4,10.0,61.4,0.6637,0.6857,LOCAL
8824,"Day 7, 03:04",0.45,5.0,43.42,5.78,6,-63.6,10.0,56.78,0.6538,0.5179,LOCAL
8825,"Day 7, 03:05",1.49,5.0,33.41,4.77,3,-65.0,10.0,55.66,0.5122,0.4777,LOCAL
8826,"Day 7, 03:06",1.28,5.0,31.98,2.88,9,-63.8,10.2,59.72,0.7175,0.4884,LOCAL
8827,"Day 7, 03:07",0.92,5.0,49.26,6.84,9,-63.5,10.0,59.04,0.7785,0.5765,LOCAL
8828,"Day 7, 03:08",0.3,5.0,45.83,6.58,6,-63.3,10.0,62.41,0.6624,0.6235,LOCAL
8829,"Day 7, 03:09",0.11,5.0,33.04,1.03,9,-63.7,10.0,56.31,0.723,0.3928,LOCAL
8830,"Day 7, 03:10",0.98,5.0,37.88,5.47,7,-64.1,10.0,57.06,0.6686,0.514,LOCAL
8831,"Day 7, 03:11",0.99,5.0,41.36,5.94,7,-62.2,10.0,55.02,0.6808,0.4987,LOCAL
8832,"Day 7, 03:12",1.21,5.0,25.96,2.22,1,-62.5,10.0,53.1,0.4165,0.3821,LOCAL
8833,"Day 7, 03:13",1.03,5.0,26.91,5.4,3,-65.0,10.0,56.18,0.4901,0.5003,LOCAL
8834,"Day 7, 03:14",1.44,5.0,24.7,3.13,4,-63.4,10.0,56.65,0.5168,0.4499,LOCAL
8835,"Day 7, 03:15",0.29,5.0,42.14,6.35,10,-62.3,10.0,52.39,0.7896,0.477,LOCAL
8836,"Day 7, 03:16",0.17,5.0,37.07,3.52,6,-64.4,10.0,56.08,0.632,0.4521,LOCAL
8837,"Day 7, 03:17",0.85,5.0,33.16,1.25,10,-65.4,10.9,53.58,0.7573,0.3661,LOCAL
8838,"Day 7, 03:18",0.79,5.0,43.16,8.91,5,-63.0,10.0,56.56,0.6174,0.5932,LOCAL
8839,"Day 7, 03:19",1.17,5.0,34.54,4.95,4,-62.4,10.0,53.11,0.5516,0.4505,LOCAL
8840,"Day 7, 03:20",0.35,5.0,28.34,9.88,1,-60.5,10.0,47.9,0.4262,0.517,LOCAL
8841,"Day 7, 03:21",1.37,5.0,55.03,8.72,10,-63.2,10.0,47.62,0.833,0.4852,LOCAL
8842,"Day 7, 03:22",0.6,5.0,38.62,3.22,1,-61.1,10.0,50.77,0.4618,0.3805,LOCAL
8843,"Day 7, 03:23",0.96,5.0,38.91,7.11,3,-62.6,10.0,52.0,0.5323,0.4915,LOCAL
8844,"Day 7, 03:24",0.3,5.0,31.34,2.13,4,-61.8,10.0,53.47,0.5417,0.3843,LOCAL
8845,"Day 7, 03:25",0.29,5.0,25.08,2.88,1,-62.8,10.0,56.21,0.4149,0.4377,LOCAL
8846,"Day 7, 03:26",1.42,5.0,30.24,3.5,9,-62.5,10.0,56.1,0.7112,0.4518,LOCAL
8847,"Day 7, 03:27",0.16,5.0,31.14,1.9,8,-65.0,10.0,59.01,0.6813,0.4525,LOCAL
8848,"Day 7, 03:28",0.98,5.0,35.52,5.67,7,-67.2,10.0,53.58,0.6604,0.4741,LOCAL
8849,"Day 7, 03:29",0.31,5.0,46.2,5.19,9,-67.3,10.0,53.02,0.7687,0.4554,LOCAL
8850,"Day 7, 03:30",0.38,5.0,46.85,5.62,8,-65.5,10.0,51.59,0.7359,0.4496,LOCAL
8851,"Day 7, 03:31",0.88,5.0,34.96,1.38,6,-66.0,10.0,52.46,0.6235,0.3536,LOCAL
8852,"Day 7, 03:32",0.82,5.0,39.79,6.09,6,-64.5,11.4,48.02,0.6406,0.4274,LOCAL
8853,"Day 7, 03:33",0.85,5.0,27.31,5.37,1,-64.8,10.0,52.13,0.4218,0.4496,LOCAL
8854,"Day 7, 03:34",1.01,5.0,24.29,7.7,2,-63.9,10.0,55.98,0.446,0.5552,LOCAL
8855,"Day 7, 03:35",0.78,5.0,23.07,1.86,9,-65.9,10.0,57.09,0.6871,0.4241,LOCAL
8856,"Day 7, 03:36",0.21,5.0,55.12,9.58,10,-63.6,10.0,52.66,0.8351,0.5609,LOCAL
8857,"Day 7, 03:37",1.06,5.0,52.38,7.97,5,-62.7,10.0,56.4,0.6492,0.5676,LOCAL
8858,"Day 7, 03:38",0.66,5.0,43.63,2.08,8,-62.5,10.0,53.46,0.7242,0.3829,LOCAL
8859,"Day 7, 03:39",0.81,5.0,40.77,6.62,4,-62.3,10.0,54.25,0.574,0.5061,LOCAL
8860,"Day 7, 03:40",1.17,5.0,63.3,9.83,9,-61.4,10.0,52.77,0.8273,0.5685,LOCAL
8861,"Day 7, 03:41",1.26,5.0,54.45,4.79,10,-63.6,10.0,54.15,0.8312,0.4591,LOCAL
8862,"Day 7, 03:42",1.33,5.0,39.44,7.23,2,-62.4,10.0,51.98,0.4985,0.4943,LOCAL
8863,"Day 7, 03:43",1.18,5.0,34.63,9.84,3,-63.1,10.0,51.22,0.517,0.551,LOCAL
8864,"Day 7, 03:44",1.15,5.0,53.1,9.65,7,-60.9,10.0,52.16,0.7216,0.5569,LOCAL
8865,"Day 7, 03:45",0.37,5.0,45.99,4.43,5,-63.4,10.0,48.45,0.6279,0.3862,LOCAL
8866,"Day 7, 03:46",0.39,5.0,39.83,5.78,6,-64.9,10.0,44.62,0.6413,0.3834,LOCAL
8867,"Day 7, 03:47",0.55,5.0,38.77,3.53,9,-66.7,12.8,48.21,0.7424,0.3693,LOCAL
8868,"Day 7, 03:48",0.11,5.0,56.79,9.87,8,-66.6,10.0,51.67,0.7711,0.5568,LOCAL
8869,"Day 7, 03:49",0.12,5.0,51.12,2.95,10,-68.2,10.0,51.11,0.8213,0.3775,LOCAL
8870,"Day 7, 03:50",0.84,5.0,43.73,6.53,3,-65.9,10.0,49.53,0.5493,0.4499,LOCAL
8871,"Day 7, 03:51",1.09,5.0,38.05,2.91,9,-67.8,10.0,51.66,0.739,0.3827,LOCAL
8872,"Day 7, 03:52",1.08,5.0,31.85,1.65,10,-67.3,10.0,47.86,0.7523,0.3108,LOCAL
8873,"Day 7, 03:53",0.57,5.0,55.5,9.84,9,-65.4,10.0,44.4,0.8009,0.4829,LOCAL
8874,"Day 7, 03:54",1.38,5.0,40.61,2.94,2,-66.5,10.0,43.92,0.5026,0.3061,LOCAL
8875,"Day 7, 03:55",0.44,5.0,31.92,9.71,1,-64.6,10.0,43.43,0.4386,0.4711,LOCAL
8876,"Day 7, 03:56",0.25,5.0,30.17,3.78,4,-65.1,10.0,41.23,0.5377,0.3043,LOCAL
8877,"Day 7, 03:57",0.37,5.0,27.48,5.19,4,-64.8,10.0,41.64,0.5281,0.3429,LOCAL
8878,"Day 7, 03:58",0.52,5.0,21.58,2.07,2,-63.9,10.0,44.7,0.4373,0.2913,LOCAL
8879,"Day 7, 03:59",1.45,5.0,17.02,2.92,2,-66.4,10.0,48.84,0.4199,0.3525,LOCAL
8880,"Day 7, 04:00",0.09,5.0,18.08,9.59,1,-68.2,10.0,45.84,0.3906,0.4898,LOCAL
8881,"Day 7, 04:01",1.02,5.0,26.57,6.69,6,-68.3,10.9,44.54,0.594,0.4079,LOCAL
8882,"Day 7, 04:02",0.64,5.0,54.33,9.91,9,-66.2,10.0,47.69,0.7967,0.5156,LOCAL
8883,"Day 7, 04:03",0.11,5.0,54.2,5.14,9,-64.3,10.0,51.65,0.797,0.4383,LOCAL
8884,"Day 7, 04:04",0.09,5.0,56.59,8.03,7,-65.3,10.0,53.29,0.7354,0.5297,LOCAL
8885,"Day 7, 04:05",0.22,5.0,39.56,1.06,7,-64.0,10.0,47.84,0.6756,0.2958,LOCAL
8886,"Day 7, 04:06",0.07,5.0,59.91,8.83,10,-66.1,10.0,52.22,0.8521,0.537,LOCAL
8887,"Day 7, 04:07",0.57,5.0,57.56,7.26,6,-63.9,10.0,56.04,0.7031,0.545,LOCAL
8888,"Day 7, 04:08",0.85,5.0,43.81,7.51,3,-62.7,10.0,50.49,0.5496,0.4847,LOCAL
8889,"Day 7, 04:09",0.42,5.0,50.04,9.26,7,-62.7,10.0,51.93,0.712,0.5445,LOCAL
8890,"Day 7, 04:10",0.19,5.0,40.03,8.12,3,-64.6,10.0,50.9,0.5373,0.5045,LOCAL
8891,"Day 7, 04:11",0.11,5.0,29.77,9.05,1,-64.5,10.0,51.37,0.4315,0.5329,LOCAL
8892,"Day 7, 04:12",0.51,5.0,53.37,8.1,10,-65.5,11.1,56.09,0.8285,0.5699,LOCAL
8893,"Day 7, 04:13",1.31,5.0,33.82,1.34,4,-66.5,13.8,52.88,0.5489,0.3683,LOCAL
8894,"Day 7, 04:14",1.14,5.0,34.87,3.68,7,-66.7,10.0,57.33,0.6578,0.473,LOCAL
8895,"Day 7, 04:15",0.46,5.0,43.32,5.63,10,-66.8,10.0,59.07,0.7934,0.5467,LOCAL
8896,"Day 7, 04:16",1.46,5.0,48.82,6.66,7,-67.9,10.0,58.09,0.7062,0.5582,LOCAL
8897,"Day 7, 04:17",1.49,5.0,45.55,9.75,3,-66.8,10.0,57.87,0.5547,0.6323,LOCAL
8898,"Day 7, 04:18",0.4,5.0,43.72,4.66,7,-65.0,10.0,57.15,0.6899,0.4949,LOCAL
8899,"Day 7, 04:19",1.4,5.0,34.97,9.08,2,-63.4,10.0,55.71,0.4828,0.5862,LOCAL
8900,"Day 7, 04:20",0.93,5.0,37.65,5.49,6,-64.5,10.0,56.19,0.6329,0.5028,LOCAL
8901,"Day 7, 04:21",1.01,5.0,34.39,2.33,8,-62.5,10.0,58.65,0.6914,0.458,LOCAL
8902,"Day 7, 04:22",0.51,5.0,29.26,2.37,7,-62.7,10.0,58.4,0.6392,0.4554,LOCAL
8903,"Day 7, 04:23",1.41,5.0,38.74,7.52,4,-60.9,10.0,61.22,0.566,0.6273,LOCAL
8904,"Day 7, 04:24",1.24,5.0,30.64,4.37,2,-62.1,10.0,56.94,0.4679,0.4849,LOCAL
8905,"Day 7, 04:25",0.21,5.0,40.52,7.55,6,-64.1,10.0,56.06,0.644,0.5525,LOCAL
8906,"Day 7, 04:26",1.09,5.0,42.13,5.68,7,-65.3,10.0,58.02,0.6833,0.5327,LOCAL
8907,"Day 7, 04:27",0.36,5.0,55.82,7.32,10,-66.3,10.0,57.26,0.8373,0.5629,LOCAL
8908,"Day 7, 04:28",0.03,5.0,39.95,1.58,4,-64.5,10.0,55.35,0.5723,0.394,LOCAL
8909,"Day 7, 04:29",1.36,5.0,27.46,1.88,4,-62.9,10.0,52.27,0.5266,0.3639,LOCAL
8910,"Day 7, 04:30",0.21,5.0,21.27,5.96,1,-61.2,10.0,56.18,0.4016,0.5143,LOCAL
8911,"Day 7, 04:31",0.16,5.0,26.85,6.16,5,-60.0,10.0,50.52,0.5612,0.4512,LOCAL
8912,"Day 7, 04:32",0.87,5.0,26.17,3.03,4,-58.4,10.0,49.43,0.5228,0.3614,LOCAL
8913,"Day 7, 04:33",0.95,5.0,42.81,5.25,10,-57.0,10.0,50.12,0.7909,0.4242,LOCAL
8914,"Day 7, 04:34",0.23,5.0,54.39,9.47,6,-56.3,10.0,46.31,0.6925,0.4913,LOCAL
8915,"Day 7, 04:35",0.85,5.0,61.35,9.99,7,-55.2,10.0,44.44,0.7509,0.487,LOCAL
8916,"Day 7, 04:36",1.38,5.0,45.09,9.86,1,-56.6,10.0,47.43,0.4833,0.5118,LOCAL
8917,"Day 7, 04:37",1.42,5.0,37.01,4.74,3,-58.8,10.0,43.07,0.5249,0.3438,LOCAL
8918,"Day 7, 04:38",0.39,5.0,55.8,7.14,10,-60.5,10.0,46.78,0.8372,0.4375,LOCAL
8919,"Day 7, 04:39",0.25,5.0,54.72,8.94,4,-61.3,10.0,48.15,0.6237,0.496,LOCAL
8920,"Day 7, 04:40",1.29,5.0,39.28,2.28,3,-61.4,10.0,44.25,0.533,0.2925,LOCAL
8921,"Day 7, 04:41",0.03,5.0,55.82,7.87,8,-60.7,10.0,46.38,0.7678,0.4519,LOCAL
8922,"Day 7, 04:42",0.51,5.0,40.57,1.69,9,-60.0,10.0,44.68,0.7487,0.2817,LOCAL
8923,"Day 7, 04:43",0.85,5.0,41.44,6.4,5,-61.0,10.0,41.0,0.6113,0.368,LOCAL
8924,"Day 7, 04:44",0.5,5.0,42.08,4.17,9,-60.6,10.0,43.39,0.754,0.3322,LOCAL
8925,"Day 7, 04:45",0.17,5.0,34.78,2.23,5,-63.0,10.0,44.34,0.589,0.2921,LOCAL
8926,"Day 7, 04:46",0.72,5.0,43.68,4.95,10,-61.0,10.0,43.97,0.7943,0.3569,LOCAL
8927,"Day 7, 04:47",0.03,5.0,34.18,2.73,5,-59.5,10.0,44.81,0.5871,0.3088,LOCAL
8928,"Day 7, 04:48",1.02,5.0,45.73,8.28,6,-60.0,10.0,43.5,0.661,0.436,LOCAL
8929,"Day 7, 04:49",1.04,5.0,63.69,8.02,10,-59.5,10.5,47.4,0.8639,0.4669,LOCAL
8930,"Day 7, 04:50",0.25,5.0,49.96,6.94,4,-61.7,10.0,50.72,0.607,0.473,LOCAL
8931,"Day 7, 04:51",0.35,5.0,42.83,4.28,8,-63.3,10.0,46.11,0.7219,0.3596,LOCAL
8932,"Day 7, 04:52",0.27,5.0,35.72,1.84,8,-63.5,10.0,47.87,0.6971,0.3157,LOCAL
8933,"Day 7, 04:53",0.56,5.0,31.09,2.61,9,-64.6,10.0,49.84,0.7155,0.3553,LOCAL
8934,"Day 7, 04:54",1.03,5.0,36.34,4.34,7,-65.2,10.0,49.13,0.6632,0.391,LOCAL
8935,"Day 7, 04:55",0.99,5.0,36.2,3.31,9,-63.4,10.0,47.4,0.7327,0.3477,LOCAL
8936,"Day 7, 04:56",0.92,5.0,44.94,9.42,6,-64.0,10.0,47.59,0.6584,0.5024,LOCAL
8937,"Day 7, 04:57",1.43,5.0,65.15,9.32,10,-64.2,10.0,47.58,0.8684,0.4998,LOCAL
8938,"Day 7, 04:58",0.4,5.0,49.95,8.47,2,-64.5,10.0,44.85,0.5367,0.4527,LOCAL
8939,"Day 7, 04:59",0.56,5.0,57.84,9.36,7,-65.1,10.0,43.06,0.7391,0.4591,LOCAL
8940,"Day 7, 05:00",0.86,5.0,47.99,2.37,9,-65.2,10.0,47.72,0.7742,0.3274,LOCAL
8941,"Day 7, 05:01",1.43,5.0,45.8,4.02,8,-65.9,10.0,52.75,0.7307,0.423,LOCAL
8942,"Day 7, 05:02",0.96,5.0,28.07,2.38,1,-67.0,11.3,55.07,0.4243,0.4141,LOCAL
8943,"Day 7, 05:03",0.94,5.0,39.13,8.11,6,-69.1,11.5,56.97,0.638,0.5831,LOCAL
8944,"Day 7, 05:04",0.62,5.0,52.28,8.35,7,-70.1,10.0,57.71,0.7195,0.595,LOCAL
8945,"Day 7, 05:05",0.52,5.0,45.63,2.99,10,-71.1,10.0,57.27,0.8014,0.4548,LOCAL
8946,"Day 7, 05:06",0.5,5.0,32.2,2.48,2,-70.7,10.0,53.13,0.4744,0.389,LOCAL
8947,"Day 7, 05:07",0.58,5.0,34.95,4.76,5,-71.3,12.3,54.49,0.589,0.469,LOCAL
8948,"Day 7, 05:08",0.7,5.0,45.27,5.75,10,-69.8,10.7,57.96,0.7999,0.5357,LOCAL
8949,"Day 7, 05:09",0.56,5.0,31.38,2.73,4,-68.3,10.0,57.52,0.5415,0.4518,LOCAL
8950,"Day 7, 05:10",1.16,5.0,27.59,3.86,5,-67.9,10.0,61.25,0.5623,0.5362,LOCAL
8951,"Day 7, 05:11",0.25,5.0,43.89,5.45,10,-66.1,10.0,59.01,0.7957,0.5412,LOCAL
8952,"Day 7, 05:12",1.49,5.0,40.41,8.57,3,-67.3,10.2,55.61,0.5367,0.5728,LOCAL
8953,"Day 7, 05:13",0.03,5.0,36.22,4.09,7,-64.9,10.0,53.75,0.6642,0.4367,LOCAL
8954,"Day 7, 05:14",1.26,5.0,37.91,3.14,10,-64.4,10.0,52.37,0.7733,0.3966,LOCAL
8955,"Day 7, 05:15",0.34,5.0,28.21,1.02,6,-66.2,10.0,54.93,0.6007,0.3746,LOCAL
8956,"Day 7, 05:16",0.02,5.0,33.47,3.89,7,-64.2,10.0,56.45,0.6546,0.4662,LOCAL
8957,"Day 7, 05:17",0.49,5.0,38.42,3.83,10,-64.2,10.0,53.05,0.7762,0.4218,LOCAL
8958,"Day 7, 05:18",0.36,5.0,50.45,6.59,10,-63.4,10.0,49.82,0.8185,0.4545,LOCAL
8959,"Day 7, 05:19",0.12,5.0,48.26,3.54,9,-63.2,10.0,45.8,0.7762,0.3382,LOCAL
8960,"Day 7, 05:20",0.23,5.0,35.49,1.72,1,-64.3,10.0,46.25,0.4514,0.2969,LOCAL
8961,"Day 7, 05:21",1.24,5.0,54.01,8.49,8,-64.8,10.0,49.99,0.7597,0.5038,LOCAL
8962,"Day 7, 05:22",0.88,5.0,61.48,5.69,10,-64.0,10.0,53.69,0.8564,0.4759,LOCAL
8963,"Day 7, 05:23",0.67,5.0,75.68,9.12,9,-62.5,10.0,56.26,0.8714,0.5944,LOCAL
8964,"Day 7, 05:24",0.09,5.0,52.23,2.93,3,-63.2,10.0,56.83,0.5802,0.4474,LOCAL
8965,"Day 7, 05:25",0.71,5.0,48.44,4.36,8,-62.8,10.0,58.19,0.741,0.5021,LOCAL
8966,"Day 7, 05:26",1.42,5.0,35.08,1.15,1,-62.3,10.0,60.71,0.4481,0.4598,LOCAL
8967,"Day 7, 05:27",1.12,5.0,36.37,2.46,9,-64.4,10.0,57.64,0.7331,0.4469,LOCAL
8968,"Day 7, 05:28",0.36,5.0,27.35,3.64,3,-62.0,10.0,60.88,0.4927,0.5247,LOCAL
8969,"Day 7, 05:29",0.34,5.0,37.81,8.88,5,-60.6,10.0,55.05,0.5993,0.5727,LOCAL
8970,"Day 7, 05:30",0.22,5.0,50.24,6.62,9,-61.2,10.4,50.56,0.783,0.4642,LOCAL
8971,"Day 7, 05:31",0.08,5.0,45.74,9.57,2,-59.8,10.8,55.29,0.5225,0.5951,LOCAL
8972,"Day 7, 05:32",0.65,5.0,31.5,2.47,1,-58.5,10.0,49.67,0.4368,0.3499,LOCAL
8973,"Day 7, 05:33",0.76,5.0,49.91,9.3,8,-60.5,10.0,47.7,0.7461,0.5004,LOCAL
8974,"Day 7, 05:34",0.72,5.0,45.36,4.51,8,-60.4,10.0,44.51,0.7302,0.3506,LOCAL
8975,"Day 7, 05:35",0.68,5.0,38.57,5.15,5,-61.8,10.3,46.0,0.6015,0.3811,LOCAL
8976,"Day 7, 05:36",0.56,5.0,28.13,1.31,7,-59.7,10.0,45.27,0.6351,0.2775,LOCAL
8977,"Day 7, 05:37",0.37,5.0,24.47,5.26,1,-60.2,10.5,43.13,0.4126,0.3588,LOCAL
8978,"Day 7, 05:38",1.45,5.0,33.35,9.7,4,-60.9,10.0,42.76,0.5471,0.4651,LOCAL
8979,"Day 7, 05:39",1.3,5.0,30.48,3.68,7,-59.5,10.0,42.23,0.6422,0.3101,LOCAL
8980,"Day 7, 05:40",1.33,5.0,35.12,3.93,6,-61.1,10.0,41.59,0.6234,0.3111,LOCAL
8981,"Day 7, 05:41",0.36,5.0,29.16,9.36,1,-63.5,10.0,46.75,0.429,0.4927,LOCAL
8982,"Day 7, 05:42",0.95,5.0,28.0,4.92,5,-64.8,10.0,48.49,0.5641,0.3989,LOCAL
8983,"Day 7, 05:43",0.92,5.0,27.42,5.99,4,-65.1,10.0,51.64,0.5271,0.4595,LOCAL
8984,"Day 7, 05:44",0.75,5.0,30.42,9.43,3,-65.0,10.0,48.4,0.5029,0.5108,LOCAL
8985,"Day 7, 05:45",1.4,5.0,32.67,6.28,4,-66.9,10.0,48.37,0.5448,0.4317,LOCAL
8986,"Day 7, 05:46",0.76,5.0,32.23,6.07,4,-68.2,10.0,49.34,0.5442,0.4365,LOCAL
8987,"Day 7, 05:47",0.3,5.0,30.43,3.17,6,-67.9,10.0,48.58,0.6086,0.3561,LOCAL
8988,"Day 7, 05:48",0.8,5.0,36.36,3.64,9,-69.3,10.0,48.63,0.7336,0.3684,LOCAL
8989,"Day 7, 05:49",1.47,5.0,41.06,3.98,8,-70.6,10.0,46.14,0.714,0.3524,LOCAL
8990,"Day 7, 05:50",0.58,5.0,34.16,9.86,2,-70.5,10.0,43.33,0.4812,0.474,LOCAL
8991,"Day 7, 05:51",0.45,5.0,38.47,3.97,9,-69.5,10.0,47.39,0.7415,0.3641,LOCAL
8992,"Day 7, 05:52",1.25,5.0,35.86,7.65,4,-68.5,10.0,47.92,0.5561,0.4614,LOCAL
8993,"Day 7, 05:53",1.21,5.0,46.76,9.12,6,-68.1,10.0,45.71,0.6643,0.4768,LOCAL
8994,"Day 7, 05:54",0.74,5.0,50.55,8.41,5,-68.6,11.9,46.2,0.6433,0.4691,LOCAL
8995,"Day 7, 05:55",0.35,5.0,59.06,7.09,9,-67.2,10.0,43.74,0.8137,0.4083,LOCAL
8996,"Day 7, 05:56",0.19,5.0,72.26,9.12,9,-64.8,10.0,47.27,0.8601,0.4917,LOCAL
8997,"Day 7, 05:57",1.24,5.0,65.76,6.59,7,-65.4,10.0,45.22,0.7658,0.409,LOCAL
8998,"Day 7, 05:58",1.14,5.0,49.6,6.38,3,-65.2,10.0,46.27,0.5694,0.4136,LOCAL
8999,"Day 7, 05:59",0.57,5.0,38.13,2.67,3,-64.3,10.0,50.9,0.5301,0.3682,LOCAL
9000,"Day 7, 06:00",0.0,5.0,49.96,7.83,8,-65.1,10.0,46.4,0.7474,0.4511,LOCAL
9001,"Day 7, 06:01",1.8,5.0,46.68,7.03,5,-66.2,10.0,50.77,0.6282,0.4758,LOCAL
9002,"Day 7, 06:02",0.82,5.0,34.74,4.75,2,-66.4,10.0,47.33,0.4828,0.383,LOCAL
9003,"Day 7, 06:03",3.68,5.0,27.13,6.83,2,-65.8,10.0,42.95,0.452,0.3949,LOCAL
9004,"Day 7, 06:04",0.0,5.0,31.83,7.67,4,-67.2,10.0,43.14,0.5439,0.4176,LOCAL
9005,"Day 7, 06:05",4.61,5.0,40.95,5.3,8,-67.1,10.1,40.69,0.7089,0.3381,LOCAL
9006,"Day 7, 06:06",1.09,5.0,27.34,4.39,2,-66.8,10.0,46.37,0.4566,0.3648,LOCAL
9007,"Day 7, 06:07",0.0,5.0,27.29,4.75,2,-68.0,10.0,51.56,0.458,0.4275,LOCAL
9008,"Day 7, 06:08",0.45,5.0,21.55,8.92,2,-65.8,10.0,56.32,0.4372,0.5903,LOCAL
9009,"Day 7, 06:09",1.14,5.0,41.9,7.59,8,-63.8,10.0,53.76,0.7174,0.5244,LOCAL
9010,"Day 7, 06:10",2.94,5.0,30.19,6.83,1,-61.8,10.0,55.63,0.4288,0.5289,LOCAL
9011,"Day 7, 06:11",4.5,5.0,38.55,4.89,9,-63.1,10.0,53.31,0.7357,0.4513,LOCAL
9012,"Day 7, 06:12",3.56,5.0,42.53,4.44,10,-64.8,10.0,48.89,0.786,0.3911,LOCAL
9013,"Day 7, 06:13",4.47,5.0,47.91,6.79,7,-67.3,10.6,48.63,0.6985,0.4489,LOCAL
9014,"Day 7, 06:14",2.93,5.0,39.96,6.16,3,-68.3,10.0,48.28,0.533,0.4278,LOCAL
9015,"Day 7, 06:15",7.59,5.0,39.63,5.81,5,-66.6,10.0,48.48,0.5948,0.4211,LOCAL
9016,"Day 7, 06:16",8.37,5.0,50.34,8.72,8,-65.6,10.0,49.61,0.7361,0.5055,LOCAL
9017,"Day 7, 06:17",7.73,5.0,50.01,4.6,8,-65.4,10.0,47.3,0.736,0.3791,LOCAL
9018,"Day 7, 06:18",7.57,5.0,36.36,2.11,5,-66.8,10.0,52.04,0.5834,0.367,LOCAL
9019,"Day 7, 06:19",9.77,5.0,39.37,6.27,5,-64.3,10.0,48.79,0.5906,0.4358,LOCAL
9020,"Day 7, 06:20",9.17,5.0,31.05,4.88,5,-64.2,10.0,51.98,0.5624,0.4356,LOCAL
9021,"Day 7, 06:21",10.63,5.0,55.06,9.79,9,-64.6,10.0,49.39,0.7843,0.5299,LOCAL
9022,"Day 7, 06:22",7.39,5.0,47.1,4.97,6,-63.6,10.0,54.42,0.6563,0.4669,LOCAL
9023,"Day 7, 06:23",10.1,5.0,41.9,7.51,4,-62.6,10.0,58.62,0.564,0.587,LOCAL
9024,"Day 7, 06:24",12.69,5.0,29.13,4.68,2,-65.2,10.0,59.04,0.4454,0.5224,LOCAL
9025,"Day 7, 06:25",12.75,5.0,25.12,9.37,1,-66.4,10.0,60.72,0.3963,0.6654,LOCAL
9026,"Day 7, 06:26",10.59,5.0,22.81,8.99,2,-68.3,10.0,60.98,0.4264,0.6602,LOCAL
9027,"Day 7, 06:27",12.02,5.0,18.15,3.23,2,-69.8,10.0,59.86,0.408,0.4986,LOCAL
9028,"Day 7, 06:28",9.66,5.0,16.45,5.49,1,-71.8,10.5,54.32,0.3706,0.4801,LOCAL
9029,"Day 7, 06:29",13.17,5.0,29.71,3.75,10,-71.7,10.0,49.11,0.7267,0.3761,LOCAL
9030,"Day 7, 06:30",15.31,5.0,23.86,5.41,1,-73.0,10.0,48.9,0.3881,0.4153,LOCAL
9031,"Day 7, 06:31",13.63,5.0,38.68,5.5,10,-74.0,10.0,47.06,0.7574,0.3992,LOCAL
9032,"Day 7, 06:32",16.17,5.0,35.56,1.49,9,-73.8,10.0,44.44,0.7077,0.2745,LOCAL
9033,"Day 7, 06:33",12.45,5.0,29.08,3.52,2,-70.7,10.0,44.93,0.4456,0.3297,LOCAL
9034,"Day 7, 06:34",13.97,5.0,23.79,6.73,1,-72.1,10.0,48.02,0.3898,0.4394,LOCAL
9035,"Day 7, 06:35",16.79,5.0,21.58,4.15,3,-72.6,11.8,48.84,0.4478,0.3885,LOCAL
9036,"Day 7, 06:36",13.65,5.0,21.92,4.15,4,-71.1,10.1,52.53,0.4888,0.424,LOCAL
9037,"Day 7, 06:37",12.84,5.0,25.81,3.2,8,-72.5,11.5,50.09,0.6436,0.377,LOCAL
9038,"Day 7, 06:38",14.57,5.0,43.92,7.47,8,-71.1,10.0,50.11,0.7044,0.4796,LOCAL
9039,"Day 7, 06:39",16.71,5.0,35.98,1.18,10,-70.7,10.0,52.12,0.7434,0.3447,LOCAL
9040,"Day 7, 06:40",14.12,5.0,49.44,7.15,8,-69.8,10.0,54.98,0.7244,0.5285,LOCAL
9041,"Day 7, 06:41",15.19,5.0,39.42,2.89,2,-67.0,10.0,49.53,0.4777,0.359,LOCAL
9042,"Day 7, 06:42",20.24,5.0,36.15,5.25,5,-65.8,10.0,50.62,0.5637,0.4297,LOCAL
9043,"Day 7, 06:43",19.2,5.0,48.56,6.88,9,-63.3,10.0,52.82,0.7486,0.4953,LOCAL
9044,"Day 7, 06:44",19.82,5.0,35.75,1.27,7,-61.3,10.0,49.89,0.6329,0.3223,LOCAL
9045,"Day 7, 06:45",19.39,5.0,43.7,7.29,8,-61.7,10.0,49.47,0.6964,0.4683,LOCAL
9046,"Day 7, 06:46",19.94,5.0,29.93,1.73,4,-61.6,10.0,44.74,0.5074,0.2832,LOCAL
9047,"Day 7, 06:47",16.91,5.0,21.46,1.89,1,-62.2,10.0,50.14,0.3772,0.3404,LOCAL
9048,"Day 7, 06:48",21.52,5.0,46.89,8.28,9,-63.2,10.0,54.46,0.7393,0.5502,LOCAL
9049,"Day 7, 06:49",20.11,5.0,36.24,7.54,1,-64.8,10.4,50.04,0.4242,0.4817,LOCAL
9050,"Day 7, 06:50",19.27,5.0,24.39,2.52,1,-65.0,10.0,51.67,0.384,0.3731,LOCAL
9051,"Day 7, 06:51",18.79,5.0,28.13,8.36,2,-66.1,10.0,51.48,0.4328,0.5168,LOCAL
9052,"Day 7, 06:52",19.89,5.0,35.87,5.13,6,-68.4,10.0,55.02,0.5982,0.4785,LOCAL
9053,"Day 7, 06:53",20.96,5.0,47.36,6.79,9,-66.0,10.0,56.84,0.7418,0.544,LOCAL
9054,"Day 7, 06:54",22.38,5.0,41.75,2.49,8,-63.8,10.0,58.04,0.6851,0.4532,LOCAL
9055,"Day 7, 06:55",24.93,5.0,40.21,3.62,10,-65.1,11.3,54.98,0.7458,0.4439,LOCAL
9056,"Day 7, 06:56",21.2,5.0,46.78,7.33,7,-66.7,10.0,55.58,0.6694,0.5407,LOCAL
9057,"Day 7, 06:57",22.05,5.0,58.67,8.61,8,-68.6,10.0,51.78,0.7448,0.5266,LOCAL
9058,"Day 7, 06:58",25.75,5.0,42.57,7.84,2,-66.6,10.0,55.9,0.4729,0.5577,LOCAL
9059,"Day 7, 06:59",21.78,5.0,30.78,1.2,2,-66.0,10.0,53.17,0.4376,0.3574,LOCAL
9060,"Day 7, 07:00",24.35,5.0,31.44,3.02,8,-64.1,10.0,57.62,0.646,0.4605,LOCAL
9061,"Day 7, 07:01",23.37,5.0,35.22,3.39,8,-63.1,10.0,57.12,0.6607,0.4628,LOCAL
9062,"Day 7, 07:02",25.09,5.0,44.37,6.99,8,-64.4,10.0,57.12,0.6902,0.5528,LOCAL
9063,"Day 7, 07:03",25.55,5.0,45.99,6.94,5,-64.7,10.0,54.99,0.5901,0.5234,LOCAL
9064,"Day 7, 07:04",26.77,5.0,35.45,5.96,1,-62.7,10.0,58.69,0.4114,0.5494,LOCAL
9065,"Day 7, 07:05",26.63,5.0,31.76,4.9,4,-63.4,10.0,60.0,0.5037,0.5425,LOCAL
9066,"Day 7, 07:06",24.87,5.0,37.64,8.35,5,-63.0,10.0,57.77,0.5619,0.5959,LOCAL
9067,"Day 7, 07:07",27.13,5.0,48.14,8.04,8,-63.7,10.0,61.27,0.7003,0.641,LOCAL
9068,"Day 7, 07:08",24.9,5.0,33.52,2.32,2,-62.0,10.0,55.11,0.4425,0.4093,LOCAL
9069,"Day 7, 07:09",26.15,5.0,32.32,3.32,6,-63.3,10.0,52.84,0.5764,0.4065,LOCAL
9070,"Day 7, 07:10",29.49,5.01,25.92,4.45,2,-61.0,10.0,49.19,0.409,0.3943,LOCAL
9071,"Day 7, 07:11",31.34,5.02,24.71,9.27,1,-61.5,10.0,48.88,0.367,0.5117,LOCAL
9072,"Day 7, 07:12",32.32,5.03,29.27,6.48,3,-59.9,10.0,47.45,0.4514,0.4275,LOCAL
9073,"Day 7, 07:13",28.11,5.02,30.04,6.85,3,-61.1,10.0,49.38,0.4605,0.4563,LOCAL
9074,"Day 7, 07:14",27.92,5.03,23.13,5.4,1,-62.0,10.0,46.31,0.3665,0.3895,LOCAL
9075,"Day 7, 07:15",27.8,5.0,40.38,7.23,8,-64.2,10.0,45.81,0.6721,0.4306,LOCAL
9076,"Day 7, 07:16",30.48,5.0,41.32,5.07,6,-63.9,10.0,43.73,0.6014,0.3577,LOCAL
9077,"Day 7, 07:17",30.69,5.0,43.88,6.64,6,-64.8,10.0,49.66,0.6101,0.4541,LOCAL
9078,"Day 7, 07:18",29.3,5.0,57.68,9.62,7,-64.6,10.0,46.79,0.6954,0.4996,LOCAL
9079,"Day 7, 07:19",34.16,5.0,44.95,2.89,7,-65.7,10.6,51.88,0.6436,0.3865,LOCAL
9080,"Day 7, 07:20",34.04,5.0,37.93,8.45,2,-66.3,10.0,49.95,0.4442,0.5024,LOCAL
9081,"Day 7, 07:21",33.1,5.01,29.28,5.03,2,-64.2,10.7,48.62,0.4153,0.4051,LOCAL
9082,"Day 7, 07:22",30.89,5.02,27.88,9.72,2,-65.4,10.0,46.31,0.4137,0.4975,LOCAL
9083,"Day 7, 07:23",35.16,5.05,22.67,5.78,1,-65.3,10.0,47.02,0.354,0.4059,LOCAL
9084,"Day 7, 07:24",35.46,5.03,37.51,5.35,9,-65.4,10.0,44.07,0.6856,0.3677,LOCAL
9085,"Day 7, 07:25",34.54,5.0,55.91,8.73,8,-63.4,10.0,49.4,0.7164,0.5035,LOCAL
9086,"Day 7, 07:26",33.59,5.0,49.99,9.27,4,-61.2,10.0,45.21,0.5571,0.4759,LOCAL
9087,"Day 7, 07:27",38.05,5.0,44.12,3.73,5,-62.2,10.0,43.73,0.5649,0.3242,LOCAL
9088,"Day 7, 07:28",34.16,5.02,31.44,6.88,1,-64.9,10.0,43.98,0.3863,0.4051,LOCAL
9089,"Day 7, 07:29",34.58,5.0,42.78,6.7,7,-67.3,10.0,46.07,0.6353,0.4198,LOCAL
9090,"Day 7, 07:30",38.56,5.01,29.13,1.39,5,-69.2,10.9,42.12,0.5116,0.2544,LOCAL
9091,"Day 7, 07:31",35.16,5.04,23.77,7.01,2,-70.3,10.8,38.86,0.3929,0.3686,LOCAL
9092,"Day 7, 07:32",37.92,5.07,20.72,3.21,4,-69.4,10.0,43.48,0.448,0.309,LOCAL
9093,"Day 7, 07:33",40.2,5.04,43.18,7.24,9,-71.1,10.8,45.59,0.6983,0.4311,LOCAL
9094,"Day 7, 07:34",40.69,5.0,63.36,8.07,10,-71.1,10.0,43.8,0.8032,0.4333,LOCAL
9095,"Day 7, 07:35",37.9,5.0,53.89,8.64,3,-70.2,10.3,44.02,0.5293,0.4502,LOCAL
9096,"Day 7, 07:36",41.42,5.0,56.93,8.02,7,-70.4,10.0,45.54,0.6746,0.4478,LOCAL
9097,"Day 7, 07:37",40.34,5.0,48.56,9.13,4,-68.9,13.3,46.34,0.5419,0.4924,LOCAL
9098,"Day 7, 07:38",39.7,5.0,51.79,9.13,5,-70.5,10.0,47.35,0.5892,0.4928,LOCAL
9099,"Day 7, 07:39",40.83,5.0,49.02,7.04,5,-72.1,10.0,43.31,0.5778,0.4033,LOCAL
9100,"Day 7, 07:40",39.1,5.0,35.72,1.21,8,-69.8,10.0,44.11,0.6389,0.2646,LOCAL
9101,"Day 7, 07:41",43.27,5.04,28.57,2.25,3,-68.5,10.0,44.51,0.4325,0.2941,LOCAL
9102,"Day 7, 07:42",40.49,5.0,52.85,9.77,10,-67.7,10.0,44.8,0.7667,0.4847,LOCAL
9103,"Day 7, 07:43",41.07,5.0,45.19,2.99,6,-67.6,10.0,42.81,0.599,0.2977,LOCAL
9104,"Day 7, 07:44",43.55,5.0,54.21,7.89,8,-69.0,10.0,47.2,0.6969,0.4603,LOCAL
9105,"Day 7, 07:45",40.76,5.0,42.76,2.55,7,-69.7,10.0,49.29,0.626,0.3479,LOCAL
9106,"Day 7, 07:46",42.35,5.0,40.35,5.49,7,-69.5,10.0,44.63,0.6152,0.3762,LOCAL
9107,"Day 7, 07:47",42.95,5.02,33.2,3.26,5,-71.3,11.7,49.33,0.5193,0.3708,LOCAL
9108,"Day 7, 07:48",42.52,5.07,23.86,5.32,1,-68.7,11.8,44.91,0.3471,0.3796,LOCAL
9109,"Day 7, 07:49",42.34,5.13,18.95,2.86,2,-68.8,10.0,49.09,0.3651,0.3536,LOCAL
9110,"Day 7, 07:50",43.63,5.16,16.08,1.3,8,-68.7,11.1,51.35,0.5631,0.3421,LOCAL
9111,"Day 7, 07:51",45.24,5.18,32.52,6.34,7,-69.1,10.0,52.81,0.5832,0.4817,LOCAL
9112,"Day 7, 07:52",47.39,5.16,54.29,9.03,9,-69.6,10.0,56.14,0.7262,0.5906,LOCAL
9113,"Day 7, 07:53",44.83,5.16,54.92,8.95,5,-69.1,10.0,51.43,0.5922,0.5311,LOCAL
9114,"Day 7, 07:54",43.25,5.19,38.11,1.17,2,-69.1,10.0,49.92,0.4307,0.32,LOCAL
9115,"Day 7, 07:55",46.21,5.19,44.25,5.75,8,-70.4,10.0,52.92,0.6578,0.4682,LOCAL
9116,"Day 7, 07:56",44.5,5.2,39.61,5.65,5,-67.4,10.0,51.94,0.5391,0.4543,LOCAL
9117,"Day 7, 07:57",46.65,5.2,42.68,3.32,10,-66.9,10.0,52.43,0.7216,0.4017,LOCAL
9118,"Day 7, 07:58",47.38,5.25,31.83,8.06,2,-65.9,10.0,54.07,0.4025,0.5399,LOCAL
9119,"Day 7, 07:59",44.59,5.26,27.4,1.45,9,-63.5,10.0,53.9,0.6361,0.3725,LOCAL
9120,"Day 7, 08:00",47.02,5.29,25.62,1.34,7,-66.1,10.0,56.31,0.5562,0.4006,LOCAL
9121,"Day 7, 08:01",48.99,5.34,29.69,4.42,5,-66.1,10.8,56.79,0.4974,0.4862,LOCAL
9122,"Day 7, 08:02",49.43,5.36,44.5,9.32,6,-66.1,10.0,59.57,0.5836,0.6465,LOCAL
9123,"Day 7, 08:03",49.29,5.37,48.89,7.64,6,-66.6,10.0,58.81,0.5991,0.5931,LOCAL
9124,"Day 7, 08:04",50.4,5.38,52.99,8.08,6,-64.4,10.0,52.83,0.6118,0.5255,LOCAL
9125,"Day 7, 08:05",50.29,5.38,47.03,3.6,9,-63.0,10.0,52.93,0.6961,0.4146,LOCAL
9126,"Day 7, 08:06",49.8,5.36,60.34,7.31,10,-61.5,10.0,47.89,0.7784,0.4526,LOCAL
9127,"Day 7, 08:07",52.67,5.39,41.7,2.0,6,-64.0,10.0,50.51,0.5689,0.3472,LOCAL
9128,"Day 7, 08:08",52.19,5.45,34.32,3.69,3,-62.0,10.0,48.71,0.4387,0.3704,LOCAL
9129,"Day 7, 08:09",48.35,5.47,43.62,8.09,6,-62.5,10.0,52.17,0.5819,0.518,LOCAL
9130,"Day 7, 08:10",48.63,5.51,34.02,3.09,3,-64.2,10.0,55.78,0.4428,0.4374,LOCAL
9131,"Day 7, 08:11",54.36,5.55,32.03,2.3,8,-64.5,10.0,55.99,0.6022,0.4204,LOCAL
9132,"Day 7, 08:12",53.68,5.58,44.42,5.7,8,-62.5,10.0,57.9,0.6466,0.5314,LOCAL
9133,"Day 7, 08:13",50.62,5.63,36.81,3.19,3,-64.3,10.0,53.38,0.4495,0.4097,LOCAL
9134,"Day 7, 08:14",53.53,5.7,28.59,2.5,2,-63.3,10.0,57.39,0.3812,0.4443,LOCAL
9135,"Day 7, 08:15",55.18,5.7,52.71,8.42,10,-61.5,10.0,51.69,0.7432,0.5208,LOCAL
9136,"Day 7, 08:16",50.98,5.76,36.73,3.5,1,-63.4,10.0,46.79,0.3784,0.3466,LOCAL
9137,"Day 7, 08:17",50.53,5.77,44.86,6.28,9,-64.6,10.0,45.4,0.6876,0.403,LOCAL
9138,"Day 7, 08:18",51.93,5.84,34.54,4.54,1,-64.2,10.0,47.08,0.3692,0.3753,LOCAL
9139,"Day 7, 08:19",51.17,5.86,28.61,1.11,10,-64.4,10.0,48.27,0.6646,0.3014,LOCAL
9140,"Day 7, 08:20",54.39,5.94,27.88,7.8,3,-63.9,10.0,53.21,0.4121,0.523,LOCAL
9141,"Day 7, 08:21",55.52,5.99,28.11,2.06,8,-66.2,10.0,53.2,0.5861,0.3793,LOCAL
9142,"Day 7, 08:22",52.98,6.05,27.82,5.5,4,-63.6,10.0,51.48,0.4488,0.4454,LOCAL
9143,"Day 7, 08:23",57.66,6.13,24.53,1.27,5,-66.3,10.2,54.79,0.4652,0.3798,LOCAL
9144,"Day 7, 08:24",56.8,6.21,23.68,2.76,3,-68.0,10.0,55.09,0.3934,0.4201,LOCAL
9145,"Day 7, 08:25",56.02,6.32,15.11,4.76,1,-69.0,11.8,55.27,0.2944,0.4777,LOCAL
9146,"Day 7, 08:26",57.65,6.36,36.62,7.2,8,-69.3,10.8,53.22,0.6121,0.5104,LOCAL
9147,"Day 7, 08:27",56.82,6.43,32.87,4.62,4,-67.2,12.4,52.26,0.4602,0.4391,LOCAL
9148,"Day 7, 08:28",56.74,6.45,52.78,9.4,7,-68.0,10.2,49.7,0.6349,0.524,LOCAL
9149,"Day 7, 08:29",54.63,6.52,39.05,3.56,2,-67.1,10.0,48.61,0.4149,0.3662,LOCAL
9150,"Day 7, 08:30",58.48,6.55,46.83,7.74,7,-66.8,12.4,53.64,0.6113,0.5334,LOCAL
9151,"Day 7, 08:31",55.42,6.63,34.9,6.83,1,-66.3,10.0,57.16,0.3641,0.5493,LOCAL
9152,"Day 7, 08:32",60.73,6.66,47.98,6.19,10,-65.8,10.0,52.02,0.7169,0.4688,LOCAL
9153,"Day 7, 08:33",57.59,6.74,35.1,2.42,2,-65.9,10.0,53.67,0.3964,0.3939,LOCAL
9154,"Day 7, 08:34",61.54,6.81,30.65,3.62,6,-63.6,10.0,50.55,0.5148,0.3881,LOCAL
9155,"Day 7, 08:35",57.02,6.9,27.29,6.01,2,-61.5,10.0,47.65,0.3696,0.4178,LOCAL
9156,"Day 7, 08:36",61.75,6.97,34.03,8.25,5,-60.4,10.0,49.1,0.491,0.4884,LOCAL
9157,"Day 7, 08:37",61.4,7.02,36.41,3.49,10,-61.8,10.8,53.93,0.6748,0.426,LOCAL
9158,"Day 7, 08:38",59.44,7.12,25.38,3.3,1,-63.6,10.0,50.43,0.324,0.3788,LOCAL
9159,"Day 7, 08:39",58.2,7.18,32.13,6.81,6,-65.4,10.0,54.97,0.5244,0.5198,LOCAL
9160,"Day 7, 08:40",58.51,7.26,30.21,4.48,4,-67.4,10.0,52.13,0.4471,0.4273,LOCAL
9161,"Day 7, 08:41",60.01,7.33,34.59,5.81,5,-68.5,10.0,53.02,0.4951,0.4709,LOCAL
9162,"Day 7, 08:42",63.8,7.42,24.51,1.45,6,-70.5,10.0,52.46,0.489,0.3553,LOCAL
9163,"Day 7, 08:43",62.59,7.49,34.67,7.66,6,-72.4,10.0,56.84,0.5262,0.5657,LOCAL
9164,"Day 7, 08:44",60.86,7.57,35.74,8.53,3,-71.0,10.0,56.59,0.4274,0.5841,LOCAL
9165,"Day 7, 08:45",62.56,7.66,31.09,3.32,5,-69.2,10.0,50.96,0.4785,0.3851,LOCAL
9166,"Day 7, 08:46",61.0,7.69,45.29,6.82,9,-68.6,10.0,53.95,0.6705,0.5073,LOCAL
9167,"Day 7, 08:47",63.32,7.8,26.66,1.12,1,-70.2,10.0,50.59,0.3216,0.326,LOCAL
9168,"Day 7, 08:48",64.09,7.91,23.83,3.85,3,-71.2,10.0,52.78,0.3804,0.4191,LOCAL
9169,"Day 7, 08:49",61.41,8.02,22.47,9.62,1,-72.8,12.7,53.99,0.3095,0.5855,LOCAL
9170,"Day 7, 08:50",65.66,8.16,14.68,2.18,1,-70.5,10.0,51.06,0.2757,0.3577,LOCAL
9171,"Day 7, 08:51",62.14,8.25,20.45,2.96,6,-72.1,11.1,47.82,0.476,0.3463,LOCAL
9172,"Day 7, 08:52",61.9,8.36,20.09,7.99,2,-69.8,10.0,51.42,0.3349,0.5069,LOCAL
9173,"Day 7, 08:53",65.16,8.49,17.17,6.15,1,-69.8,10.0,53.02,0.2846,0.4794,LOCAL
9174,"Day 7, 08:54",66.76,8.56,31.24,5.0,9,-71.0,10.0,52.91,0.6114,0.4494,LOCAL
9175,"Day 7, 08:55",66.45,8.67,27.0,4.78,3,-72.8,14.4,57.38,0.3868,0.5137,LOCAL
9176,"Day 7, 08:56",65.29,8.71,51.18,6.9,10,-74.2,12.3,58.55,0.7181,0.5775,LOCAL
9177,"Day 7, 08:57",69.22,8.76,52.37,4.86,10,-74.2,11.9,54.01,0.7163,0.4645,LOCAL
9178,"Day 7, 08:58",66.01,8.79,60.45,7.28,9,-70.9,15.4,51.35,0.7144,0.5039,LOCAL
9179,"Day 7, 08:59",67.42,8.87,45.24,5.56,4,-72.3,10.0,48.03,0.4839,0.4103,LOCAL
9180,"Day 7, 09:00",67.6,8.96,41.28,5.68,4,-73.0,12.8,49.95,0.4697,0.4412,LOCAL
9181,"Day 7, 09:01",64.58,9.02,39.26,3.5,9,-73.6,10.0,53.06,0.642,0.4136,LOCAL
9182,"Day 7, 09:02",68.26,9.11,31.59,1.51,7,-73.2,10.0,52.09,0.5395,0.3526,LOCAL
9183,"Day 7, 09:03",65.85,9.21,28.16,3.28,3,-70.0,10.0,56.77,0.391,0.4553,LOCAL
9184,"Day 7, 09:04",67.65,9.26,49.15,8.14,10,-72.0,10.0,54.46,0.7067,0.5467,LOCAL
9185,"Day 7, 09:05",71.34,9.36,41.87,7.08,3,-72.0,10.0,54.47,0.4305,0.5203,LOCAL
9186,"Day 7, 09:06",67.15,9.47,36.76,7.51,2,-72.4,11.4,52.86,0.3837,0.5157,LOCAL
9187,"Day 7, 09:07",68.3,9.54,30.43,1.04,10,-73.1,10.0,51.55,0.6397,0.3346,LOCAL
9188,"Day 7, 09:08",69.65,9.68,23.24,1.83,1,-74.4,11.7,46.79,0.2974,0.3097,LOCAL
9189,"Day 7, 09:09",67.58,9.77,31.63,8.61,5,-73.0,10.2,48.41,0.4697,0.4909,LOCAL
9190,"Day 7, 09:10",67.71,9.86,28.37,3.28,7,-73.1,11.0,45.11,0.5279,0.3282,LOCAL
9191,"Day 7, 09:11",67.59,9.99,23.27,5.59,2,-73.6,14.7,42.59,0.3351,0.3744,LOCAL
9192,"Day 7, 09:12",69.64,10.04,52.03,9.18,10,-73.7,10.0,45.32,0.7126,0.4748,LOCAL
9193,"Day 7, 09:13",67.92,10.09,50.9,4.3,8,-70.5,13.9,41.85,0.6411,0.3335,LOCAL
9194,"Day 7, 09:14",71.1,10.14,61.02,7.35,9,-72.1,10.9,42.68,0.7067,0.4083,LOCAL
9195,"Day 7, 09:15",70.34,10.21,50.78,5.58,6,-72.7,12.6,45.07,0.5669,0.3898,LOCAL
9196,"Day 7, 09:16",68.74,10.26,58.0,8.59,8,-71.3,11.5,41.98,0.6645,0.4351,LOCAL
9197,"Day 7, 09:17",72.77,10.34,57.47,9.07,4,-73.2,12.3,41.56,0.5165,0.4458,LOCAL
9198,"Day 7, 09:18",73.8,10.37,73.24,9.95,10,-70.7,10.0,45.13,0.7801,0.4922,LOCAL
9199,"Day 7, 09:19",75.04,10.46,56.89,5.52,4,-71.9,12.0,47.45,0.5109,0.4093,LOCAL
9200,"Day 7, 09:20",70.15,10.55,41.08,2.57,5,-71.0,10.0,46.63,0.4977,0.3218,LOCAL
9201,"Day 7, 09:21",76.02,10.69,32.73,6.32,1,-69.6,11.5,42.54,0.3195,0.3831,LOCAL
9202,"Day 7, 09:22",72.95,10.83,27.98,5.96,2,-69.0,10.0,45.05,0.3423,0.3918,LOCAL
9203,"Day 7, 09:23",73.64,10.9,46.37,7.08,9,-67.8,10.0,45.98,0.6505,0.4284,LOCAL
9204,"Day 7, 09:24",71.25,10.96,57.67,8.51,8,-66.7,10.0,41.74,0.6585,0.4268,LOCAL
9205,"Day 7, 09:25",75.15,11.06,46.68,4.61,5,-68.7,11.2,44.37,0.5091,0.3554,LOCAL
9206,"Day 7, 09:26",72.61,11.14,49.94,8.74,6,-69.1,11.3,42.99,0.5592,0.4469,LOCAL
9207,"Day 7, 09:27",73.77,11.26,35.14,3.36,3,-69.6,10.0,40.93,0.4004,0.2914,LOCAL
9208,"Day 7, 09:28",74.09,11.37,37.93,7.25,5,-69.3,10.0,39.95,0.4796,0.3809,LOCAL
9209,"Day 7, 09:29",73.02,11.48,37.02,6.07,4,-71.1,10.0,44.77,0.4428,0.392,LOCAL
9210,"Day 7, 09:30",78.13,11.58,31.88,2.49,9,-68.5,10.0,42.0,0.592,0.2784,LOCAL
9211,"Day 7, 09:31",74.4,11.73,23.43,2.84,1,-67.2,10.0,41.41,0.2878,0.2823,LOCAL
9212,"Day 7, 09:32",75.72,11.83,32.22,4.14,9,-65.5,10.0,38.27,0.5964,0.2902,LOCAL
9213,"Day 7, 09:33",78.11,11.96,35.78,7.44,4,-66.4,10.0,37.97,0.4301,0.3705,LOCAL
9214,"Day 7, 09:34",79.11,12.03,58.55,9.69,9,-65.4,10.0,41.49,0.6832,0.4542,LOCAL
9215,"Day 7, 09:35",79.57,12.08,73.8,8.9,10,-65.8,10.0,42.04,0.7708,0.439,LOCAL
9216,"Day 7, 09:36",79.52,12.2,51.58,4.14,3,-67.8,10.2,39.08,0.448,0.2968,LOCAL
9217,"Day 7, 09:37",77.54,12.25,68.49,9.37,9,-67.9,10.0,39.77,0.72,0.4325,LOCAL
9218,"Day 7, 09:38",76.37,12.34,51.5,2.52,6,-66.5,10.0,39.38,0.5572,0.2582,LOCAL
9219,"Day 7, 09:39",77.92,12.44,49.89,7.4,6,-68.3,10.5,41.18,0.5491,0.3957,LOCAL
9220,"Day 7, 09:40",79.66,12.55,43.35,3.76,7,-66.1,10.0,42.53,0.5584,0.3146,LOCAL
9221,"Day 7, 09:41",75.52,12.64,39.43,2.87,8,-65.2,10.0,40.0,0.5857,0.2717,LOCAL
9222,"Day 7, 09:42",77.96,12.76,36.75,3.66,6,-67.2,10.0,45.17,0.5025,0.3354,LOCAL
9223,"Day 7, 09:43",80.18,12.9,29.38,5.98,3,-65.3,10.0,44.1,0.3682,0.3838,LOCAL
9224,"Day 7, 09:44",79.24,13.01,37.73,5.06,9,-66.6,10.0,41.93,0.6087,0.3421,LOCAL
9225,"Day 7, 09:45",77.92,13.11,38.53,4.19,7,-67.0,10.7,40.27,0.5433,0.309,LOCAL
9226,"Day 7, 09:46",78.26,13.25,33.6,5.81,3,-68.2,10.0,45.55,0.3853,0.3926,LOCAL
9227,"Day 7, 09:47",81.37,13.42,23.99,2.53,1,-67.2,10.0,50.6,0.2768,0.3614,LOCAL
9228,"Day 7, 09:48",80.1,13.53,43.6,8.39,7,-66.9,10.5,51.74,0.5572,0.5221,LOCAL
9229,"Day 7, 09:49",80.22,13.6,56.29,6.74,10,-68.9,11.4,54.53,0.7063,0.5166,LOCAL
9230,"Day 7, 09:50",78.56,13.69,54.76,8.25,6,-70.1,10.0,50.34,0.5633,0.5016,LOCAL
9231,"Day 7, 09:51",77.78,13.77,51.28,3.55,10,-69.8,10.0,47.38,0.6922,0.3535,LOCAL
9232,"Day 7, 09:52",78.04,13.9,42.79,9.44,2,-67.0,11.4,49.4,0.3819,0.5253,LOCAL
9233,"Day 7, 09:53",80.18,14.06,28.44,1.43,1,-68.4,10.6,52.64,0.2932,0.3586,LOCAL
9234,"Day 7, 09:54",81.35,14.2,29.78,5.94,4,-70.5,10.0,55.63,0.4009,0.5066,LOCAL
9235,"Day 7, 09:55",83.17,14.29,54.12,7.87,10,-67.8,10.0,53.52,0.6932,0.5285,LOCAL
9236,"Day 7, 09:56",84.14,14.43,40.05,4.53,3,-69.5,10.0,50.1,0.3973,0.406,LOCAL
9237,"Day 7, 09:57",79.29,14.53,40.08,3.46,9,-69.4,10.0,52.25,0.6145,0.4032,LOCAL
9238,"Day 7, 09:58",84.84,14.71,25.21,4.89,1,-68.8,10.0,48.05,0.2739,0.3937,LOCAL
9239,"Day 7, 09:59",81.27,14.84,25.43,1.69,8,-66.3,10.0,43.47,0.5248,0.2709,LOCAL
9240,"Day 7, 10:00",82.06,14.98,32.33,5.65,6,-67.9,10.0,46.71,0.4776,0.3996,LOCAL
9241,"Day 7, 10:01",81.66,15.1,36.19,6.95,6,-66.7,10.0,46.18,0.4915,0.427,LOCAL
9242,"Day 7, 10:02",84.93,15.25,40.04,9.63,4,-68.4,10.0,51.7,0.4299,0.5511,LOCAL
9243,"Day 7, 10:03",80.03,15.4,31.31,6.06,1,-69.6,10.0,47.64,0.3015,0.4189,LOCAL
9244,"Day 7, 10:04",85.31,15.54,38.41,9.39,5,-69.3,10.0,44.31,0.4582,0.4709,LOCAL
9245,"Day 7, 10:05",82.2,15.69,29.45,2.02,3,-67.4,10.0,48.96,0.3613,0.3312,LOCAL
9246,"Day 7, 10:06",82.5,15.86,24.26,2.55,2,-69.2,10.0,47.88,0.3074,0.3335,LOCAL
9247,"Day 7, 10:07",86.02,15.97,48.19,8.18,10,-71.1,11.3,48.17,0.6657,0.4808,LOCAL
9248,"Day 7, 10:08",85.16,16.07,43.35,3.42,10,-68.4,10.0,45.0,0.6499,0.3278,LOCAL
9249,"Day 7, 10:09",86.86,16.25,25.04,1.1,2,-69.9,10.0,46.1,0.303,0.28,LOCAL
9250,"Day 7, 10:10",81.69,16.38,32.95,5.21,7,-69.1,10.0,50.89,0.5132,0.4316,LOCAL
9251,"Day 7, 10:11",83.56,16.5,33.45,2.61,9,-70.3,10.3,51.21,0.582,0.371,LOCAL
9252,"Day 7, 10:12",83.33,16.65,29.62,2.18,4,-67.8,10.0,51.46,0.3937,0.3622,LOCAL
9253,"Day 7, 10:13",83.38,16.81,31.28,8.12,3,-65.6,10.0,50.99,0.3642,0.5055,LOCAL
9254,"Day 7, 10:14",85.64,16.93,43.06,6.91,7,-63.9,10.0,52.34,0.5418,0.4905,LOCAL
9255,"Day 7, 10:15",86.47,17.06,46.15,9.2,5,-65.9,10.0,56.38,0.4812,0.598,LOCAL
9256,"Day 7, 10:16",84.68,17.17,55.44,9.32,6,-68.3,10.0,59.04,0.5512,0.6386,LOCAL
9257,"Day 7, 10:17",85.2,17.26,61.8,6.6,9,-69.5,10.0,57.42,0.6776,0.5472,LOCAL
9258,"Day 7, 10:18",84.25,17.38,47.25,2.78,6,-70.2,10.0,53.26,0.5229,0.3981,LOCAL
9259,"Day 7, 10:19",83.2,17.49,43.02,1.94,9,-71.0,10.0,57.27,0.6145,0.4286,LOCAL
9260,"Day 7, 10:20",84.64,17.62,36.15,2.46,7,-71.3,10.0,58.55,0.5181,0.4598,LOCAL
9261,"Day 7, 10:21",83.74,17.74,49.38,9.26,6,-70.9,10.0,55.81,0.5306,0.592,LOCAL
9262,"Day 7, 10:22",85.17,17.85,46.83,4.85,7,-68.7,10.0,58.26,0.5544,0.5153,LOCAL
9263,"Day 7, 10:23",87.55,17.97,43.1,3.26,9,-66.0,10.0,58.76,0.6076,0.4829,LOCAL
9264,"Day 7, 10:24",87.53,18.15,32.18,8.43,1,-65.8,10.9,61.42,0.2891,0.6559,LOCAL
9265,"Day 7, 10:25",85.39,18.32,26.51,3.96,2,-63.9,10.7,57.33,0.3072,0.482,LOCAL
9266,"Day 7, 10:26",89.3,18.51,21.35,5.64,2,-64.2,10.5,58.19,0.283,0.5354,LOCAL
9267,"Day 7, 10:27",85.57,18.66,21.59,1.4,8,-64.4,10.0,55.59,0.4992,0.3926,LOCAL
9268,"Day 7, 10:28",87.7,18.83,26.86,6.04,4,-63.7,10.0,52.88,0.3742,0.475,LOCAL
9269,"Day 7, 10:29",87.92,18.98,37.07,8.46,5,-64.4,10.0,51.85,0.4444,0.5236,LOCAL
9270,"Day 7, 10:30",87.23,19.14,32.89,2.74,5,-65.7,10.6,55.85,0.4306,0.4312,LOCAL
9271,"Day 7, 10:31",85.03,19.26,32.55,1.74,10,-66.9,10.0,51.57,0.6075,0.3524,LOCAL
9272,"Day 7, 10:32",87.53,19.44,27.54,5.19,1,-68.2,10.0,49.41,0.2709,0.4151,LOCAL
9273,"Day 7, 10:33",86.03,19.61,27.94,6.54,3,-65.5,10.0,44.78,0.3443,0.4038,LOCAL
9274,"Day 7, 10:34",90.09,19.79,24.3,6.99,3,-67.8,10.0,40.72,0.3252,0.3805,LOCAL
9275,"Day 7, 10:35",89.7,19.93,36.33,5.24,8,-67.6,10.0,38.19,0.5427,0.3172,LOCAL
9276,"Day 7, 10:36",91.21,20.04,57.84,7.28,10,-67.0,10.0,40.72,0.6856,0.3877,LOCAL
9277,"Day 7, 10:37",90.27,20.16,49.23,4.57,9,-69.0,10.0,44.19,0.6217,0.3493,LOCAL
9278,"Day 7, 10:38",89.23,20.25,64.91,9.7,9,-69.8,10.0,41.33,0.6779,0.4532,LOCAL
9279,"Day 7, 10:39",87.14,20.36,59.27,5.63,8,-70.8,14.4,39.37,0.6262,0.3484,LOCAL
9280,"Day 7, 10:40",91.77,20.5,51.14,5.96,5,-70.4,11.1,43.71,0.4856,0.383,LOCAL
9281,"Day 7, 10:41",91.15,20.67,38.98,7.08,2,-70.7,11.1,39.67,0.3387,0.3776,LOCAL
9282,"Day 7, 10:42",87.63,20.81,37.28,4.02,6,-70.2,10.0,38.79,0.4778,0.2912,LOCAL
9283,"Day 7, 10:43",91.23,20.96,39.47,5.26,7,-70.9,10.0,38.91,0.5149,0.3231,LOCAL
9284,"Day 7, 10:44",90.82,21.15,30.99,9.05,1,-70.3,10.0,42.59,0.2755,0.4474,LOCAL
9285,"Day 7, 10:45",90.07,21.35,21.85,4.01,1,-67.9,10.0,41.67,0.2443,0.3137,LOCAL
9286,"Day 7, 10:46",89.13,21.51,32.65,7.46,5,-65.8,10.0,45.75,0.4233,0.4357,LOCAL
9287,"Day 7, 10:47",90.38,21.65,33.4,3.38,9,-66.8,10.0,49.61,0.5639,0.3721,LOCAL
9288,"Day 7, 10:48",92.02,21.82,30.26,5.27,5,-64.5,10.0,46.0,0.4102,0.3833,LOCAL
9289,"Day 7, 10:49",89.62,21.97,34.14,4.23,7,-66.0,10.0,47.09,0.4971,0.3678,LOCAL
9290,"Day 7, 10:50",88.89,22.16,26.77,3.71,1,-65.5,10.0,44.34,0.2621,0.3291,LOCAL
9291,"Day 7, 10:51",90.53,22.32,34.82,7.57,5,-64.1,10.0,44.77,0.4276,0.4295,LOCAL
9292,"Day 7, 10:52",89.6,22.46,38.54,5.44,7,-63.4,10.0,45.6,0.5118,0.3838,LOCAL
9293,"Day 7, 10:53",89.67,22.59,50.49,9.86,6,-65.6,11.5,50.54,0.5183,0.5483,LOCAL
9294,"Day 7, 10:54",91.75,22.77,35.74,3.71,2,-63.4,10.0,45.76,0.3233,0.3421,LOCAL
9295,"Day 7, 10:55",92.83,22.97,28.77,8.78,1,-65.8,10.0,49.25,0.262,0.5033,LOCAL
9296,"Day 7, 10:56",89.08,23.09,46.43,8.42,8,-63.9,10.0,52.74,0.5742,0.5329,LOCAL
9297,"Day 7, 10:57",92.86,23.25,45.56,7.26,5,-61.7,10.0,48.04,0.4603,0.4529,LOCAL
9298,"Day 7, 10:58",88.78,23.35,57.42,6.18,10,-60.8,10.0,45.66,0.6828,0.4028,LOCAL
9299,"Day 7, 10:59",90.66,23.49,46.3,3.75,6,-63.1,10.0,44.97,0.5008,0.3358,LOCAL
9300,"Day 7, 11:00",94.06,23.61,59.86,9.1,8,-64.5,10.0,41.04,0.613,0.4358,LOCAL
9301,"Day 7, 11:01",94.65,23.73,57.61,6.11,8,-62.6,10.0,45.92,0.604,0.4036,LOCAL
9302,"Day 7, 11:02",92.2,23.86,49.35,2.49,10,-63.3,10.0,48.27,0.6487,0.336,LOCAL
9303,"Day 7, 11:03",90.73,24.01,41.95,2.24,5,-64.8,10.0,48.15,0.4497,0.3284,LOCAL
9304,"Day 7, 11:04",93.72,24.17,39.52,4.16,5,-64.6,10.0,44.2,0.4365,0.3391,LOCAL
9305,"Day 7, 11:05",93.94,24.36,33.91,6.38,2,-66.1,10.2,45.12,0.3112,0.4034,LOCAL
9306,"Day 7, 11:06",91.25,24.51,40.43,6.62,5,-66.0,10.0,48.1,0.4429,0.4374,LOCAL
9307,"Day 7, 11:07",93.78,24.69,36.89,5.04,4,-67.3,10.0,44.44,0.3914,0.3633,LOCAL
9308,"Day 7, 11:08",89.58,24.79,57.7,7.57,9,-64.8,10.0,49.42,0.6454,0.4747,LOCAL
9309,"Day 7, 11:09",89.75,24.93,41.47,1.44,7,-63.6,10.7,54.19,0.5181,0.3777,LOCAL
9310,"Day 7, 11:10",94.68,25.06,51.61,5.66,9,-65.9,10.0,48.64,0.616,0.419,LOCAL
9311,"Day 7, 11:11",94.12,25.24,44.42,9.59,2,-64.5,10.0,53.21,0.3464,0.5677,LOCAL
9312,"Day 7, 11:12",94.74,25.39,33.97,1.25,10,-62.8,10.0,49.33,0.5887,0.3158,LOCAL
9313,"Day 7, 11:13",91.4,25.53,34.34,4.0,8,-63.4,10.0,46.4,0.5248,0.3554,LOCAL
9314,"Day 7, 11:14",95.34,25.74,26.47,5.58,2,-63.4,10.0,51.06,0.281,0.4427,LOCAL
9315,"Day 7, 11:15",94.44,25.88,35.99,3.62,10,-64.0,10.0,55.88,0.5955,0.4519,LOCAL
9316,"Day 7, 11:16",90.46,26.03,36.53,4.19,8,-63.6,10.0,50.49,0.5331,0.4017,LOCAL
9317,"Day 7, 11:17",94.1,26.19,40.88,7.36,5,-64.2,10.0,49.89,0.4377,0.4745,LOCAL
9318,"Day 7, 11:18",94.18,26.35,41.96,5.39,6,-64.9,10.0,45.49,0.4761,0.3815,LOCAL
9319,"Day 7, 11:19",95.65,26.53,38.11,8.39,3,-67.3,10.0,41.77,0.3551,0.4241,LOCAL
9320,"Day 7, 11:20",93.51,26.68,31.69,1.73,10,-67.6,10.4,46.7,0.5807,0.3027,LOCAL
9321,"Day 7, 11:21",92.31,26.86,28.43,2.28,4,-66.3,10.6,50.04,0.3607,0.3508,LOCAL
9322,"Day 7, 11:22",95.25,26.99,44.98,6.17,10,-65.2,10.0,53.67,0.6241,0.4877,LOCAL
9323,"Day 7, 11:23",94.0,27.16,43.12,8.87,4,-66.4,10.0,52.34,0.4092,0.5394,LOCAL
9324,"Day 7, 11:24",95.91,27.36,30.17,7.19,1,-64.5,10.0,55.61,0.2557,0.5376,LOCAL
9325,"Day 7, 11:25",94.2,27.5,39.08,4.63,10,-66.0,10.0,53.53,0.6042,0.4475,LOCAL
9326,"Day 7, 11:26",94.78,27.7,30.79,3.61,1,-64.3,10.0,54.43,0.259,0.4331,LOCAL
9327,"Day 7, 11:27",95.23,27.87,39.4,8.11,5,-63.1,11.1,57.71,0.4282,0.5922,LOCAL
9328,"Day 7, 11:28",94.29,28.03,32.92,1.99,8,-61.0,10.0,52.49,0.5117,0.3692,LOCAL
9329,"Day 7, 11:29",96.76,28.23,26.72,5.14,3,-62.9,10.0,48.43,0.311,0.4038,LOCAL
9330,"Day 7, 11:30",96.63,28.38,44.45,6.84,8,-64.3,10.0,47.14,0.5481,0.4335,LOCAL
9331,"Day 7, 11:31",92.98,28.56,35.93,1.79,3,-66.4,10.0,43.35,0.3484,0.2724,LOCAL
9332,"Day 7, 11:32",92.52,28.76,24.5,2.18,1,-68.5,10.0,45.98,0.2388,0.3059,LOCAL
9333,"Day 7, 11:33",95.74,28.97,17.05,2.24,3,-69.6,10.0,42.32,0.2776,0.2748,LOCAL
9334,"Day 7, 11:34",93.13,29.17,23.69,8.01,3,-67.7,10.0,41.68,0.3045,0.4137,LOCAL
9335,"Day 7, 11:35",95.17,29.32,37.89,7.37,8,-66.5,10.0,46.13,0.5259,0.437,LOCAL
9336,"Day 7, 11:36",97.29,29.47,46.21,6.56,8,-68.1,10.0,48.33,0.5516,0.4383,LOCAL
9337,"Day 7, 11:37",96.74,29.6,54.43,5.17,10,-69.2,12.2,44.35,0.651,0.3719,LOCAL
9338,"Day 7, 11:38",96.34,29.76,53.77,8.46,4,-66.8,10.0,46.99,0.4391,0.4725,LOCAL
9339,"Day 7, 11:39",96.47,29.95,39.42,7.93,2,-65.9,10.0,48.67,0.3183,0.476,LOCAL
9340,"Day 7, 11:40",94.09,30.14,31.59,7.0,2,-65.0,10.0,45.32,0.2942,0.4202,LOCAL
9341,"Day 7, 11:41",94.15,30.33,26.74,3.88,3,-63.5,10.0,48.6,0.3119,0.374,LOCAL
9342,"Day 7, 11:42",95.08,30.49,38.69,5.57,8,-63.8,10.0,47.59,0.5271,0.4061,OFFLOAD
9343,"Day 7, 11:43",96.62,30.7,29.2,9.19,1,-65.3,10.0,48.27,0.2462,0.5034,LOCAL
9344,"Day 7, 11:44",92.54,30.85,37.14,7.27,7,-65.4,10.0,52.83,0.4899,0.5052,LOCAL
9345,"Day 7, 11:45",93.76,31.01,41.8,6.53,6,-66.9,10.0,50.66,0.4691,0.4621,LOCAL
9346,"Day 7, 11:46",93.69,31.16,36.86,2.99,8,-67.7,10.0,54.94,0.5217,0.424,OFFLOAD
9347,"Day 7, 11:47",95.6,31.37,29.93,2.91,6,-68.4,10.0,51.37,0.4243,0.3794,LOCAL
9348,"Day 7, 11:48",93.08,31.52,30.61,2.54,9,-67.5,10.0,50.6,0.5352,0.3616,LOCAL
9349,"Day 7, 11:49",94.72,31.68,38.62,5.91,7,-66.2,10.0,48.91,0.4906,0.428,OFFLOAD
9350,"Day 7, 11:50",97.82,31.89,33.87,8.57,3,-67.8,10.0,46.97,0.329,0.4751,LOCAL
9351,"Day 7, 11:51",97.3,32.07,33.01,4.38,6,-67.8,10.0,48.71,0.4315,0.3876,LOCAL
9352,"Day 7, 11:52",93.63,32.24,30.98,2.03,7,-69.0,10.0,50.71,0.4646,0.3501,OFFLOAD
9353,"Day 7, 11:53",95.15,32.45,26.12,1.25,7,-67.2,10.0,53.94,0.445,0.368,OFFLOAD
9354,"Day 7, 11:54",96.36,32.66,27.01,2.43,10,-67.7,10.0,55.17,0.551,0.4129,LOCAL
9355,"Day 7, 11:55",92.04,32.8,44.42,6.85,8,-68.7,10.0,50.69,0.5482,0.4703,LOCAL
9356,"Day 7, 11:56",94.93,33.0,30.48,4.06,2,-68.8,10.0,50.84,0.2848,0.4023,LOCAL
9357,"Day 7, 11:57",93.94,33.17,30.97,2.78,5,-69.8,10.0,45.72,0.3927,0.3184,OFFLOAD
9358,"Day 7, 11:58",94.0,33.38,24.78,2.72,2,-70.3,10.0,42.87,0.2656,0.2916,LOCAL
9359,"Day 7, 11:59",94.97,33.57,32.56,9.86,4,-69.4,10.0,42.37,0.3612,0.4658,LOCAL
9360,"Day 7, 12:00",96.02,33.71,48.7,8.04,8,-66.9,10.0,44.66,0.5558,0.4403,LOCAL
9361,"Day 7, 12:01",94.9,33.84,56.29,7.57,8,-64.9,10.0,49.47,0.5839,0.4753,OFFLOAD
9362,"Day 7, 12:02",95.53,34.03,40.15,1.56,4,-65.6,10.0,48.02,0.3862,0.3101,OFFLOAD
9363,"Day 7, 12:03",96.36,34.25,24.98,1.82,1,-65.3,10.0,46.28,0.2265,0.2998,LOCAL
9364,"Day 7, 12:04",92.43,34.41,35.79,6.41,7,-63.8,10.0,46.79,0.48,0.4193,OFFLOAD
9365,"Day 7, 12:05",93.6,34.58,50.46,7.72,9,-62.0,10.0,43.63,0.5994,0.4231,OFFLOAD
9366,"Day 7, 12:06",96.56,34.78,41.24,4.48,3,-64.7,10.0,46.63,0.3523,0.3696,LOCAL
9367,"Day 7, 12:07",93.19,34.9,58.57,8.94,8,-64.1,10.0,45.44,0.5929,0.4698,OFFLOAD
9368,"Day 7, 12:08",95.6,35.09,38.15,1.49,3,-65.7,12.5,43.73,0.3425,0.2754,OFFLOAD
9369,"Day 7, 12:09",92.77,35.3,27.28,5.26,1,-66.3,10.0,44.44,0.2384,0.3687,LOCAL
9370,"Day 7, 12:10",96.74,35.52,20.13,6.69,1,-64.9,10.0,40.93,0.2071,0.3747,LOCAL
9371,"Day 7, 12:11",97.1,35.7,31.81,6.69,6,-67.4,10.0,46.66,0.4222,0.4251,LOCAL
9372,"Day 7, 12:12",92.25,35.84,43.29,7.75,7,-68.7,10.0,49.94,0.5044,0.4848,LOCAL
9373,"Day 7, 12:13",96.96,35.97,60.58,8.85,8,-69.5,10.0,52.87,0.5926,0.5451,LOCAL
9374,"Day 7, 12:14",97.7,36.15,45.5,7.29,2,-68.3,10.0,57.17,0.3285,0.561,LOCAL
9375,"Day 7, 12:15",96.1,36.34,35.8,6.75,3,-67.7,10.0,59.7,0.3316,0.5842,LOCAL
9376,"Day 7, 12:16",97.11,36.53,32.44,5.77,4,-66.4,10.0,58.71,0.3531,0.5449,LOCAL
9377,"Day 7, 12:17",93.32,36.71,32.74,8.83,3,-64.5,10.0,62.36,0.3246,0.679,LOCAL
9378,"Day 7, 12:18",94.05,36.86,40.8,5.03,8,-65.1,10.0,59.15,0.5264,0.5329,LOCAL
9379,"Day 7, 12:19",93.88,37.02,40.69,6.75,5,-63.3,10.0,52.81,0.4211,0.492,LOCAL
9380,"Day 7, 12:20",95.38,37.17,48.9,8.07,6,-64.6,10.0,51.81,0.4823,0.5133,LOCAL
9381,"Day 7, 12:21",95.29,37.3,57.97,6.75,9,-65.8,10.1,54.76,0.619,0.516,OFFLOAD
9382,"Day 7, 12:22",97.04,37.46,63.26,7.15,10,-65.3,10.0,51.0,0.6696,0.4813,OFFLOAD
9383,"Day 7, 12:23",95.0,37.62,63.48,8.48,6,-66.5,10.0,52.19,0.5333,0.5279,LOCAL
9384,"Day 7, 12:24",94.12,37.76,59.89,5.94,6,-68.6,10.0,48.27,0.5218,0.4222,OFFLOAD
9385,"Day 7, 12:25",96.16,37.95,43.49,4.1,2,-69.5,10.0,53.0,0.3211,0.428,LOCAL
9386,"Day 7, 12:26",95.49,38.13,37.25,5.87,3,-67.4,10.0,55.08,0.3349,0.4978,LOCAL
9387,"Day 7, 12:27",92.04,38.28,27.65,1.16,10,-67.5,10.1,51.26,0.5513,0.3349,OFFLOAD
9388,"Day 7, 12:28",96.58,38.47,43.56,6.99,8,-69.1,10.0,50.48,0.5299,0.4716,OFFLOAD
9389,"Day 7, 12:29",92.31,38.67,31.6,1.63,4,-68.7,10.0,55.36,0.3541,0.3953,LOCAL
9390,"Day 7, 12:30",93.38,38.83,31.57,3.39,7,-69.1,10.0,56.68,0.4572,0.4569,LOCAL
9391,"Day 7, 12:31",93.58,39.04,21.95,1.84,2,-69.6,10.0,60.6,0.2479,0.4754,LOCAL
9392,"Day 7, 12:32",93.24,39.19,34.36,5.72,9,-67.5,10.0,57.94,0.5366,0.5325,LOCAL
9393,"Day 7, 12:33",95.3,39.39,29.39,8.97,1,-66.3,10.0,59.46,0.2358,0.636,LOCAL
9394,"Day 7, 12:34",96.77,39.54,47.05,8.6,8,-64.0,10.0,58.66,0.5402,0.6149,LOCAL
9395,"Day 7, 12:35",96.46,39.74,34.26,5.15,1,-61.8,10.0,60.51,0.2506,0.5568,LOCAL
9396,"Day 7, 12:36",94.52,39.92,32.34,9.34,3,-62.7,10.0,55.63,0.3165,0.5916,LOCAL
9397,"Day 7, 12:37",94.11,40.13,28.19,6.5,1,-63.1,10.0,55.17,0.2323,0.5147,LOCAL
9398,"Day 7, 12:38",91.29,40.31,27.38,4.15,4,-61.4,10.0,52.26,0.3384,0.4206,LOCAL
9399,"Day 7, 12:39",92.61,40.47,34.43,6.98,5,-64.0,10.0,54.88,0.3959,0.5229,LOCAL
9400,"Day 7, 12:40",91.83,40.59,48.19,6.71,10,-65.6,10.0,53.88,0.62,0.5038,OFFLOAD
9401,"Day 7, 12:41",94.54,40.77,51.33,5.19,9,-64.9,10.2,55.37,0.5917,0.4851,OFFLOAD
9402,"Day 7, 12:42",94.54,40.96,43.9,7.55,4,-65.0,10.0,52.16,0.3904,0.5044,LOCAL
9403,"Day 7, 12:43",95.81,41.1,47.08,5.47,8,-63.2,10.0,56.75,0.5394,0.5097,LOCAL
9404,"Day 7, 12:44",92.17,41.27,33.33,1.33,4,-63.8,10.0,53.46,0.3565,0.3642,LOCAL
9405,"Day 7, 12:45",92.13,41.41,47.81,9.68,7,-62.8,10.0,54.77,0.512,0.589,LOCAL
9406,"Day 7, 12:46",95.82,41.55,49.65,5.14,9,-64.4,10.0,50.25,0.5827,0.4229,OFFLOAD
9407,"Day 7, 12:47",95.29,41.75,34.22,1.51,5,-64.3,10.1,48.0,0.3892,0.309,OFFLOAD
9408,"Day 7, 12:48",92.11,41.95,29.67,7.57,2,-65.7,10.0,43.61,0.2727,0.4191,LOCAL
9409,"Day 7, 12:49",90.19,42.11,24.98,1.51,8,-66.4,10.0,40.61,0.469,0.2426,OFFLOAD
9410,"Day 7, 12:50",89.76,42.3,25.16,9.57,2,-68.2,10.0,46.7,0.26,0.4975,LOCAL
9411,"Day 7, 12:51",90.94,42.49,25.98,9.94,2,-66.4,10.0,43.88,0.2608,0.4808,LOCAL
9412,"Day 7, 12:52",92.19,42.68,20.75,2.67,5,-65.1,10.0,40.27,0.3453,0.2689,OFFLOAD
9413,"Day 7, 12:53",95.4,42.9,19.99,6.77,1,-64.5,10.0,39.52,0.1975,0.3655,LOCAL
9414,"Day 7, 12:54",94.89,43.12,15.26,1.52,2,-63.8,10.0,36.71,0.2164,0.2133,LOCAL
9415,"Day 7, 12:55",92.97,43.34,12.68,3.11,1,-62.0,10.0,39.09,0.1749,0.2707,LOCAL
9416,"Day 7, 12:56",90.36,43.48,37.2,7.44,8,-60.1,10.0,38.37,0.5094,0.3735,OFFLOAD
9417,"Day 7, 12:57",92.37,43.67,34.88,3.89,6,-59.1,10.0,39.8,0.428,0.2957,OFFLOAD
9418,"Day 7, 12:58",93.21,43.88,27.15,1.34,4,-61.5,10.0,42.88,0.3294,0.2571,OFFLOAD
9419,"Day 7, 12:59",92.74,44.08,26.72,1.83,4,-63.2,10.0,39.8,0.3283,0.2442,OFFLOAD
9420,"Day 7, 13:00",88.93,44.26,36.02,4.43,6,-64.9,10.0,39.86,0.4363,0.3097,OFFLOAD
9421,"Day 7, 13:01",91.46,44.44,40.22,6.95,5,-65.8,10.0,37.88,0.4119,0.3576,OFFLOAD
9422,"Day 7, 13:02",91.78,44.62,43.4,5.69,7,-63.5,10.0,34.96,0.4923,0.3053,OFFLOAD
9423,"Day 7, 13:03",93.93,44.78,65.45,9.68,9,-62.1,10.0,33.12,0.636,0.3928,OFFLOAD
9424,"Day 7, 13:04",90.2,44.95,40.88,1.5,3,-62.6,10.0,32.13,0.3454,0.1819,OFFLOAD
9425,"Day 7, 13:05",93.92,45.14,44.21,6.98,5,-62.7,10.0,30.69,0.4212,0.3099,OFFLOAD
9426,"Day 7, 13:06",90.92,45.31,48.72,5.98,7,-61.1,10.0,36.95,0.5112,0.3265,OFFLOAD
9427,"Day 7, 13:07",91.71,45.48,48.05,3.67,10,-61.6,10.0,35.6,0.6124,0.2592,OFFLOAD
9428,"Day 7, 13:08",91.72,45.65,45.12,5.12,7,-61.3,10.0,39.61,0.4969,0.325,OFFLOAD
9429,"Day 7, 13:09",88.84,45.82,42.26,5.61,4,-61.1,10.0,37.77,0.3859,0.3233,OFFLOAD
9430,"Day 7, 13:10",88.93,46.01,30.01,5.89,1,-60.1,10.0,39.98,0.2376,0.3471,LOCAL
9431,"Day 7, 13:11",90.82,46.12,56.79,9.48,10,-60.1,10.0,41.26,0.6434,0.4471,OFFLOAD
9432,"Day 7, 13:12",87.6,46.29,39.41,8.95,1,-62.3,10.0,40.41,0.2721,0.427,LOCAL
9433,"Day 7, 13:13",91.97,46.41,51.29,6.59,9,-62.0,10.0,38.91,0.5869,0.3563,OFFLOAD
9434,"Day 7, 13:14",87.62,46.58,44.97,4.32,6,-61.0,10.0,43.4,0.4661,0.3361,OFFLOAD
9435,"Day 7, 13:15",88.62,46.73,51.95,4.46,10,-61.4,10.0,44.65,0.6288,0.3506,OFFLOAD
9436,"Day 7, 13:16",86.96,46.9,41.02,8.22,3,-63.2,10.0,43.36,0.3478,0.4332,LOCAL
9437,"Day 7, 13:17",92.57,47.08,27.57,1.21,4,-65.3,11.1,41.86,0.327,0.2485,OFFLOAD
9438,"Day 7, 13:18",88.18,47.28,20.16,4.85,2,-67.5,10.0,47.97,0.2374,0.3919,LOCAL
9439,"Day 7, 13:19",92.05,47.45,23.1,2.65,8,-69.2,10.0,45.49,0.4516,0.313,OFFLOAD
9440,"Day 7, 13:20",90.74,47.63,43.04,7.93,8,-67.7,10.0,43.19,0.5231,0.4245,OFFLOAD
9441,"Day 7, 13:21",90.45,47.82,31.28,5.52,1,-67.7,10.0,41.89,0.2371,0.3533,LOCAL
9442,"Day 7, 13:22",88.63,47.97,38.32,7.28,5,-66.5,10.0,46.49,0.4042,0.4382,LOCAL
9443,"Day 7, 13:23",88.23,48.1,45.61,7.29,7,-68.0,10.0,43.22,0.5001,0.4088,OFFLOAD
9444,"Day 7, 13:24",89.91,48.26,47.76,6.22,6,-68.3,10.0,47.67,0.4699,0.4232,LOCAL
9445,"Day 7, 13:25",89.88,48.39,45.62,4.15,8,-65.6,10.0,51.24,0.5323,0.4089,OFFLOAD
9446,"Day 7, 13:26",89.11,48.59,27.16,1.63,1,-66.2,10.1,55.17,0.2235,0.3933,LOCAL
9447,"Day 7, 13:27",89.24,48.73,37.14,7.03,6,-66.3,10.9,59.12,0.433,0.5851,LOCAL
9448,"Day 7, 13:28",85.9,48.86,38.92,2.45,8,-68.0,10.0,55.46,0.5141,0.4171,OFFLOAD
9449,"Day 7, 13:29",88.15,49.05,28.32,2.74,2,-65.5,13.1,57.16,0.2633,0.456,LOCAL
9450,"Day 7, 13:30",85.0,49.19,26.51,3.01,7,-66.2,10.0,60.89,0.4365,0.5091,LOCAL
9451,"Day 7, 13:31",85.47,49.35,26.85,4.21,5,-64.1,10.0,58.51,0.3667,0.503,LOCAL
9452,"Day 7, 13:32",86.2,49.51,31.02,4.66,5,-62.4,10.0,60.46,0.38,0.5437,LOCAL
9453,"Day 7, 13:33",87.37,49.64,38.98,4.4,8,-64.0,10.0,60.68,0.5109,0.5406,LOCAL
9454,"Day 7, 13:34",87.76,49.8,33.12,4.05,4,-63.8,10.0,63.56,0.3496,0.5803,LOCAL
9455,"Day 7, 13:35",84.81,49.96,27.96,5.24,2,-66.2,10.0,65.73,0.2657,0.6506,LOCAL
9456,"Day 7, 13:36",87.15,50.1,27.5,1.92,10,-66.6,10.0,63.59,0.5404,0.5276,LOCAL
9457,"Day 7, 13:37",87.61,50.24,31.73,3.5,8,-65.0,10.0,60.64,0.4843,0.5174,LOCAL
9458,"Day 7, 13:38",88.06,50.38,41.98,8.0,6,-65.7,10.0,63.67,0.4493,0.681,LOCAL
9459,"Day 7, 13:39",88.42,50.57,25.25,2.12,1,-67.7,10.0,57.64,0.2149,0.4383,LOCAL
9460,"Day 7, 13:40",84.23,50.72,31.06,7.06,5,-66.4,10.0,58.1,0.3813,0.5683,LOCAL
9461,"Day 7, 13:41",87.56,50.9,25.03,3.17,2,-67.7,10.0,60.15,0.2499,0.5015,LOCAL
9462,"Day 7, 13:42",86.48,51.04,27.45,2.51,9,-68.7,10.0,53.65,0.5048,0.3959,OFFLOAD
9463,"Day 7, 13:43",87.56,51.23,25.11,4.46,3,-66.7,10.0,53.46,0.2847,0.4425,LOCAL
9464,"Day 7, 13:44",85.79,51.34,48.72,9.77,7,-65.2,10.0,56.2,0.5098,0.6099,LOCAL
9465,"Day 7, 13:45",86.55,51.49,41.69,5.51,4,-63.3,10.0,53.09,0.3788,0.4642,LOCAL
9466,"Day 7, 13:46",87.52,51.64,36.52,4.28,5,-63.9,10.3,51.88,0.3941,0.4203,LOCAL
9467,"Day 7, 13:47",83.4,51.8,28.76,6.47,2,-62.3,10.0,53.51,0.2678,0.4933,LOCAL
9468,"Day 7, 13:48",81.93,51.97,19.93,1.37,3,-64.9,10.0,53.72,0.2739,0.3683,LOCAL
9469,"Day 7, 13:49",83.82,52.08,46.03,8.88,8,-62.5,10.0,51.98,0.5373,0.5355,LOCAL
9470,"Day 7, 13:50",85.72,52.24,36.42,3.66,2,-60.5,10.0,49.19,0.2905,0.3746,LOCAL
9471,"Day 7, 13:51",84.44,52.33,55.18,7.96,9,-58.6,10.0,45.64,0.603,0.4472,OFFLOAD
9472,"Day 7, 13:52",81.07,52.47,47.89,2.7,10,-59.4,10.0,46.03,0.6173,0.3193,OFFLOAD
9473,"Day 7, 13:53",85.52,52.63,46.18,4.49,9,-61.1,10.5,44.78,0.5694,0.3541,OFFLOAD
9474,"Day 7, 13:54",86.15,52.76,67.79,9.57,10,-63.9,11.8,47.84,0.6789,0.5137,OFFLOAD
9475,"Day 7, 13:55",81.94,52.89,57.54,3.34,10,-64.8,10.0,50.4,0.6491,0.3795,OFFLOAD
9476,"Day 7, 13:56",82.97,53.02,52.83,4.37,9,-66.0,10.9,51.42,0.5959,0.4191,OFFLOAD
9477,"Day 7, 13:57",80.59,53.16,49.95,7.85,5,-67.5,10.0,46.82,0.4492,0.4556,LOCAL
9478,"Day 7, 13:58",85.42,53.32,36.79,7.54,1,-66.8,10.0,47.98,0.2556,0.4593,LOCAL
9479,"Day 7, 13:59",83.89,53.45,35.68,3.26,7,-66.1,10.0,52.28,0.4639,0.3985,OFFLOAD
9480,"Day 7, 14:00",82.32,53.63,27.85,1.35,6,-68.2,10.4,56.28,0.4036,0.4016,LOCAL
9481,"Day 7, 14:01",79.74,53.79,22.56,7.34,1,-66.1,10.0,54.59,0.2137,0.5283,LOCAL
9482,"Day 7, 14:02",83.58,53.92,32.52,4.24,8,-66.1,10.0,57.84,0.4876,0.4941,LOCAL
9483,"Day 7, 14:03",79.87,54.05,38.32,8.81,4,-64.3,10.0,59.43,0.3732,0.6315,LOCAL
9484,"Day 7, 14:04",81.83,54.17,41.69,7.08,5,-66.5,10.0,56.85,0.4169,0.5514,LOCAL
9485,"Day 7, 14:05",79.93,54.24,59.28,8.14,10,-66.0,10.0,55.35,0.6562,0.5579,OFFLOAD
9486,"Day 7, 14:06",78.68,54.37,55.04,4.1,10,-64.7,10.0,53.19,0.6431,0.4302,OFFLOAD
9487,"Day 7, 14:07",81.69,54.52,41.29,7.92,1,-62.8,10.0,54.54,0.2752,0.5422,LOCAL
9488,"Day 7, 14:08",81.01,54.64,35.02,3.2,7,-61.4,10.0,52.35,0.4641,0.3978,OFFLOAD
9489,"Day 7, 14:09",82.75,54.8,36.55,2.52,9,-61.5,10.0,54.93,0.5366,0.4122,OFFLOAD
9490,"Day 7, 14:10",81.05,54.92,60.66,9.27,10,-62.3,10.0,51.02,0.6583,0.5345,LOCAL
9491,"Day 7, 14:11",77.48,55.04,43.42,3.85,3,-61.0,10.0,49.04,0.3582,0.3778,LOCAL
9492,"Day 7, 14:12",82.67,55.21,32.37,3.62,1,-61.1,10.0,53.36,0.2415,0.4202,LOCAL
9493,"Day 7, 14:13",81.69,55.37,25.24,1.68,2,-60.7,10.0,49.65,0.2528,0.33,LOCAL
9494,"Day 7, 14:14",76.72,55.49,29.5,3.84,6,-62.9,10.0,48.79,0.4149,0.375,LOCAL
9495,"Day 7, 14:15",76.69,55.64,21.05,1.02,2,-61.3,10.0,52.74,0.2452,0.3479,LOCAL
9496,"Day 7, 14:16",81.14,55.77,30.64,4.82,8,-59.4,10.0,55.62,0.4819,0.4784,LOCAL
9497,"Day 7, 14:17",76.13,55.88,32.13,5.33,7,-58.8,10.0,52.9,0.4595,0.4576,LOCAL
9498,"Day 7, 14:18",79.58,55.98,38.29,3.81,9,-59.8,10.0,51.33,0.5457,0.4015,OFFLOAD
9499,"Day 7, 14:19",80.75,56.14,34.63,4.48,5,-61.5,10.0,47.64,0.3909,0.3794,LOCAL
9500,"Day 7, 14:20",75.25,56.27,32.35,8.94,2,-61.0,10.0,44.53,0.2859,0.4616,LOCAL
9501,"Day 7, 14:21",76.42,56.39,38.61,9.47,4,-62.5,10.0,45.03,0.3759,0.4793,LOCAL
9502,"Day 7, 14:22",76.92,56.49,44.76,6.4,7,-61.9,10.0,46.17,0.5016,0.4131,OFFLOAD
9503,"Day 7, 14:23",75.08,56.6,55.21,6.63,10,-63.3,10.0,43.81,0.6457,0.3974,OFFLOAD
9504,"Day 7, 14:24",78.53,56.74,44.73,7.29,3,-64.8,10.0,48.43,0.3587,0.4576,LOCAL
9505,"Day 7, 14:25",76.73,56.82,49.78,5.29,8,-62.3,10.0,48.34,0.5539,0.4066,OFFLOAD
9506,"Day 7, 14:26",75.64,56.95,43.35,4.66,6,-60.3,10.0,46.45,0.4628,0.3723,OFFLOAD
9507,"Day 7, 14:27",77.03,57.09,41.03,5.38,4,-61.2,10.0,48.57,0.3824,0.4112,LOCAL
9508,"Day 7, 14:28",74.71,57.23,26.8,1.7,1,-62.3,10.0,51.87,0.2309,0.3548,LOCAL
9509,"Day 7, 14:29",76.86,57.32,47.91,8.77,8,-62.0,10.0,52.82,0.5464,0.5426,LOCAL
9510,"Day 7, 14:30",75.81,57.41,41.94,2.97,8,-63.4,10.0,48.16,0.527,0.3468,OFFLOAD
9511,"Day 7, 14:31",73.13,57.55,30.38,3.58,2,-62.9,10.0,48.54,0.2803,0.3659,LOCAL
9512,"Day 7, 14:32",75.4,57.71,21.66,7.85,1,-65.2,10.0,45.16,0.2112,0.44,LOCAL
9513,"Day 7, 14:33",77.37,57.85,25.4,6.49,4,-63.1,10.0,42.02,0.3261,0.3786,LOCAL
9514,"Day 7, 14:34",72.38,58.0,18.44,2.67,1,-62.6,10.0,39.47,0.204,0.2626,LOCAL
9515,"Day 7, 14:35",76.69,58.1,31.37,5.54,9,-64.7,10.0,44.46,0.5226,0.3759,OFFLOAD
9516,"Day 7, 14:36",73.92,58.24,31.8,3.19,8,-67.0,10.0,49.34,0.493,0.3645,OFFLOAD
9517,"Day 7, 14:37",73.28,58.4,20.39,1.12,2,-67.2,10.0,46.56,0.2439,0.2849,LOCAL
9518,"Day 7, 14:38",74.8,58.53,22.5,5.57,4,-67.9,10.0,44.35,0.3188,0.3757,LOCAL
9519,"Day 7, 14:39",71.59,58.68,21.36,5.65,1,-68.5,10.0,40.66,0.2144,0.3465,LOCAL
9520,"Day 7, 14:40",69.82,58.82,19.09,8.73,1,-66.6,10.0,47.04,0.2088,0.4797,LOCAL
9521,"Day 7, 14:41",72.42,58.92,25.0,2.9,9,-68.6,10.8,47.11,0.5055,0.337,OFFLOAD
9522,"Day 7, 14:42",72.12,59.06,24.81,3.7,3,-67.3,10.0,48.47,0.2951,0.3682,LOCAL
9523,"Day 7, 14:43",69.76,59.14,39.94,8.5,7,-65.8,10.0,46.19,0.4914,0.4659,LOCAL
9524,"Day 7, 14:44",74.65,59.26,30.59,2.15,6,-67.1,10.0,46.97,0.4162,0.3146,OFFLOAD
9525,"Day 7, 14:45",73.22,59.38,47.01,7.2,8,-66.0,10.0,44.51,0.5456,0.4179,OFFLOAD
9526,"Day 7, 14:46",73.11,59.5,40.01,8.06,2,-67.3,12.8,49.12,0.3111,0.4919,LOCAL
9527,"Day 7, 14:47",71.64,59.6,38.81,7.17,5,-64.7,10.0,44.65,0.414,0.4184,LOCAL
9528,"Day 7, 14:48",70.44,59.67,41.43,4.29,9,-64.8,10.0,46.23,0.5648,0.361,OFFLOAD
9529,"Day 7, 14:49",69.66,59.78,49.51,9.29,6,-64.4,10.0,50.03,0.4891,0.5242,LOCAL
9530,"Day 7, 14:50",69.37,59.86,38.96,2.67,6,-66.5,10.0,49.9,0.4525,0.3573,OFFLOAD
9531,"Day 7, 14:51",72.55,59.98,46.01,5.66,8,-64.0,10.0,54.28,0.5423,0.4824,OFFLOAD
9532,"Day 7, 14:52",70.63,60.1,43.15,5.52,5,-64.0,10.0,50.58,0.4299,0.436,LOCAL
9533,"Day 7, 14:53",71.87,60.22,30.65,1.23,2,-64.6,10.0,46.46,0.2791,0.2866,LOCAL
9534,"Day 7, 14:54",71.06,60.28,51.28,7.81,10,-65.0,10.0,46.08,0.6325,0.4476,LOCAL
9535,"Day 7, 14:55",67.98,60.38,36.74,5.28,2,-65.9,10.0,42.9,0.3061,0.3557,LOCAL
9536,"Day 7, 14:56",71.22,60.48,30.37,2.23,7,-65.7,10.0,45.1,0.4537,0.299,OFFLOAD
9537,"Day 7, 14:57",70.12,60.6,38.51,6.54,7,-66.4,10.0,41.0,0.4837,0.3714,OFFLOAD
9538,"Day 7, 14:58",67.41,60.72,37.65,8.49,3,-65.4,10.0,38.77,0.3446,0.4027,LOCAL
9539,"Day 7, 14:59",68.5,60.76,55.14,8.03,9,-63.8,10.0,36.7,0.6141,0.376,OFFLOAD
9540,"Day 7, 15:00",68.91,60.87,42.06,3.43,3,-65.8,10.0,35.54,0.3575,0.2528,OFFLOAD
9541,"Day 7, 15:01",67.6,60.98,44.91,5.22,7,-67.1,10.0,39.53,0.5093,0.3268,OFFLOAD
9542,"Day 7, 15:02",63.81,61.08,36.95,2.8,6,-68.2,10.0,45.32,0.452,0.3152,OFFLOAD
9543,"Day 7, 15:03",63.82,61.18,42.76,4.86,9,-67.3,10.0,45.5,0.5772,0.3684,OFFLOAD
9544,"Day 7, 15:04",65.84,61.27,52.38,6.55,9,-66.6,10.0,48.61,0.6077,0.4409,OFFLOAD
9545,"Day 7, 15:05",64.38,61.36,43.95,2.2,9,-64.3,10.0,44.4,0.5802,0.2919,OFFLOAD
9546,"Day 7, 15:06",63.24,61.42,68.35,8.94,10,-63.8,10.0,41.45,0.7022,0.4351,OFFLOAD
9547,"Day 7, 15:07",67.95,61.49,72.96,9.21,8,-66.2,10.0,43.89,0.6412,0.4626,OFFLOAD
9548,"Day 7, 15:08",62.0,61.56,56.5,2.65,10,-65.7,10.0,49.42,0.6624,0.3518,OFFLOAD
9549,"Day 7, 15:09",65.31,61.63,63.98,6.39,10,-63.4,10.0,51.57,0.6835,0.4686,LOCAL
9550,"Day 7, 15:10",61.61,61.68,53.58,6.65,4,-62.4,10.0,56.01,0.4426,0.5294,LOCAL
9551,"Day 7, 15:11",65.52,61.73,55.35,7.53,7,-62.2,11.3,52.94,0.5478,0.5166,LOCAL
9552,"Day 7, 15:12",61.74,61.8,41.62,3.39,4,-60.6,10.0,56.88,0.4004,0.4596,LOCAL
9553,"Day 7, 15:13",62.56,61.85,35.36,2.43,9,-63.1,10.0,56.1,0.5522,0.4251,OFFLOAD
9554,"Day 7, 15:14",61.96,61.96,32.02,2.15,9,-61.3,10.0,53.38,0.5412,0.3837,OFFLOAD
9555,"Day 7, 15:15",64.45,62.05,44.35,6.06,7,-63.3,10.0,55.85,0.5105,0.5125,LOCAL
9556,"Day 7, 15:16",60.0,62.12,38.62,4.64,4,-64.2,10.0,55.88,0.392,0.4774,LOCAL
9557,"Day 7, 15:17",60.79,62.21,33.3,8.55,2,-65.9,10.0,58.6,0.3021,0.6128,LOCAL
9558,"Day 7, 15:18",61.22,62.29,37.35,7.93,4,-64.3,10.0,62.26,0.3854,0.6548,LOCAL
9559,"Day 7, 15:19",62.82,62.38,29.67,4.16,3,-66.3,10.0,56.49,0.321,0.4735,LOCAL
9560,"Day 7, 15:20",60.23,62.44,35.92,5.29,8,-65.1,10.0,52.36,0.5217,0.4502,LOCAL
9561,"Day 7, 15:21",60.37,62.54,25.85,1.12,2,-66.7,10.0,52.25,0.2761,0.3447,LOCAL
9562,"Day 7, 15:22",58.33,62.57,42.12,8.01,8,-69.0,10.0,47.56,0.5461,0.4668,OFFLOAD
9563,"Day 7, 15:23",63.02,62.68,32.08,9.22,1,-69.4,10.0,48.44,0.2587,0.5059,LOCAL
9564,"Day 7, 15:24",57.62,62.77,25.83,9.0,2,-67.9,10.0,48.77,0.2798,0.5038,LOCAL
9565,"Day 7, 15:25",56.56,62.83,25.75,3.39,7,-68.9,10.0,51.3,0.456,0.3907,OFFLOAD
9566,"Day 7, 15:26",57.66,62.94,20.72,2.62,2,-69.9,10.0,54.81,0.2616,0.4131,LOCAL
9567,"Day 7, 15:27",57.59,63.05,14.93,3.46,1,-68.0,10.0,51.57,0.2063,0.3954,LOCAL
9568,"Day 7, 15:28",55.88,63.16,14.5,4.34,1,-65.2,10.0,51.95,0.2072,0.4217,LOCAL
9569,"Day 7, 15:29",57.06,63.21,26.76,4.22,9,-65.3,10.0,54.89,0.5283,0.4541,OFFLOAD
9570,"Day 7, 15:30",58.23,63.3,34.18,6.29,4,-65.0,10.5,54.4,0.3773,0.501,LOCAL
9571,"Day 7, 15:31",60.13,63.36,37.01,6.42,6,-64.0,10.0,50.34,0.4543,0.4559,LOCAL
9572,"Day 7, 15:32",58.73,63.46,24.06,7.38,1,-64.9,10.0,45.31,0.2359,0.4296,LOCAL
9573,"Day 7, 15:33",59.13,63.55,19.98,3.08,5,-66.7,10.0,44.01,0.3609,0.3104,OFFLOAD
9574,"Day 7, 15:34",55.51,63.64,26.25,7.63,4,-64.8,12.2,40.31,0.3531,0.3994,LOCAL
9575,"Day 7, 15:35",58.65,63.72,31.08,7.46,4,-64.3,10.0,38.53,0.3652,0.3752,LOCAL
9576,"Day 7, 15:36",55.7,63.79,30.9,5.47,4,-63.6,10.0,39.42,0.3689,0.3323,LOCAL
9577,"Day 7, 15:37",57.79,63.84,41.17,8.77,6,-61.9,10.0,41.4,0.4716,0.4305,LOCAL
9578,"Day 7, 15:38",57.6,63.9,37.09,8.03,3,-64.4,10.0,43.89,0.3525,0.4332,LOCAL
9579,"Day 7, 15:39",52.76,63.97,34.19,8.77,2,-64.3,10.0,46.85,0.3146,0.4789,LOCAL
9580,"Day 7, 15:40",57.22,64.04,26.47,2.24,5,-65.2,10.0,46.93,0.3857,0.3164,OFFLOAD
9581,"Day 7, 15:41",53.85,64.1,44.42,8.58,8,-64.8,10.0,51.34,0.5585,0.5209,LOCAL
9582,"Day 7, 15:42",52.3,64.14,40.58,5.5,6,-65.6,10.0,54.76,0.4774,0.4845,LOCAL
9583,"Day 7, 15:43",55.33,64.18,33.7,2.65,7,-67.4,10.0,50.29,0.4837,0.3611,OFFLOAD
9584,"Day 7, 15:44",54.7,64.26,35.01,8.09,4,-66.9,10.0,53.09,0.3841,0.5287,LOCAL
9585,"Day 7, 15:45",53.05,64.33,29.24,1.99,3,-66.0,10.0,54.69,0.3313,0.3959,LOCAL
9586,"Day 7, 15:46",51.65,64.34,42.25,5.11,9,-66.3,10.0,56.29,0.5889,0.4945,OFFLOAD
9587,"Day 7, 15:47",52.99,64.4,46.74,7.01,6,-66.9,10.0,56.03,0.4975,0.5387,LOCAL
9588,"Day 7, 15:48",52.49,64.43,51.62,8.99,5,-68.9,10.7,53.69,0.4803,0.5605,LOCAL
9589,"Day 7, 15:49",49.1,64.43,47.39,6.05,7,-70.5,10.0,49.62,0.5406,0.4389,OFFLOAD
9590,"Day 7, 15:50",54.0,64.51,38.35,7.61,2,-70.5,10.0,48.04,0.3265,0.4616,LOCAL
9591,"Day 7, 15:51",50.55,64.49,57.66,7.9,10,-69.3,10.3,46.27,0.6793,0.4524,OFFLOAD
9592,"Day 7, 15:52",52.21,64.55,46.98,6.45,3,-67.5,10.0,46.44,0.3943,0.417,LOCAL
9593,"Day 7, 15:53",52.84,64.58,42.35,4.1,6,-68.1,10.0,50.54,0.4821,0.4,OFFLOAD
9594,"Day 7, 15:54",47.65,64.64,34.14,4.28,3,-67.7,10.0,54.16,0.356,0.4465,LOCAL
9595,"Day 7, 15:55",47.9,64.65,43.85,6.51,7,-69.2,10.0,52.08,0.5297,0.4775,OFFLOAD
9596,"Day 7, 15:56",50.87,64.72,33.08,3.08,3,-66.6,10.0,55.15,0.3474,0.4289,LOCAL
9597,"Day 7, 15:57",47.88,64.77,26.6,3.01,4,-68.7,10.0,55.88,0.3641,0.4366,LOCAL
9598,"Day 7, 15:58",49.34,64.82,29.3,9.11,3,-66.8,10.0,51.16,0.3363,0.5321,LOCAL
9599,"Day 7, 15:59",48.58,64.82,49.14,9.46,8,-66.8,10.0,48.23,0.5819,0.5098,OFFLOAD
9600,"Day 7, 16:00",47.29,64.88,36.41,1.08,5,-65.0,10.0,51.26,0.4342,0.3324,OFFLOAD
9601,"Day 7, 16:01",47.77,64.93,37.65,4.93,7,-64.2,10.0,52.9,0.5077,0.4475,OFFLOAD
9602,"Day 7, 16:02",45.14,64.98,37.44,4.7,6,-65.9,10.0,49.55,0.4759,0.4044,OFFLOAD
9603,"Day 7, 16:03",46.31,65.03,39.15,7.06,6,-66.6,11.1,46.42,0.48,0.4353,LOCAL
9604,"Day 7, 16:04",43.42,65.03,42.93,6.71,6,-66.5,10.0,42.28,0.4976,0.3863,OFFLOAD
9605,"Day 7, 16:05",47.16,65.08,37.06,1.87,7,-64.4,10.0,43.21,0.5064,0.2732,OFFLOAD
9606,"Day 7, 16:06",44.09,65.1,59.01,8.01,10,-62.9,10.0,48.37,0.6928,0.475,OFFLOAD
9607,"Day 7, 16:07",47.59,65.15,39.2,3.72,2,-65.5,11.1,46.7,0.3381,0.3544,LOCAL
9608,"Day 7, 16:08",42.27,65.15,43.96,5.43,6,-64.3,10.0,50.35,0.5027,0.4312,OFFLOAD
9609,"Day 7, 16:09",41.53,65.19,29.99,1.17,5,-62.0,10.0,47.86,0.4199,0.2988,OFFLOAD
9610,"Day 7, 16:10",46.59,65.24,43.55,8.62,7,-64.6,10.0,52.53,0.5297,0.5354,LOCAL
9611,"Day 7, 16:11",45.45,65.27,33.55,4.55,4,-64.3,10.0,51.84,0.3913,0.4257,LOCAL
9612,"Day 7, 16:12",44.8,65.24,55.7,9.42,9,-64.0,10.0,53.52,0.6449,0.5671,OFFLOAD
9613,"Day 7, 16:13",41.19,65.24,65.59,7.09,10,-63.6,10.0,51.94,0.7199,0.4904,OFFLOAD
9614,"Day 7, 16:14",45.19,65.28,40.21,1.66,1,-62.1,10.0,47.49,0.31,0.3074,LOCAL
9615,"Day 7, 16:15",40.45,65.28,34.06,2.72,8,-60.9,10.0,44.56,0.5406,0.3064,OFFLOAD
9616,"Day 7, 16:16",42.04,65.31,44.7,9.61,5,-60.6,10.0,45.74,0.4704,0.4894,LOCAL
9617,"Day 7, 16:17",40.87,65.29,54.23,9.87,5,-60.8,10.0,46.29,0.5056,0.5011,LOCAL
9618,"Day 7, 16:18",42.73,65.27,51.55,5.37,8,-61.6,10.0,43.9,0.5984,0.3667,LOCAL
9619,"Day 7, 16:19",41.68,65.29,40.83,7.34,2,-62.1,10.0,41.07,0.3525,0.3921,LOCAL
9620,"Day 7, 16:20",42.59,65.28,52.47,9.83,7,-63.8,10.1,44.85,0.5669,0.4869,OFFLOAD
9621,"Day 7, 16:21",40.6,65.27,62.25,9.18,7,-65.4,10.0,46.05,0.6041,0.4815,OFFLOAD
9622,"Day 7, 16:22",40.68,65.29,49.19,1.59,10,-64.3,10.0,47.52,0.6632,0.3059,OFFLOAD
9623,"Day 7, 16:23",40.64,65.31,48.54,5.06,9,-65.9,10.0,44.1,0.626,0.3607,OFFLOAD
9624,"Day 7, 16:24",41.53,65.34,40.81,7.07,3,-65.5,10.0,43.89,0.3875,0.4092,LOCAL
9625,"Day 7, 16:25",38.76,65.36,35.71,5.46,3,-67.7,10.0,43.35,0.3738,0.3642,LOCAL
9626,"Day 7, 16:26",40.05,65.39,28.29,6.59,1,-65.1,10.0,43.64,0.2759,0.3949,LOCAL
9627,"Day 7, 16:27",39.24,65.41,29.59,4.99,4,-67.0,10.0,46.64,0.3866,0.3824,LOCAL
9628,"Day 7, 16:28",37.96,65.4,36.2,5.36,8,-68.1,10.0,44.81,0.5517,0.3746,OFFLOAD
9629,"Day 7, 16:29",36.01,65.42,36.86,3.32,8,-66.8,10.0,49.59,0.5569,0.3703,LOCAL
9630,"Day 7, 16:30",36.15,65.39,34.78,1.86,10,-66.8,10.0,50.34,0.6194,0.3418,OFFLOAD
9631,"Day 7, 16:31",36.34,65.43,26.58,2.07,3,-67.2,10.0,45.65,0.3454,0.3,LOCAL
9632,"Day 7, 16:32",38.12,65.42,41.28,9.46,5,-68.5,10.1,47.34,0.4642,0.5011,LOCAL
9633,"Day 7, 16:33",32.87,65.37,53.37,6.98,9,-67.6,10.0,43.25,0.6545,0.4013,OFFLOAD
9634,"Day 7, 16:34",34.48,65.36,53.47,6.38,9,-68.8,10.0,45.41,0.6524,0.4056,OFFLOAD
9635,"Day 7, 16:35",37.32,65.36,55.58,5.29,9,-67.9,10.0,48.91,0.6555,0.4125,OFFLOAD
9636,"Day 7, 16:36",31.58,65.36,41.93,1.19,5,-66.2,10.0,48.46,0.4763,0.3053,OFFLOAD
9637,"Day 7, 16:37",32.38,65.37,33.71,1.88,10,-65.8,10.0,44.87,0.6214,0.2881,OFFLOAD
9638,"Day 7, 16:38",31.14,65.39,27.14,1.73,4,-65.8,10.0,47.62,0.3902,0.3104,OFFLOAD
9639,"Day 7, 16:39",32.62,65.41,27.27,2.17,9,-63.9,10.0,48.75,0.5634,0.3328,OFFLOAD
9640,"Day 7, 16:40",34.56,65.45,23.39,1.09,10,-65.9,10.0,46.72,0.5818,0.2857,OFFLOAD
9641,"Day 7, 16:41",32.79,65.45,43.59,9.31,7,-67.7,10.0,49.93,0.5502,0.5237,LOCAL
9642,"Day 7, 16:42",30.9,65.37,66.69,9.94,9,-66.2,10.0,45.77,0.704,0.4979,OFFLOAD
9643,"Day 7, 16:43",33.18,65.35,55.69,3.35,8,-67.7,10.0,49.95,0.6271,0.3749,OFFLOAD
9644,"Day 7, 16:44",30.54,65.33,54.79,3.9,10,-66.9,10.0,48.05,0.698,0.369,OFFLOAD
9645,"Day 7, 16:45",32.42,65.34,39.09,2.82,7,-68.3,10.0,50.76,0.5352,0.3704,OFFLOAD
9646,"Day 7, 16:46",28.2,65.32,49.33,5.91,9,-66.1,10.0,48.39,0.6474,0.4227,OFFLOAD
9647,"Day 7, 16:47",31.52,65.32,38.12,3.04,3,-65.5,10.0,45.13,0.3932,0.3195,OFFLOAD
9648,"Day 7, 16:48",31.64,65.33,35.35,5.81,4,-66.1,10.1,49.7,0.4183,0.4341,LOCAL
9649,"Day 7, 16:49",26.45,65.25,57.59,9.96,8,-68.3,10.4,44.97,0.644,0.4922,OFFLOAD
9650,"Day 7, 16:50",26.56,65.2,68.35,9.25,9,-70.4,13.5,45.64,0.7166,0.4894,OFFLOAD
9651,"Day 7, 16:51",26.8,65.18,43.63,2.25,2,-70.8,11.1,43.95,0.3847,0.2924,OFFLOAD
9652,"Day 7, 16:52",25.17,65.14,61.4,8.59,9,-69.2,10.1,44.36,0.6944,0.4515,OFFLOAD
9653,"Day 7, 16:53",27.88,65.13,42.68,2.68,2,-67.4,10.5,49.11,0.3799,0.3508,LOCAL
9654,"Day 7, 16:54",27.34,65.07,45.58,4.31,8,-69.3,10.0,48.86,0.6009,0.3875,OFFLOAD
9655,"Day 7, 16:55",23.62,65.03,53.55,7.04,9,-71.3,10.0,50.53,0.6694,0.4734,OFFLOAD
9656,"Day 7, 16:56",27.85,65.0,54.35,5.6,7,-68.3,10.0,51.74,0.596,0.4508,OFFLOAD
9657,"Day 7, 16:57",27.68,64.99,41.62,4.63,4,-69.9,10.0,56.45,0.4467,0.4847,LOCAL
9658,"Day 7, 16:58",24.88,64.96,32.76,3.69,3,-68.2,10.0,51.83,0.3849,0.4041,LOCAL
9659,"Day 7, 16:59",26.33,64.93,24.37,1.51,8,-69.7,11.1,54.53,0.5284,0.385,OFFLOAD
9660,"Day 7, 17:00",23.69,64.94,21.28,5.01,2,-67.5,10.0,56.92,0.3116,0.5005,LOCAL
9661,"Day 7, 17:01",24.05,64.93,22.16,4.63,3,-69.5,12.8,54.99,0.3491,0.4736,LOCAL
9662,"Day 7, 17:02",22.17,64.93,16.56,2.17,1,-71.2,10.0,59.05,0.2623,0.4599,LOCAL
9663,"Day 7, 17:03",25.52,64.89,22.62,1.62,10,-71.8,12.3,57.19,0.5936,0.4261,LOCAL
9664,"Day 7, 17:04",22.5,64.81,36.56,5.44,10,-70.4,10.0,60.93,0.647,0.5706,OFFLOAD
9665,"Day 7, 17:05",20.81,64.79,33.93,4.22,6,-69.3,10.0,56.27,0.5004,0.472,LOCAL
9666,"Day 7, 17:06",21.21,64.78,26.87,3.95,1,-66.3,10.0,52.36,0.3001,0.4167,LOCAL
9667,"Day 7, 17:07",22.72,64.72,36.64,6.24,7,-64.0,10.0,52.61,0.5421,0.4768,OFFLOAD
9668,"Day 7, 17:08",20.12,64.67,58.48,9.07,9,-65.8,10.0,54.41,0.6925,0.5693,OFFLOAD
9669,"Day 7, 17:09",18.0,64.62,43.6,2.13,10,-67.9,10.0,55.34,0.6787,0.4076,OFFLOAD
9670,"Day 7, 17:10",19.98,64.58,46.52,5.47,8,-66.9,10.0,54.96,0.616,0.4862,OFFLOAD
9671,"Day 7, 17:11",20.73,64.56,35.96,6.63,2,-67.7,10.0,54.75,0.3679,0.5126,LOCAL
9672,"Day 7, 17:12",22.52,64.5,38.15,4.71,7,-65.6,10.7,51.37,0.548,0.4264,OFFLOAD
9673,"Day 7, 17:13",18.65,64.45,49.01,9.61,6,-67.4,10.0,46.35,0.5569,0.4952,OFFLOAD
9674,"Day 7, 17:14",18.26,64.4,46.76,7.05,4,-66.3,10.0,47.63,0.4797,0.4435,LOCAL
9675,"Day 7, 17:15",19.71,64.31,56.17,8.66,7,-68.5,10.0,47.37,0.6156,0.4812,OFFLOAD
9676,"Day 7, 17:16",15.95,64.25,49.62,6.75,4,-66.3,10.0,44.57,0.4934,0.4072,OFFLOAD
9677,"Day 7, 17:17",18.22,64.22,36.91,2.43,4,-64.0,10.0,42.98,0.4455,0.2852,OFFLOAD
9678,"Day 7, 17:18",19.43,64.2,33.08,8.25,2,-66.2,10.0,41.04,0.3603,0.4146,LOCAL
9679,"Day 7, 17:19",17.77,64.11,45.38,7.11,8,-66.1,10.0,46.94,0.616,0.4382,OFFLOAD
9680,"Day 7, 17:20",14.46,64.06,37.88,6.19,3,-66.9,10.0,46.3,0.4198,0.4091,LOCAL
9681,"Day 7, 17:21",14.73,63.98,47.16,8.38,6,-66.9,10.1,42.68,0.557,0.4318,OFFLOAD
9682,"Day 7, 17:22",16.69,63.93,44.03,3.37,9,-66.3,10.0,41.93,0.6482,0.2998,OFFLOAD
9683,"Day 7, 17:23",13.48,63.89,29.22,3.98,2,-64.2,10.0,42.6,0.3562,0.3207,LOCAL
9684,"Day 7, 17:24",12.09,63.83,26.57,4.11,5,-64.4,10.0,39.34,0.4541,0.2976,OFFLOAD
9685,"Day 7, 17:25",11.77,63.79,26.29,5.8,4,-65.5,10.0,40.85,0.4187,0.3517,OFFLOAD
9686,"Day 7, 17:26",15.79,63.76,32.14,4.49,6,-67.3,10.0,37.95,0.5032,0.2966,OFFLOAD
9687,"Day 7, 17:27",14.7,63.69,55.76,8.68,10,-65.4,10.0,41.58,0.7276,0.4297,OFFLOAD
9688,"Day 7, 17:28",11.94,63.63,37.46,1.04,1,-65.5,10.0,42.65,0.3527,0.2477,OFFLOAD
9689,"Day 7, 17:29",12.98,63.59,36.0,5.5,6,-66.6,10.0,42.14,0.5211,0.3548,OFFLOAD
9690,"Day 7, 17:30",11.52,63.52,44.93,7.99,6,-66.2,10.8,45.6,0.5547,0.4499,OFFLOAD
9691,"Day 7, 17:31",10.63,63.46,40.16,1.67,10,-63.7,10.0,44.49,0.6794,0.2795,OFFLOAD
9692,"Day 7, 17:32",14.49,63.43,25.65,1.42,1,-66.1,10.0,40.34,0.3079,0.2382,OFFLOAD
9693,"Day 7, 17:33",11.96,63.4,23.91,5.7,1,-67.8,10.9,37.84,0.3056,0.3286,LOCAL
9694,"Day 7, 17:34",10.68,63.29,42.3,7.24,9,-65.3,10.0,37.85,0.6521,0.3646,OFFLOAD
9695,"Day 7, 17:35",10.12,63.23,37.89,8.27,3,-64.2,10.0,43.26,0.4276,0.4336,LOCAL
9696,"Day 7, 17:36",7.94,63.12,48.96,9.9,6,-65.3,10.0,46.73,0.5748,0.506,OFFLOAD
9697,"Day 7, 17:37",8.58,63.02,61.43,6.76,10,-67.6,10.0,47.2,0.7576,0.432,OFFLOAD
9698,"Day 7, 17:38",7.38,62.92,64.15,9.62,6,-68.0,10.3,52.11,0.6291,0.5563,OFFLOAD
9699,"Day 7, 17:39",7.75,62.85,43.88,2.91,5,-68.7,10.2,47.77,0.5227,0.3419,OFFLOAD
9700,"Day 7, 17:40",7.7,62.76,48.92,8.1,7,-66.1,10.0,50.23,0.6105,0.4966,OFFLOAD
9701,"Day 7, 17:41",9.56,62.69,48.95,6.05,7,-64.1,10.0,48.97,0.608,0.4321,OFFLOAD
9702,"Day 7, 17:42",6.7,62.62,40.41,2.22,10,-64.1,10.0,46.67,0.6875,0.3134,OFFLOAD
9703,"Day 7, 17:43",9.14,62.55,42.5,5.6,7,-61.7,10.0,42.36,0.5862,0.3592,OFFLOAD
9704,"Day 7, 17:44",3.89,62.47,40.51,8.59,4,-61.8,10.0,44.97,0.4823,0.4568,LOCAL
9705,"Day 7, 17:45",6.53,62.35,51.73,9.5,6,-60.3,10.0,50.5,0.5877,0.5346,OFFLOAD
9706,"Day 7, 17:46",6.93,62.25,59.42,9.55,6,-61.7,10.0,45.59,0.6142,0.4865,OFFLOAD
9707,"Day 7, 17:47",7.23,62.18,41.37,2.48,1,-60.4,10.0,47.02,0.3757,0.3233,OFFLOAD
9708,"Day 7, 17:48",2.98,62.1,33.45,3.91,4,-60.7,10.9,43.1,0.4595,0.3257,OFFLOAD
9709,"Day 7, 17:49",6.4,62.05,26.68,3.63,2,-61.5,10.0,44.18,0.3607,0.3257,LOCAL
9710,"Day 7, 17:50",2.48,61.92,43.28,8.96,7,-63.7,10.0,45.06,0.5999,0.4668,OFFLOAD
9711,"Day 7, 17:51",4.23,61.84,40.67,3.33,8,-65.8,10.0,42.4,0.6232,0.3028,OFFLOAD
9712,"Day 7, 17:52",3.87,61.77,37.21,3.21,7,-66.9,10.0,47.44,0.5768,0.3457,OFFLOAD
9713,"Day 7, 17:53",4.8,61.68,48.55,8.21,6,-68.5,13.3,48.88,0.5802,0.4948,OFFLOAD
9714,"Day 7, 17:54",2.02,61.59,40.42,6.88,3,-70.1,10.0,44.2,0.451,0.4071,LOCAL
9715,"Day 7, 17:55",2.55,61.47,44.49,8.32,6,-68.7,10.0,49.0,0.5697,0.4891,OFFLOAD
9716,"Day 7, 17:56",0.0,61.38,38.44,4.13,4,-70.6,10.0,51.76,0.4825,0.4143,OFFLOAD
9717,"Day 7, 17:57",1.98,61.3,36.15,6.47,3,-69.3,10.4,51.86,0.4366,0.4751,LOCAL
9718,"Day 7, 17:58",1.74,61.18,34.13,1.21,8,-68.5,10.0,53.87,0.6051,0.3661,OFFLOAD
9719,"Day 7, 17:59",0.0,61.05,64.55,9.47,10,-66.3,10.0,55.84,0.7844,0.5977,OFFLOAD
9720,"Day 7, 18:00",1.78,60.96,44.86,5.32,1,-65.3,10.0,56.42,0.3979,0.5015,LOCAL
9721,"Day 7, 18:01",0.41,60.79,62.54,8.46,10,-66.8,10.9,51.84,0.7771,0.5261,LOCAL
9722,"Day 7, 18:02",0.31,60.63,63.79,8.66,6,-68.8,11.0,50.83,0.6418,0.5201,LOCAL
9723,"Day 7, 18:03",0.12,60.48,51.49,2.72,8,-66.1,10.0,53.04,0.6693,0.3939,OFFLOAD
9724,"Day 7, 18:04",0.19,60.38,49.8,4.73,9,-64.4,10.0,55.92,0.6985,0.4802,LOCAL
9725,"Day 7, 18:05",0.52,60.27,40.32,4.02,4,-66.0,10.0,58.69,0.49,0.5008,LOCAL
9726,"Day 7, 18:06",0.67,60.16,38.26,8.26,3,-65.7,11.9,52.55,0.4476,0.5319,LOCAL
9727,"Day 7, 18:07",0.57,60.06,32.0,6.03,4,-64.9,10.0,53.84,0.461,0.4863,LOCAL
9728,"Day 7, 18:08",0.67,59.9,56.74,9.27,9,-63.9,10.0,53.84,0.7227,0.5673,OFFLOAD
9729,"Day 7, 18:09",0.55,59.81,45.34,4.76,4,-61.9,10.0,48.57,0.5081,0.3957,OFFLOAD
9730,"Day 7, 18:10",0.8,59.71,40.57,3.22,8,-60.3,10.0,48.66,0.6312,0.3581,OFFLOAD
9731,"Day 7, 18:11",0.97,59.61,53.77,7.8,8,-62.8,10.0,47.12,0.6773,0.4573,OFFLOAD
9732,"Day 7, 18:12",1.46,59.52,36.4,3.03,2,-62.9,10.0,44.71,0.4059,0.3154,OFFLOAD
9733,"Day 7, 18:13",1.25,59.45,31.92,1.62,10,-60.9,10.0,50.23,0.6707,0.3346,OFFLOAD
9734,"Day 7, 18:14",1.41,59.37,29.36,6.65,3,-62.1,10.0,47.6,0.4166,0.4332,LOCAL
9735,"Day 7, 18:15",1.44,59.27,36.02,8.53,4,-60.5,10.0,46.98,0.475,0.4741,LOCAL
9736,"Day 7, 18:16",1.32,59.19,25.44,3.86,3,-62.0,10.0,43.22,0.4033,0.3231,OFFLOAD
9737,"Day 7, 18:17",1.02,59.11,31.65,4.53,5,-64.5,10.0,45.13,0.4956,0.3568,OFFLOAD
9738,"Day 7, 18:18",1.0,59.04,23.68,1.96,4,-66.7,10.0,46.68,0.4328,0.3071,OFFLOAD
9739,"Day 7, 18:19",0.28,58.96,37.76,7.07,7,-65.4,10.0,45.62,0.5883,0.4247,OFFLOAD
9740,"Day 7, 18:20",0.33,58.88,28.16,8.24,1,-65.4,10.0,44.58,0.3447,0.4445,LOCAL
9741,"Day 7, 18:21",0.54,58.81,22.33,4.82,1,-65.9,10.0,47.03,0.3241,0.3819,LOCAL
9742,"Day 7, 18:22",1.04,58.66,45.4,6.67,10,-67.0,12.6,45.2,0.7193,0.4184,OFFLOAD
9743,"Day 7, 18:23",1.29,58.58,31.87,1.29,4,-66.1,10.0,44.59,0.4617,0.2708,OFFLOAD
9744,"Day 7, 18:24",0.36,58.5,35.67,8.14,4,-67.8,10.9,42.03,0.4766,0.4226,OFFLOAD
9745,"Day 7, 18:25",1.35,58.43,27.69,4.3,2,-66.0,10.0,42.53,0.3772,0.3281,LOCAL
9746,"Day 7, 18:26",1.04,58.36,22.33,6.17,1,-67.3,10.0,44.54,0.3241,0.3924,LOCAL
9747,"Day 7, 18:27",0.63,58.23,32.67,4.07,10,-68.4,10.1,46.83,0.676,0.3616,OFFLOAD
9748,"Day 7, 18:28",0.18,58.15,29.18,1.37,10,-69.5,10.0,51.27,0.6646,0.3398,OFFLOAD
9749,"Day 7, 18:29",0.83,58.08,24.66,2.64,5,-69.9,10.6,48.67,0.4729,0.3455,OFFLOAD
9750,"Day 7, 18:30",1.19,58.01,25.72,4.54,5,-67.5,10.0,46.84,0.4762,0.373,OFFLOAD
9751,"Day 7, 18:31",1.43,57.93,39.73,6.76,8,-67.2,10.0,50.26,0.63,0.4635,OFFLOAD
9752,"Day 7, 18:32",0.79,57.83,42.57,6.78,4,-67.6,11.2,48.91,0.5011,0.4531,LOCAL
9753,"Day 7, 18:33",1.15,57.71,46.28,9.37,6,-66.4,10.0,51.0,0.5837,0.5368,LOCAL
9754,"Day 7, 18:34",0.04,57.55,55.04,7.39,8,-64.0,10.0,49.57,0.6863,0.4718,OFFLOAD
9755,"Day 7, 18:35",1.02,57.44,54.1,5.08,9,-63.9,10.0,48.36,0.7167,0.4016,OFFLOAD
9756,"Day 7, 18:36",0.87,57.34,49.0,6.65,5,-63.4,10.0,48.32,0.5592,0.4404,OFFLOAD
9757,"Day 7, 18:37",0.46,57.26,36.63,5.17,3,-65.6,10.0,45.2,0.4466,0.3734,OFFLOAD
9758,"Day 7, 18:38",0.1,57.18,27.04,3.28,1,-66.7,12.8,48.8,0.3437,0.3691,LOCAL
9759,"Day 7, 18:39",0.45,57.04,45.49,8.09,8,-65.0,10.0,47.51,0.653,0.4684,OFFLOAD
9760,"Day 7, 18:40",0.17,56.94,49.54,9.59,6,-63.3,10.0,48.09,0.5977,0.5117,OFFLOAD
9761,"Day 7, 18:41",0.67,56.85,37.63,3.05,4,-63.6,10.0,47.99,0.4854,0.3471,OFFLOAD
9762,"Day 7, 18:42",1.26,56.76,39.21,8.3,4,-62.9,10.0,52.52,0.4902,0.5273,LOCAL
9763,"Day 7, 18:43",0.55,56.65,40.53,7.32,5,-63.5,10.0,52.17,0.5311,0.4988,LOCAL
9764,"Day 7, 18:44",0.02,56.52,45.47,7.64,6,-61.5,10.0,51.97,0.5843,0.5045,OFFLOAD
9765,"Day 7, 18:45",0.67,56.43,39.68,2.94,8,-59.4,10.0,47.65,0.6332,0.341,OFFLOAD
9766,"Day 7, 18:46",0.85,56.35,29.62,3.38,4,-60.2,10.0,49.32,0.4579,0.3689,OFFLOAD
9767,"Day 7, 18:47",0.98,56.29,22.03,1.6,2,-61.6,10.0,48.82,0.3612,0.3193,LOCAL
9768,"Day 7, 18:48",1.4,56.15,39.6,6.28,10,-63.8,10.0,48.58,0.7023,0.4339,OFFLOAD
9769,"Day 7, 18:49",1.0,56.05,47.97,7.84,7,-63.9,10.0,51.01,0.6273,0.4987,OFFLOAD
9770,"Day 7, 18:50",0.89,55.96,38.26,3.34,5,-65.7,10.0,47.17,0.5236,0.3462,OFFLOAD
9771,"Day 7, 18:51",0.54,55.84,62.29,9.27,10,-64.6,10.0,45.15,0.7834,0.4754,OFFLOAD
9772,"Day 7, 18:52",0.35,55.73,52.46,6.97,4,-66.1,10.0,50.05,0.5395,0.4665,OFFLOAD
9773,"Day 7, 18:53",0.42,55.65,36.31,2.96,3,-65.2,12.5,52.29,0.448,0.3983,LOCAL
9774,"Day 7, 18:54",0.12,55.55,28.86,2.38,4,-64.8,11.1,53.72,0.4575,0.3967,OFFLOAD
9775,"Day 7, 18:55",0.04,55.48,22.81,1.11,3,-62.9,10.0,48.86,0.4016,0.3074,OFFLOAD
9776,"Day 7, 18:56",1.38,55.42,24.25,7.81,2,-65.5,10.0,49.16,0.3697,0.478,LOCAL
9777,"Day 7, 18:57",0.79,55.3,30.59,4.16,8,-65.4,10.3,48.19,0.6029,0.3777,OFFLOAD
9778,"Day 7, 18:58",0.29,55.21,35.84,8.64,4,-64.0,10.0,46.56,0.4822,0.4729,LOCAL
9779,"Day 7, 18:59",0.27,55.05,55.64,7.26,10,-64.7,10.0,47.86,0.7618,0.4511,OFFLOAD
9780,"Day 7, 19:00",1.0,54.96,41.06,1.56,7,-66.6,10.0,43.66,0.6048,0.2693,OFFLOAD
9781,"Day 7, 19:01",0.37,54.87,40.29,5.85,5,-65.6,10.0,44.83,0.5332,0.387,OFFLOAD
9782,"Day 7, 19:02",0.65,54.76,47.73,8.06,7,-64.3,10.0,44.28,0.6289,0.4373,OFFLOAD
9783,"Day 7, 19:03",0.33,54.68,37.68,9.19,1,-62.9,10.0,42.72,0.3844,0.452,LOCAL
9784,"Day 7, 19:04",0.93,54.61,22.82,3.75,1,-65.2,10.0,45.99,0.3316,0.3453,LOCAL
9785,"Day 7, 19:05",1.08,54.51,24.39,3.12,6,-62.8,10.0,47.72,0.512,0.3461,OFFLOAD
9786,"Day 7, 19:06",0.2,54.43,28.67,8.33,2,-64.2,10.0,43.62,0.3884,0.4383,LOCAL
9787,"Day 7, 19:07",0.43,54.34,30.33,8.8,3,-66.5,10.0,48.86,0.429,0.4997,LOCAL
9788,"Day 7, 19:08",0.68,54.27,18.39,1.47,1,-68.2,10.0,47.02,0.3169,0.298,LOCAL
9789,"Day 7, 19:09",0.3,54.16,33.73,7.01,7,-68.4,11.8,43.46,0.5814,0.4091,OFFLOAD
9790,"Day 7, 19:10",0.87,54.07,40.8,5.08,8,-69.6,12.3,45.15,0.6404,0.3771,OFFLOAD
9791,"Day 7, 19:11",0.31,53.97,40.33,7.59,4,-70.1,10.0,48.2,0.4997,0.4627,LOCAL
9792,"Day 7, 19:12",0.86,53.84,47.2,7.16,7,-70.1,11.0,45.89,0.6282,0.4324,OFFLOAD
9793,"Day 7, 19:13",1.22,53.72,64.27,9.7,8,-69.4,10.0,49.71,0.7225,0.5311,OFFLOAD
9794,"Day 7, 19:14",0.4,53.6,62.23,9.91,5,-70.1,10.0,48.49,0.6118,0.5236,OFFLOAD
9795,"Day 7, 19:15",1.33,53.48,59.99,5.84,8,-71.3,10.0,44.13,0.7077,0.3805,OFFLOAD
9796,"Day 7, 19:16",1.06,53.35,70.46,6.55,10,-68.5,11.1,47.02,0.815,0.4283,LOCAL
9797,"Day 7, 19:17",1.24,53.2,61.82,7.93,6,-69.8,10.0,46.0,0.6447,0.4498,OFFLOAD
9798,"Day 7, 19:18",0.87,53.11,39.37,6.29,1,-69.3,10.0,44.68,0.3918,0.3967,LOCAL
9799,"Day 7, 19:19",0.57,53.0,37.74,4.53,5,-66.5,12.5,49.22,0.5267,0.4038,OFFLOAD
9800,"Day 7, 19:20",0.69,52.89,48.78,7.28,8,-68.3,10.0,47.44,0.6704,0.4474,OFFLOAD
9801,"Day 7, 19:21",1.17,52.79,48.85,7.44,6,-66.6,10.0,44.47,0.6,0.4236,OFFLOAD
9802,"Day 7, 19:22",1.43,52.72,33.19,3.84,3,-65.8,10.0,45.82,0.44,0.3458,OFFLOAD
9803,"Day 7, 19:23",0.12,52.64,25.25,1.65,8,-63.9,10.0,44.15,0.5892,0.2759,OFFLOAD
9804,"Day 7, 19:24",0.48,52.58,24.45,1.57,9,-66.2,10.0,43.47,0.621,0.2679,OFFLOAD
9805,"Day 7, 19:25",1.23,52.48,45.31,6.46,10,-68.0,10.0,43.76,0.728,0.3927,OFFLOAD
9806,"Day 7, 19:26",1.27,52.4,32.09,1.07,10,-66.5,10.4,47.36,0.6818,0.2927,OFFLOAD
9807,"Day 7, 19:27",1.38,52.34,22.41,2.07,2,-66.2,10.0,45.61,0.3678,0.2997,OFFLOAD
9808,"Day 7, 19:28",0.61,52.27,22.22,1.73,9,-67.9,10.0,44.94,0.6134,0.285,OFFLOAD
9809,"Day 7, 19:29",0.83,52.19,38.91,7.01,7,-68.8,10.0,47.52,0.6017,0.4414,OFFLOAD
9810,"Day 7, 19:30",1.39,52.06,63.19,9.81,10,-67.1,10.0,48.59,0.791,0.5222,OFFLOAD
9811,"Day 7, 19:31",0.48,51.94,67.01,9.47,7,-67.1,10.0,51.5,0.7009,0.5448,OFFLOAD
9812,"Day 7, 19:32",1.22,51.8,71.55,9.8,7,-66.4,10.0,46.93,0.7159,0.5054,OFFLOAD
9813,"Day 7, 19:33",0.4,51.69,54.26,7.4,3,-66.0,11.0,48.23,0.5168,0.4611,OFFLOAD
9814,"Day 7, 19:34",0.1,51.6,44.36,1.41,8,-66.6,10.5,52.18,0.6577,0.3525,OFFLOAD
9815,"Day 7, 19:35",1.45,51.52,34.52,2.92,1,-68.1,11.1,55.79,0.3764,0.4365,LOCAL
9816,"Day 7, 19:36",0.84,51.38,44.3,6.17,8,-68.8,10.0,54.34,0.6567,0.4959,OFFLOAD
9817,"Day 7, 19:37",0.27,51.3,32.5,3.15,3,-69.8,10.0,55.21,0.4414,0.4314,LOCAL
9818,"Day 7, 19:38",1.24,51.23,21.46,7.29,1,-68.4,10.0,56.3,0.3314,0.5492,LOCAL
9819,"Day 7, 19:39",0.95,51.1,39.77,6.72,9,-66.0,10.0,57.86,0.6761,0.5564,OFFLOAD
9820,"Day 7, 19:40",1.12,51.01,37.99,8.23,3,-66.7,10.0,58.28,0.4598,0.6001,LOCAL
9821,"Day 7, 19:41",1.23,50.89,38.01,4.44,7,-68.0,10.0,58.0,0.5999,0.5014,OFFLOAD
9822,"Day 7, 19:42",0.04,50.81,28.83,9.65,2,-68.7,10.0,53.13,0.3946,0.5682,LOCAL
9823,"Day 7, 19:43",0.49,50.74,21.86,8.38,1,-66.7,10.0,56.05,0.3347,0.5731,LOCAL
9824,"Day 7, 19:44",0.1,50.6,36.97,4.52,10,-67.8,11.1,53.28,0.7034,0.4449,OFFLOAD
9825,"Day 7, 19:45",0.91,50.53,29.54,3.26,2,-68.5,10.0,51.73,0.3962,0.3922,LOCAL
9826,"Day 7, 19:46",1.43,50.44,24.74,1.78,4,-68.9,10.0,54.94,0.4488,0.3937,OFFLOAD
9827,"Day 7, 19:47",0.41,50.34,44.57,7.59,8,-67.7,10.0,56.06,0.6599,0.5535,OFFLOAD
9828,"Day 7, 19:48",0.26,50.27,29.36,3.21,1,-66.7,10.0,51.18,0.362,0.3848,LOCAL
9829,"Day 7, 19:49",0.34,50.19,23.54,1.08,2,-66.6,10.0,51.11,0.3766,0.3308,LOCAL
9830,"Day 7, 19:50",0.61,50.11,23.22,4.74,3,-67.3,10.0,46.37,0.4102,0.3735,LOCAL
9831,"Day 7, 19:51",0.05,50.03,23.54,9.81,2,-65.0,10.0,45.6,0.3773,0.493,LOCAL
9832,"Day 7, 19:52",0.25,49.94,25.76,8.43,2,-63.4,10.0,44.08,0.3849,0.4448,LOCAL
9833,"Day 7, 19:53",0.91,49.86,23.43,3.22,3,-63.0,10.0,47.71,0.4108,0.3486,OFFLOAD
9834,"Day 7, 19:54",1.11,49.79,30.75,7.37,5,-61.3,10.0,47.53,0.5063,0.4506,OFFLOAD
9835,"Day 7, 19:55",1.33,49.7,38.19,5.94,7,-60.2,10.0,43.59,0.6021,0.3783,OFFLOAD
9836,"Day 7, 19:56",0.35,49.61,43.29,4.8,9,-58.9,10.0,44.16,0.6916,0.3548,OFFLOAD
9837,"Day 7, 19:57",0.8,49.52,39.64,7.28,4,-59.5,10.0,47.1,0.5033,0.4441,OFFLOAD
9838,"Day 7, 19:58",1.07,49.43,39.34,4.66,6,-57.6,10.0,46.86,0.572,0.3763,OFFLOAD
9839,"Day 7, 19:59",0.71,49.32,52.71,8.05,8,-58.6,10.0,49.45,0.6894,0.4871,LOCAL
9840,"Day 7, 20:00",0.31,49.2,43.2,3.34,5,-59.8,10.0,50.33,0.552,0.3787,OFFLOAD
9841,"Day 7, 20:01",0.78,49.09,53.91,9.39,7,-58.5,10.0,54.02,0.6589,0.5725,OFFLOAD
9842,"Day 7, 20:02",1.02,48.99,47.09,3.73,8,-61.2,10.0,52.68,0.6698,0.415,OFFLOAD
9843,"Day 7, 20:03",0.2,48.9,38.86,1.29,8,-60.8,10.0,53.31,0.6423,0.3614,OFFLOAD
9844,"Day 7, 20:04",0.92,48.81,41.36,5.05,7,-59.5,10.0,55.12,0.6152,0.4778,OFFLOAD
9845,"Day 7, 20:05",0.45,48.69,59.18,7.8,10,-60.6,10.0,58.95,0.7834,0.5991,LOCAL
9846,"Day 7, 20:06",0.69,48.6,40.63,8.52,1,-62.2,10.0,60.7,0.4033,0.6439,LOCAL
9847,"Day 7, 20:07",0.26,48.44,57.55,8.76,8,-64.9,10.1,61.93,0.7084,0.6701,LOCAL
9848,"Day 7, 20:08",0.75,48.35,39.05,8.87,1,-63.7,10.0,60.73,0.398,0.6531,LOCAL
9849,"Day 7, 20:09",0.28,48.2,53.2,7.18,8,-65.4,10.0,56.16,0.6935,0.5446,OFFLOAD
9850,"Day 7, 20:10",0.52,48.11,38.32,1.27,1,-64.5,10.0,54.42,0.3962,0.3744,LOCAL
9851,"Day 7, 20:11",1.4,48.03,32.06,9.23,1,-64.3,11.3,58.08,0.3731,0.6261,LOCAL
9852,"Day 7, 20:12",0.19,47.89,42.7,5.65,8,-62.6,10.0,52.64,0.6573,0.4624,OFFLOAD
9853,"Day 7, 20:13",0.28,47.81,34.46,4.61,3,-62.1,10.0,54.74,0.4535,0.4619,LOCAL
9854,"Day 7, 20:14",0.82,47.73,26.67,8.5,1,-64.6,10.0,57.24,0.3555,0.5922,LOCAL
9855,"Day 7, 20:15",1.42,47.57,55.4,7.95,10,-66.7,10.0,51.34,0.7704,0.5051,OFFLOAD
9856,"Day 7, 20:16",0.65,47.46,52.0,3.3,9,-66.1,10.0,46.64,0.7248,0.3401,OFFLOAD
9857,"Day 7, 20:17",1.47,47.35,55.04,7.87,6,-68.2,10.0,49.47,0.6294,0.4828,OFFLOAD
9858,"Day 7, 20:18",1.05,47.23,65.92,9.44,8,-67.1,10.0,50.55,0.7383,0.5336,OFFLOAD
9859,"Day 7, 20:19",1.38,47.11,64.6,8.03,7,-68.3,10.0,52.75,0.6984,0.5232,OFFLOAD
9860,"Day 7, 20:20",0.69,47.0,49.81,3.09,6,-67.6,10.0,50.27,0.6128,0.3718,OFFLOAD
9861,"Day 7, 20:21",0.65,46.92,38.42,1.8,10,-65.1,10.0,47.33,0.7131,0.3093,OFFLOAD
9862,"Day 7, 20:22",0.48,46.83,35.46,9.75,2,-65.0,10.0,45.61,0.4231,0.4917,LOCAL
9863,"Day 7, 20:23",1.26,46.67,56.54,7.29,10,-62.5,10.0,50.24,0.776,0.4764,OFFLOAD
9864,"Day 7, 20:24",0.45,46.56,54.44,9.58,4,-61.7,10.0,48.59,0.56,0.5164,LOCAL
9865,"Day 7, 20:25",1.37,46.44,38.08,2.02,6,-64.3,10.0,45.39,0.5716,0.2964,OFFLOAD
9866,"Day 7, 20:26",1.12,46.37,28.55,6.35,2,-64.0,10.0,48.46,0.3987,0.4344,LOCAL
9867,"Day 7, 20:27",1.08,46.3,20.06,3.59,2,-63.6,10.0,48.33,0.3692,0.3641,LOCAL
9868,"Day 7, 20:28",0.15,46.17,42.44,8.71,7,-65.0,10.0,51.27,0.6241,0.5233,OFFLOAD
9869,"Day 7, 20:29",0.47,46.06,55.07,8.56,8,-65.6,10.0,47.51,0.7029,0.4801,OFFLOAD
9870,"Day 7, 20:30",1.24,45.95,55.64,8.04,7,-67.8,10.0,50.54,0.669,0.4985,OFFLOAD
9871,"Day 7, 20:31",0.14,45.83,58.22,7.1,7,-69.8,10.0,53.47,0.6798,0.5086,OFFLOAD
9872,"Day 7, 20:32",0.64,45.73,42.92,9.16,1,-66.9,10.0,54.84,0.4157,0.577,LOCAL
9873,"Day 7, 20:33",0.99,45.63,40.88,6.59,3,-65.5,10.0,54.39,0.4782,0.5071,LOCAL
9874,"Day 7, 20:34",1.33,45.53,29.14,1.21,5,-66.3,10.0,55.5,0.5067,0.3867,OFFLOAD
9875,"Day 7, 20:35",0.51,45.44,38.24,8.71,5,-65.1,10.0,55.62,0.5399,0.5758,LOCAL
9876,"Day 7, 20:36",1.39,45.32,43.31,9.1,5,-65.4,10.0,58.81,0.5565,0.6295,LOCAL
9877,"Day 7, 20:37",0.75,45.19,34.11,1.39,10,-67.5,10.0,62.13,0.7005,0.489,LOCAL
9878,"Day 7, 20:38",0.73,45.1,30.25,4.65,2,-69.2,10.0,57.66,0.4071,0.5018,LOCAL
9879,"Day 7, 20:39",0.29,45.03,21.11,3.47,1,-68.2,10.0,54.77,0.3409,0.4339,LOCAL
9880,"Day 7, 20:40",0.77,44.94,28.0,7.7,4,-68.6,10.0,54.46,0.4694,0.5357,LOCAL
9881,"Day 7, 20:41",0.07,44.81,30.69,2.72,10,-70.5,10.0,50.24,0.6901,0.3622,OFFLOAD
9882,"Day 7, 20:42",1.17,44.73,35.64,2.81,10,-69.3,10.0,49.51,0.7059,0.3567,OFFLOAD
9883,"Day 7, 20:43",0.83,44.62,56.36,9.41,8,-66.5,10.0,46.62,0.7091,0.4927,OFFLOAD
9884,"Day 7, 20:44",0.3,44.5,58.15,6.01,9,-66.2,10.0,46.76,0.7513,0.4091,OFFLOAD
9885,"Day 7, 20:45",0.1,44.41,39.33,2.33,4,-65.6,10.2,48.93,0.5109,0.3391,OFFLOAD
9886,"Day 7, 20:46",0.21,44.33,33.11,1.44,9,-63.4,10.0,53.45,0.6641,0.3668,OFFLOAD
9887,"Day 7, 20:47",1.01,44.24,40.35,9.33,5,-63.0,10.0,55.93,0.5484,0.5952,LOCAL
9888,"Day 7, 20:48",1.28,44.15,31.31,5.83,2,-64.3,10.0,58.55,0.4115,0.544,LOCAL
9889,"Day 7, 20:49",1.43,44.07,22.26,1.17,4,-62.6,10.0,57.12,0.4497,0.4073,LOCAL
9890,"Day 7, 20:50",1.31,43.96,24.36,3.22,8,-65.0,10.3,53.06,0.5974,0.4076,OFFLOAD
9891,"Day 7, 20:51",1.09,43.87,39.24,9.91,6,-64.1,10.0,54.68,0.5799,0.5937,LOCAL
9892,"Day 7, 20:52",0.42,43.76,41.12,9.85,4,-63.4,10.0,54.55,0.5177,0.5906,LOCAL
9893,"Day 7, 20:53",0.76,43.59,62.29,8.15,10,-65.0,11.0,50.73,0.8015,0.5063,OFFLOAD
9894,"Day 7, 20:54",0.67,43.49,40.95,1.12,4,-65.0,10.0,47.6,0.5171,0.295,OFFLOAD
9895,"Day 7, 20:55",0.85,43.4,40.8,6.85,4,-66.5,10.0,49.55,0.5164,0.4581,OFFLOAD
9896,"Day 7, 20:56",1.33,43.32,40.69,9.13,3,-66.8,10.0,54.39,0.4804,0.5706,LOCAL
9897,"Day 7, 20:57",0.17,43.14,63.3,9.12,10,-65.5,10.0,48.93,0.8066,0.5084,OFFLOAD
9898,"Day 7, 20:58",0.1,43.04,45.16,4.01,2,-64.5,10.0,48.32,0.4634,0.3745,OFFLOAD
9899,"Day 7, 20:59",0.97,42.93,52.46,6.56,8,-62.7,10.0,44.14,0.6977,0.3986,OFFLOAD
9900,"Day 7, 21:00",0.98,42.82,61.69,9.26,7,-63.6,10.0,45.5,0.6952,0.4784,OFFLOAD
9901,"Day 7, 21:01",0.42,42.72,43.52,4.67,2,-62.8,10.0,47.66,0.4576,0.3843,OFFLOAD
9902,"Day 7, 21:02",0.39,42.64,32.65,4.07,3,-61.4,10.0,47.84,0.4547,0.3711,OFFLOAD
9903,"Day 7, 21:03",0.15,42.56,33.41,5.0,5,-61.1,11.0,45.37,0.5279,0.3734,OFFLOAD
9904,"Day 7, 21:04",0.46,42.46,47.47,7.41,8,-63.0,10.0,47.49,0.6818,0.4512,OFFLOAD
9905,"Day 7, 21:05",0.53,42.38,30.49,1.86,4,-61.1,10.0,49.67,0.4824,0.3347,OFFLOAD
9906,"Day 7, 21:06",0.83,42.31,22.4,5.33,1,-61.5,10.0,51.18,0.3487,0.4378,LOCAL
9907,"Day 7, 21:07",1.23,42.25,17.67,3.79,1,-61.1,10.0,51.01,0.3316,0.3974,LOCAL
9908,"Day 7, 21:08",0.38,42.12,39.32,9.07,7,-63.9,10.0,55.44,0.6189,0.5824,LOCAL
9909,"Day 7, 21:09",0.83,42.0,36.46,3.86,7,-64.9,10.0,54.12,0.6084,0.4355,OFFLOAD
9910,"Day 7, 21:10",0.41,41.92,34.9,8.26,3,-63.4,10.0,51.79,0.4637,0.5179,LOCAL
9911,"Day 7, 21:11",0.33,41.82,38.27,9.2,3,-61.2,11.3,52.63,0.4757,0.5547,LOCAL
9912,"Day 7, 21:12",0.77,41.72,32.91,3.15,4,-61.5,10.0,52.38,0.4915,0.3969,OFFLOAD
9913,"Day 7, 21:13",0.2,41.63,36.15,5.28,8,-63.1,10.0,48.59,0.6438,0.409,OFFLOAD
9914,"Day 7, 21:14",0.38,41.53,47.29,7.86,7,-60.8,10.0,45.48,0.6476,0.4432,OFFLOAD
9915,"Day 7, 21:15",1.02,41.42,50.83,8.42,6,-61.0,10.0,42.52,0.6242,0.4311,OFFLOAD
9916,"Day 7, 21:16",0.69,41.32,46.71,3.78,9,-59.1,10.0,42.83,0.7155,0.3177,OFFLOAD
9917,"Day 7, 21:17",0.26,41.22,48.52,7.13,6,-59.1,10.0,48.73,0.6176,0.4566,OFFLOAD
9918,"Day 7, 21:18",1.25,41.13,39.9,4.26,5,-59.5,10.0,50.04,0.5511,0.3986,OFFLOAD
9919,"Day 7, 21:19",1.42,41.04,43.05,4.57,9,-60.0,10.0,52.07,0.702,0.4289,OFFLOAD
9920,"Day 7, 21:20",0.52,40.93,57.45,8.86,8,-58.4,10.0,56.21,0.7189,0.5873,OFFLOAD
9921,"Day 7, 21:21",1.14,40.82,55.26,3.9,9,-61.2,10.0,56.14,0.7455,0.4623,OFFLOAD
9922,"Day 7, 21:22",0.27,40.72,45.72,4.62,5,-62.3,10.0,56.76,0.5735,0.4886,OFFLOAD
9923,"Day 7, 21:23",0.85,40.64,32.5,6.85,1,-62.8,10.3,51.04,0.3865,0.4751,LOCAL
9924,"Day 7, 21:24",0.24,40.51,33.36,3.05,9,-65.2,10.0,55.19,0.6706,0.4287,OFFLOAD
9925,"Day 7, 21:25",0.13,40.4,54.05,9.64,8,-64.7,10.0,58.72,0.7084,0.6418,OFFLOAD
9926,"Day 7, 21:26",0.77,40.3,49.29,4.07,8,-65.2,10.4,60.62,0.6909,0.5324,OFFLOAD
9927,"Day 7, 21:27",1.41,40.19,50.73,5.72,8,-63.6,10.0,57.49,0.6952,0.5262,LOCAL
9928,"Day 7, 21:28",1.4,40.06,44.19,3.69,7,-64.3,10.0,58.94,0.6375,0.4962,OFFLOAD
9929,"Day 7, 21:29",1.12,39.98,39.42,7.99,3,-66.5,10.0,53.77,0.4813,0.5344,LOCAL
9930,"Day 7, 21:30",0.3,39.85,42.41,7.06,6,-65.6,12.0,49.78,0.5982,0.4715,OFFLOAD
9931,"Day 7, 21:31",0.69,39.77,31.92,4.06,2,-65.2,10.0,46.99,0.421,0.3625,OFFLOAD
9932,"Day 7, 21:32",1.11,39.7,26.21,1.65,3,-64.3,10.0,43.93,0.4355,0.274,OFFLOAD
9933,"Day 7, 21:33",1.33,39.62,34.13,4.36,9,-62.8,10.0,44.02,0.673,0.3425,OFFLOAD
9934,"Day 7, 21:34",1.5,39.55,30.3,4.08,5,-65.3,10.0,44.76,0.5195,0.3422,OFFLOAD
9935,"Day 7, 21:35",1.01,39.48,24.88,2.12,6,-64.8,10.0,43.94,0.5364,0.2858,OFFLOAD
9936,"Day 7, 21:36",1.09,39.41,27.53,5.65,4,-65.4,12.4,44.98,0.4756,0.3901,OFFLOAD
9937,"Day 7, 21:37",1.28,39.34,26.79,6.14,4,-66.1,10.0,48.63,0.4728,0.4308,LOCAL
9938,"Day 7, 21:38",1.24,39.24,24.51,1.29,7,-63.5,10.0,46.15,0.5701,0.2852,OFFLOAD
9939,"Day 7, 21:39",0.18,39.17,20.54,1.98,6,-61.7,10.0,42.53,0.5229,0.2701,OFFLOAD
9940,"Day 7, 21:40",1.39,39.1,26.1,1.95,10,-60.9,10.0,43.9,0.6806,0.2812,OFFLOAD
9941,"Day 7, 21:41",1.16,39.03,29.43,4.39,5,-59.0,10.0,45.47,0.5177,0.3563,OFFLOAD
9942,"Day 7, 21:42",1.1,38.94,43.5,8.65,6,-57.4,10.0,49.36,0.6022,0.5011,OFFLOAD
9943,"Day 7, 21:43",0.61,38.84,42.62,4.71,8,-60.6,10.0,48.63,0.67,0.3951,OFFLOAD
9944,"Day 7, 21:44",0.54,38.74,49.66,5.73,8,-59.7,10.0,47.89,0.6949,0.4131,OFFLOAD
9945,"Day 7, 21:45",0.58,38.65,36.22,1.34,5,-58.7,10.0,48.23,0.5429,0.3068,OFFLOAD
9946,"Day 7, 21:46",0.23,38.58,29.41,4.21,2,-60.4,10.0,47.58,0.4147,0.372,LOCAL
9947,"Day 7, 21:47",0.32,38.44,40.89,5.98,9,-62.0,10.0,50.43,0.7,0.4458,OFFLOAD
9948,"Day 7, 21:48",1.09,38.36,29.89,2.12,3,-61.4,10.0,50.53,0.4504,0.3504,OFFLOAD
9949,"Day 7, 21:49",0.37,38.28,36.33,9.99,4,-63.4,10.0,52.12,0.5092,0.5649,LOCAL
9950,"Day 7, 21:50",0.85,38.16,39.25,6.66,5,-63.7,10.0,55.19,0.5539,0.5189,LOCAL
9951,"Day 7, 21:51",1.1,38.07,28.74,2.55,3,-63.5,10.0,56.9,0.4468,0.4388,LOCAL
9952,"Day 7, 21:52",0.82,37.98,26.49,3.94,4,-64.9,10.0,57.69,0.4745,0.4845,LOCAL
9953,"Day 7, 21:53",0.12,37.88,23.59,1.3,6,-65.4,10.0,58.62,0.5356,0.4318,OFFLOAD
9954,"Day 7, 21:54",0.52,37.81,27.85,5.76,5,-65.4,10.0,60.03,0.515,0.5645,LOCAL
9955,"Day 7, 21:55",1.46,37.71,26.54,2.4,5,-67.2,10.0,57.02,0.5091,0.4366,OFFLOAD
9956,"Day 7, 21:56",0.22,37.64,24.47,9.77,1,-66.0,10.0,52.03,0.3639,0.5584,LOCAL
9957,"Day 7, 21:57",0.58,37.5,47.51,8.87,8,-65.4,10.0,49.0,0.6892,0.5029,OFFLOAD
9958,"Day 7, 21:58",1.0,37.42,33.87,3.4,2,-66.4,10.0,53.46,0.4309,0.4159,LOCAL
9959,"Day 7, 21:59",1.05,37.32,26.83,1.58,6,-67.9,10.0,55.79,0.5463,0.3997,OFFLOAD
9960,"Day 7, 22:00",0.92,37.24,32.54,4.03,8,-69.3,10.0,55.08,0.6367,0.4518,OFFLOAD
9961,"Day 7, 22:01",0.94,37.16,35.15,5.02,7,-69.6,10.0,53.66,0.6109,0.4589,OFFLOAD
9962,"Day 7, 22:02",0.2,37.08,34.6,7.62,3,-68.5,10.0,56.47,0.4702,0.5598,LOCAL
9963,"Day 7, 22:03",1.04,36.98,29.87,1.91,5,-65.8,10.0,53.61,0.5225,0.3805,OFFLOAD
9964,"Day 7, 22:04",0.57,36.89,32.77,5.37,6,-66.4,10.0,54.25,0.5685,0.4748,OFFLOAD
9965,"Day 7, 22:05",1.03,36.82,30.45,1.81,7,-64.7,10.0,54.22,0.5948,0.3855,OFFLOAD
9966,"Day 7, 22:06",0.65,36.75,28.08,4.08,2,-67.0,10.0,52.91,0.4122,0.4264,LOCAL
9967,"Day 7, 22:07",0.29,36.64,24.23,1.35,8,-69.1,10.5,56.52,0.6094,0.4051,OFFLOAD
9968,"Day 7, 22:08",1.44,36.57,24.58,1.63,10,-69.5,12.5,57.94,0.679,0.4374,OFFLOAD
9969,"Day 7, 22:09",1.48,36.5,25.4,6.75,3,-67.7,10.3,55.23,0.4369,0.5225,LOCAL
9970,"Day 7, 22:10",0.18,36.35,45.47,7.02,10,-67.4,10.0,51.91,0.7544,0.4883,OFFLOAD
9971,"Day 7, 22:11",0.75,36.27,35.16,1.61,4,-65.9,10.0,52.38,0.5075,0.3584,OFFLOAD
9972,"Day 7, 22:12",0.74,36.18,39.31,4.89,8,-67.5,10.0,49.57,0.6622,0.4094,OFFLOAD
9973,"Day 7, 22:13",0.75,36.09,41.52,9.33,5,-66.3,10.0,51.09,0.5651,0.5368,LOCAL
9974,"Day 7, 22:14",0.64,35.96,40.56,4.05,7,-68.3,10.0,47.13,0.6321,0.3637,OFFLOAD
9975,"Day 7, 22:15",0.15,35.87,38.51,3.3,6,-67.8,10.0,51.05,0.5907,0.3856,OFFLOAD
9976,"Day 7, 22:16",0.09,35.77,49.39,6.4,9,-69.4,10.0,53.58,0.7341,0.4923,LOCAL
9977,"Day 7, 22:17",1.42,35.67,34.32,2.6,3,-69.2,10.0,49.41,0.4695,0.3504,OFFLOAD
9978,"Day 7, 22:18",0.92,35.6,25.98,1.22,6,-68.1,10.0,45.26,0.5461,0.2752,OFFLOAD
9979,"Day 7, 22:19",0.82,35.54,20.42,1.12,6,-67.4,10.0,41.19,0.5269,0.2375,OFFLOAD
9980,"Day 7, 22:20",0.73,35.47,25.86,4.07,5,-66.6,10.0,44.56,0.5112,0.3401,OFFLOAD
9981,"Day 7, 22:21",0.16,35.4,21.7,2.43,3,-66.5,10.0,42.49,0.4276,0.281,OFFLOAD
9982,"Day 7, 22:22",0.54,35.33,23.03,3.6,5,-68.5,10.0,44.35,0.5018,0.3264,OFFLOAD
9983,"Day 7, 22:23",0.61,35.27,18.12,2.65,2,-68.7,10.0,44.77,0.3796,0.3064,OFFLOAD
9984,"Day 7, 22:24",0.81,35.22,17.51,1.35,8,-68.3,10.0,40.65,0.5872,0.2389,OFFLOAD
9985,"Day 7, 22:25",0.9,35.16,17.66,3.81,4,-68.6,10.0,37.89,0.4477,0.2791,OFFLOAD
9986,"Day 7, 22:26",0.69,35.07,35.93,6.99,9,-67.5,10.0,35.03,0.6871,0.3383,OFFLOAD
9987,"Day 7, 22:27",1.29,34.99,37.24,7.1,5,-68.7,10.0,35.05,0.5509,0.3412,OFFLOAD
9988,"Day 7, 22:28",0.64,34.89,46.45,6.14,9,-66.7,10.0,32.7,0.7243,0.3015,LOCAL
9989,"Day 7, 22:29",0.59,34.73,50.55,4.78,10,-67.7,10.0,32.77,0.774,0.268,OFFLOAD
9990,"Day 7, 22:30",1.14,34.64,44.19,4.02,6,-69.8,10.0,30.97,0.611,0.2377,OFFLOAD
9991,"Day 7, 22:31",1.07,34.54,45.05,7.62,5,-71.8,10.0,30.25,0.5793,0.3233,OFFLOAD
9992,"Day 7, 22:32",1.08,34.45,43.35,3.32,10,-72.0,10.7,31.32,0.7484,0.2242,OFFLOAD
9993,"Day 7, 22:33",0.01,34.37,29.35,6.7,1,-70.3,10.0,36.19,0.3862,0.3391,LOCAL
9994,"Day 7, 22:34",1.37,34.25,40.17,7.9,6,-72.1,10.0,33.69,0.5971,0.352,OFFLOAD
9995,"Day 7, 22:35",1.32,34.19,25.63,1.46,1,-70.3,10.0,37.5,0.3715,0.2175,OFFLOAD
9996,"Day 7, 22:36",1.34,34.1,39.26,6.38,9,-69.4,10.8,39.52,0.6993,0.3582,OFFLOAD
9997,"Day 7, 22:37",0.77,34.02,29.08,1.71,3,-70.8,10.0,39.53,0.4546,0.239,OFFLOAD
9998,"Day 7, 22:38",1.27,33.96,23.95,3.5,1,-69.3,10.0,43.74,0.366,0.3185,LOCAL
9999,"Day 7, 22:39",1.31,33.89,18.86,3.45,2,-69.9,10.0,49.2,0.3832,0.3695,LOCAL
10000,"Day 7, 22:40",0.13,33.76,26.45,3.17,10,-70.2,10.0,47.36,0.6917,0.3439,LOCAL
